Time_Stamp,Environment,Service_Name,identified_transaction,Successful_Transactions
2026-07-12T16:00:00Z,prod,checkout-api,Order processed,707
2026-07-12T17:00:00Z,prod,checkout-api,Order processed,649
2026-07-12T18:00:00Z,prod,checkout-api,Order processed,657
2026-07-12T19:00:00Z,prod,checkout-api,Order processed,556
2026-07-12T20:00:00Z,prod,checkout-api,Order processed,533
2026-07-12T21:00:00Z,prod,checkout-api,Order processed,527
2026-07-12T22:00:00Z,prod,checkout-api,Order processed,543
2026-07-12T23:00:00Z,prod,checkout-api,Order processed,545
2026-07-13T00:00:00Z,prod,checkout-api,Order processed,726
2026-07-13T01:00:00Z,prod,checkout-api,Order processed,726
2026-07-13T02:00:00Z,prod,checkout-api,Order processed,743
2026-07-13T03:00:00Z,prod,checkout-api,Order processed,675
2026-07-13T04:00:00Z,prod,checkout-api,Order processed,714
2026-07-13T05:00:00Z,prod,checkout-api,Order processed,705
2026-07-13T06:00:00Z,prod,checkout-api,Order processed,677
2026-07-13T07:00:00Z,prod,checkout-api,Order processed,763
2026-07-13T08:00:00Z,prod,checkout-api,Order processed,836
2026-07-13T09:00:00Z,prod,checkout-api,Order processed,1001
2026-07-13T10:00:00Z,prod,checkout-api,Order processed,1033
2026-07-13T11:00:00Z,prod,checkout-api,Order processed,982
2026-07-13T12:00:00Z,prod,checkout-api,Order processed,1044
2026-07-13T13:00:00Z,prod,checkout-api,Order processed,1059
2026-07-13T14:00:00Z,prod,checkout-api,Order processed,1101
2026-07-13T15:00:00Z,prod,checkout-api,Order processed,1026
2026-07-13T16:00:00Z,prod,checkout-api,Order processed,993
2026-07-13T17:00:00Z,prod,checkout-api,Order processed,970
2026-07-13T18:00:00Z,prod,checkout-api,Order processed,866
2026-07-13T19:00:00Z,prod,checkout-api,Order processed,679
2026-07-13T20:00:00Z,prod,checkout-api,Order processed,669
2026-07-13T21:00:00Z,prod,checkout-api,Order processed,749
2026-07-13T22:00:00Z,prod,checkout-api,Order processed,678
2026-07-13T23:00:00Z,prod,checkout-api,Order processed,759
2026-07-14T00:00:00Z,prod,checkout-api,Order processed,680
2026-07-14T01:00:00Z,prod,checkout-api,Order processed,767
2026-07-14T02:00:00Z,prod,checkout-api,Order processed,656
2026-07-14T03:00:00Z,prod,checkout-api,Order processed,733
2026-07-14T04:00:00Z,prod,checkout-api,Order processed,714
2026-07-14T05:00:00Z,prod,checkout-api,Order processed,707
2026-07-14T06:00:00Z,prod,checkout-api,Order processed,691
2026-07-14T07:00:00Z,prod,checkout-api,Order processed,653
2026-07-14T08:00:00Z,prod,checkout-api,Order processed,770
2026-07-14T09:00:00Z,prod,checkout-api,Order processed,881
2026-07-14T10:00:00Z,prod,checkout-api,Order processed,976
2026-07-14T11:00:00Z,prod,checkout-api,Order processed,1091
2026-07-14T12:00:00Z,prod,checkout-api,Order processed,1070
2026-07-14T13:00:00Z,prod,checkout-api,Order processed,1146
2026-07-14T14:00:00Z,prod,checkout-api,Order processed,1104
2026-07-14T15:00:00Z,prod,checkout-api,Order processed,1070
2026-07-14T16:00:00Z,prod,checkout-api,Order processed,1089
2026-07-14T17:00:00Z,prod,checkout-api,Order processed,1017
2026-07-14T18:00:00Z,prod,checkout-api,Order processed,864
2026-07-14T19:00:00Z,prod,checkout-api,Order processed,661
2026-07-14T20:00:00Z,prod,checkout-api,Order processed,677
2026-07-14T21:00:00Z,prod,checkout-api,Order processed,692
2026-07-14T22:00:00Z,prod,checkout-api,Order processed,673
2026-07-14T23:00:00Z,prod,checkout-api,Order processed,673
2026-07-15T00:00:00Z,prod,checkout-api,Order processed,692
2026-07-15T01:00:00Z,prod,checkout-api,Order processed,702
2026-07-15T02:00:00Z,prod,checkout-api,Order processed,687
2026-07-15T03:00:00Z,prod,checkout-api,Order processed,677
2026-07-15T04:00:00Z,prod,checkout-api,Order processed,677
2026-07-15T05:00:00Z,prod,checkout-api,Order processed,761
2026-07-15T06:00:00Z,prod,checkout-api,Order processed,733
2026-07-15T07:00:00Z,prod,checkout-api,Order processed,730
2026-07-15T08:00:00Z,prod,checkout-api,Order processed,849
2026-07-15T09:00:00Z,prod,checkout-api,Order processed,944
2026-07-15T10:00:00Z,prod,checkout-api,Order processed,925
2026-07-15T11:00:00Z,prod,checkout-api,Order processed,1011
2026-07-15T12:00:00Z,prod,checkout-api,Order processed,1069
2026-07-15T13:00:00Z,prod,checkout-api,Order processed,1212
2026-07-15T14:00:00Z,prod,checkout-api,Order processed,1060
2026-07-15T15:00:00Z,prod,checkout-api,Order processed,1034
2026-07-15T16:00:00Z,prod,checkout-api,Order processed,1026
2026-07-15T17:00:00Z,prod,checkout-api,Order processed,955
2026-07-15T18:00:00Z,prod,checkout-api,Order processed,853
2026-07-15T19:00:00Z,prod,checkout-api,Order processed,767
2026-07-15T20:00:00Z,prod,checkout-api,Order processed,782
2026-07-15T21:00:00Z,prod,checkout-api,Order processed,678
2026-07-15T22:00:00Z,prod,checkout-api,Order processed,784
2026-07-15T23:00:00Z,prod,checkout-api,Order processed,751
2026-07-16T00:00:00Z,prod,checkout-api,Order processed,703
2026-07-16T01:00:00Z,prod,checkout-api,Order processed,715
2026-07-16T02:00:00Z,prod,checkout-api,Order processed,771
2026-07-16T03:00:00Z,prod,checkout-api,Order processed,779
2026-07-16T04:00:00Z,prod,checkout-api,Order processed,799
2026-07-16T05:00:00Z,prod,checkout-api,Order processed,751
2026-07-16T06:00:00Z,prod,checkout-api,Order processed,742
2026-07-16T07:00:00Z,prod,checkout-api,Order processed,728
2026-07-16T08:00:00Z,prod,checkout-api,Order processed,811
2026-07-16T09:00:00Z,prod,checkout-api,Order processed,845
2026-07-16T10:00:00Z,prod,checkout-api,Order processed,996
2026-07-16T11:00:00Z,prod,checkout-api,Order processed,1115
2026-07-16T12:00:00Z,prod,checkout-api,Order processed,1217
2026-07-16T13:00:00Z,prod,checkout-api,Order processed,1104
2026-07-16T14:00:00Z,prod,checkout-api,Order processed,1153
2026-07-16T15:00:00Z,prod,checkout-api,Order processed,1018
2026-07-16T16:00:00Z,prod,checkout-api,Order processed,961
2026-07-16T17:00:00Z,prod,checkout-api,Order processed,939
2026-07-16T18:00:00Z,prod,checkout-api,Order processed,894
2026-07-16T19:00:00Z,prod,checkout-api,Order processed,795
2026-07-16T20:00:00Z,prod,checkout-api,Order processed,669
2026-07-16T21:00:00Z,prod,checkout-api,Order processed,665
2026-07-16T22:00:00Z,prod,checkout-api,Order processed,732
2026-07-16T23:00:00Z,prod,checkout-api,Order processed,758
2026-07-17T00:00:00Z,prod,checkout-api,Order processed,741
2026-07-17T01:00:00Z,prod,checkout-api,Order processed,761
2026-07-17T02:00:00Z,prod,checkout-api,Order processed,715
2026-07-17T03:00:00Z,prod,checkout-api,Order processed,763
2026-07-17T04:00:00Z,prod,checkout-api,Order processed,729
2026-07-17T05:00:00Z,prod,checkout-api,Order processed,721
2026-07-17T06:00:00Z,prod,checkout-api,Order processed,760
2026-07-17T07:00:00Z,prod,checkout-api,Order processed,676
2026-07-17T08:00:00Z,prod,checkout-api,Order processed,879
2026-07-17T09:00:00Z,prod,checkout-api,Order processed,857
2026-07-17T10:00:00Z,prod,checkout-api,Order processed,948
2026-07-17T11:00:00Z,prod,checkout-api,Order processed,1073
2026-07-17T12:00:00Z,prod,checkout-api,Order processed,1175
2026-07-17T13:00:00Z,prod,checkout-api,Order processed,1170
2026-07-17T14:00:00Z,prod,checkout-api,Order processed,1151
2026-07-17T15:00:00Z,prod,checkout-api,Order processed,1018
2026-07-17T16:00:00Z,prod,checkout-api,Order processed,1070
2026-07-17T17:00:00Z,prod,checkout-api,Order processed,938
2026-07-17T18:00:00Z,prod,checkout-api,Order processed,891
2026-07-17T19:00:00Z,prod,checkout-api,Order processed,701
2026-07-17T20:00:00Z,prod,checkout-api,Order processed,724
2026-07-17T21:00:00Z,prod,checkout-api,Order processed,726
2026-07-17T22:00:00Z,prod,checkout-api,Order processed,794
2026-07-17T23:00:00Z,prod,checkout-api,Order processed,680
2026-07-18T00:00:00Z,prod,checkout-api,Order processed,522
2026-07-18T01:00:00Z,prod,checkout-api,Order processed,547
2026-07-18T02:00:00Z,prod,checkout-api,Order processed,575
2026-07-18T03:00:00Z,prod,checkout-api,Order processed,596
2026-07-18T04:00:00Z,prod,checkout-api,Order processed,541
2026-07-18T05:00:00Z,prod,checkout-api,Order processed,592
2026-07-18T06:00:00Z,prod,checkout-api,Order processed,538
2026-07-18T07:00:00Z,prod,checkout-api,Order processed,540
2026-07-18T08:00:00Z,prod,checkout-api,Order processed,684
2026-07-18T09:00:00Z,prod,checkout-api,Order processed,752
2026-07-18T10:00:00Z,prod,checkout-api,Order processed,753
2026-07-18T11:00:00Z,prod,checkout-api,Order processed,754
2026-07-18T12:00:00Z,prod,checkout-api,Order processed,855
2026-07-18T13:00:00Z,prod,checkout-api,Order processed,797
2026-07-18T14:00:00Z,prod,checkout-api,Order processed,818
2026-07-18T15:00:00Z,prod,checkout-api,Order processed,855
2026-07-18T16:00:00Z,prod,checkout-api,Order processed,800
2026-07-18T17:00:00Z,prod,checkout-api,Order processed,711
2026-07-18T18:00:00Z,prod,checkout-api,Order processed,584
2026-07-18T19:00:00Z,prod,checkout-api,Order processed,565
2026-07-18T20:00:00Z,prod,checkout-api,Order processed,535
2026-07-18T21:00:00Z,prod,checkout-api,Order processed,503
2026-07-18T22:00:00Z,prod,checkout-api,Order processed,590
2026-07-18T23:00:00Z,prod,checkout-api,Order processed,509
2026-07-19T00:00:00Z,prod,checkout-api,Order processed,586
2026-07-19T01:00:00Z,prod,checkout-api,Order processed,533
2026-07-19T02:00:00Z,prod,checkout-api,Order processed,594
2026-07-19T03:00:00Z,prod,checkout-api,Order processed,512
2026-07-19T04:00:00Z,prod,checkout-api,Order processed,524
2026-07-19T05:00:00Z,prod,checkout-api,Order processed,525
2026-07-19T06:00:00Z,prod,checkout-api,Order processed,571
2026-07-19T07:00:00Z,prod,checkout-api,Order processed,539
2026-07-19T08:00:00Z,prod,checkout-api,Order processed,679
2026-07-19T09:00:00Z,prod,checkout-api,Order processed,681
2026-07-19T10:00:00Z,prod,checkout-api,Order processed,828
2026-07-19T11:00:00Z,prod,checkout-api,Order processed,883
2026-07-19T12:00:00Z,prod,checkout-api,Order processed,812
2026-07-19T13:00:00Z,prod,checkout-api,Order processed,803
2026-07-19T14:00:00Z,prod,checkout-api,Order processed,903
2026-07-19T15:00:00Z,prod,checkout-api,Order processed,875
2026-07-19T16:00:00Z,prod,checkout-api,Order processed,810
2026-07-19T17:00:00Z,prod,checkout-api,Order processed,733
2026-07-19T18:00:00Z,prod,checkout-api,Order processed,640
2026-07-19T19:00:00Z,prod,checkout-api,Order processed,576
2026-07-19T20:00:00Z,prod,checkout-api,Order processed,510
2026-07-19T21:00:00Z,prod,checkout-api,Order processed,599
2026-07-19T22:00:00Z,prod,checkout-api,Order processed,605
2026-07-19T23:00:00Z,prod,checkout-api,Order processed,521
2026-07-20T00:00:00Z,prod,checkout-api,Order processed,716
2026-07-20T01:00:00Z,prod,checkout-api,Order processed,672
2026-07-20T02:00:00Z,prod,checkout-api,Order processed,742
2026-07-20T03:00:00Z,prod,checkout-api,Order processed,679
2026-07-20T04:00:00Z,prod,checkout-api,Order processed,765
2026-07-20T05:00:00Z,prod,checkout-api,Order processed,737
2026-07-20T06:00:00Z,prod,checkout-api,Order processed,817
2026-07-20T07:00:00Z,prod,checkout-api,Order processed,725
2026-07-20T08:00:00Z,prod,checkout-api,Order processed,861
2026-07-20T09:00:00Z,prod,checkout-api,Order processed,863
2026-07-20T10:00:00Z,prod,checkout-api,Order processed,1119
2026-07-20T11:00:00Z,prod,checkout-api,Order processed,1040
2026-07-20T12:00:00Z,prod,checkout-api,Order processed,1137
2026-07-20T13:00:00Z,prod,checkout-api,Order processed,1130
2026-07-20T14:00:00Z,prod,checkout-api,Order processed,1189
2026-07-20T15:00:00Z,prod,checkout-api,Order processed,1009
2026-07-20T16:00:00Z,prod,checkout-api,Order processed,999
2026-07-20T17:00:00Z,prod,checkout-api,Order processed,899
2026-07-20T18:00:00Z,prod,checkout-api,Order processed,827
2026-07-20T19:00:00Z,prod,checkout-api,Order processed,772
2026-07-20T20:00:00Z,prod,checkout-api,Order processed,815
2026-07-20T21:00:00Z,prod,checkout-api,Order processed,738
2026-07-20T22:00:00Z,prod,checkout-api,Order processed,707
2026-07-20T23:00:00Z,prod,checkout-api,Order processed,724
2026-07-21T00:00:00Z,prod,checkout-api,Order processed,796
2026-07-21T01:00:00Z,prod,checkout-api,Order processed,745
2026-07-21T02:00:00Z,prod,checkout-api,Order processed,803
2026-07-21T03:00:00Z,prod,checkout-api,Order processed,706
2026-07-21T04:00:00Z,prod,checkout-api,Order processed,735
2026-07-21T05:00:00Z,prod,checkout-api,Order processed,779
2026-07-21T06:00:00Z,prod,checkout-api,Order processed,715
2026-07-21T07:00:00Z,prod,checkout-api,Order processed,751
2026-07-21T08:00:00Z,prod,checkout-api,Order processed,863
2026-07-21T09:00:00Z,prod,checkout-api,Order processed,1023
2026-07-21T10:00:00Z,prod,checkout-api,Order processed,1017
2026-07-21T11:00:00Z,prod,checkout-api,Order processed,1081
2026-07-21T12:00:00Z,prod,checkout-api,Order processed,1221
2026-07-21T13:00:00Z,prod,checkout-api,Order processed,1280
2026-07-21T14:00:00Z,prod,checkout-api,Order processed,1189
2026-07-21T15:00:00Z,prod,checkout-api,Order processed,1169
2026-07-21T16:00:00Z,prod,checkout-api,Order processed,1118
2026-07-21T17:00:00Z,prod,checkout-api,Order processed,912
2026-07-21T18:00:00Z,prod,checkout-api,Order processed,832
2026-07-21T19:00:00Z,prod,checkout-api,Order processed,804
2026-07-21T20:00:00Z,prod,checkout-api,Order processed,749
2026-07-21T21:00:00Z,prod,checkout-api,Order processed,728
2026-07-21T22:00:00Z,prod,checkout-api,Order processed,818
2026-07-21T23:00:00Z,prod,checkout-api,Order processed,767
2026-07-22T00:00:00Z,prod,checkout-api,Order processed,782
2026-07-22T01:00:00Z,prod,checkout-api,Order processed,683
2026-07-22T02:00:00Z,prod,checkout-api,Order processed,766
2026-07-22T03:00:00Z,prod,checkout-api,Order processed,774
2026-07-22T04:00:00Z,prod,checkout-api,Order processed,810
2026-07-22T05:00:00Z,prod,checkout-api,Order processed,736
2026-07-22T06:00:00Z,prod,checkout-api,Order processed,731
2026-07-22T07:00:00Z,prod,checkout-api,Order processed,818
2026-07-22T08:00:00Z,prod,checkout-api,Order processed,812
2026-07-22T09:00:00Z,prod,checkout-api,Order processed,1009
2026-07-22T10:00:00Z,prod,checkout-api,Order processed,1081
2026-07-22T11:00:00Z,prod,checkout-api,Order processed,1095
2026-07-22T12:00:00Z,prod,checkout-api,Order processed,1157
2026-07-22T13:00:00Z,prod,checkout-api,Order processed,1249
2026-07-22T14:00:00Z,prod,checkout-api,Order processed,1055
2026-07-22T15:00:00Z,prod,checkout-api,Order processed,1032
2026-07-22T16:00:00Z,prod,checkout-api,Order processed,1136
2026-07-22T17:00:00Z,prod,checkout-api,Order processed,1062
2026-07-22T18:00:00Z,prod,checkout-api,Order processed,883
2026-07-22T19:00:00Z,prod,checkout-api,Order processed,819
2026-07-22T20:00:00Z,prod,checkout-api,Order processed,741
2026-07-22T21:00:00Z,prod,checkout-api,Order processed,826
2026-07-22T22:00:00Z,prod,checkout-api,Order processed,704
2026-07-22T23:00:00Z,prod,checkout-api,Order processed,730
2026-07-23T00:00:00Z,prod,checkout-api,Order processed,694
2026-07-23T01:00:00Z,prod,checkout-api,Order processed,751
2026-07-23T02:00:00Z,prod,checkout-api,Order processed,761
2026-07-23T03:00:00Z,prod,checkout-api,Order processed,744
2026-07-23T04:00:00Z,prod,checkout-api,Order processed,827
2026-07-23T05:00:00Z,prod,checkout-api,Order processed,742
2026-07-23T06:00:00Z,prod,checkout-api,Order processed,797
2026-07-23T07:00:00Z,prod,checkout-api,Order processed,785
2026-07-23T08:00:00Z,prod,checkout-api,Order processed,826
2026-07-23T09:00:00Z,prod,checkout-api,Order processed,940
2026-07-23T10:00:00Z,prod,checkout-api,Order processed,969
2026-07-23T11:00:00Z,prod,checkout-api,Order processed,1034
2026-07-23T12:00:00Z,prod,checkout-api,Order processed,1053
2026-07-23T13:00:00Z,prod,checkout-api,Order processed,1193
2026-07-23T14:00:00Z,prod,checkout-api,Order processed,1191
2026-07-23T15:00:00Z,prod,checkout-api,Order processed,1106
2026-07-23T16:00:00Z,prod,checkout-api,Order processed,1016
2026-07-23T17:00:00Z,prod,checkout-api,Order processed,929
2026-07-23T18:00:00Z,prod,checkout-api,Order processed,828
2026-07-23T19:00:00Z,prod,checkout-api,Order processed,776
2026-07-23T20:00:00Z,prod,checkout-api,Order processed,706
2026-07-23T21:00:00Z,prod,checkout-api,Order processed,806
2026-07-23T22:00:00Z,prod,checkout-api,Order processed,781
2026-07-23T23:00:00Z,prod,checkout-api,Order processed,759
2026-07-24T00:00:00Z,prod,checkout-api,Order processed,689
2026-07-24T01:00:00Z,prod,checkout-api,Order processed,749
2026-07-24T02:00:00Z,prod,checkout-api,Order processed,775
2026-07-24T03:00:00Z,prod,checkout-api,Order processed,818
2026-07-24T04:00:00Z,prod,checkout-api,Order processed,730
2026-07-24T05:00:00Z,prod,checkout-api,Order processed,833
2026-07-24T06:00:00Z,prod,checkout-api,Order processed,750
2026-07-24T07:00:00Z,prod,checkout-api,Order processed,755
2026-07-24T08:00:00Z,prod,checkout-api,Order processed,808
2026-07-24T09:00:00Z,prod,checkout-api,Order processed,972
2026-07-24T10:00:00Z,prod,checkout-api,Order processed,1135
2026-07-24T11:00:00Z,prod,checkout-api,Order processed,1116
2026-07-24T12:00:00Z,prod,checkout-api,Order processed,1110
2026-07-24T13:00:00Z,prod,checkout-api,Order processed,1206
2026-07-24T14:00:00Z,prod,checkout-api,Order processed,1168
2026-07-24T15:00:00Z,prod,checkout-api,Order processed,1201
2026-07-24T16:00:00Z,prod,checkout-api,Order processed,1005
2026-07-24T17:00:00Z,prod,checkout-api,Order processed,998
2026-07-24T18:00:00Z,prod,checkout-api,Order processed,846
2026-07-24T19:00:00Z,prod,checkout-api,Order processed,709
2026-07-24T20:00:00Z,prod,checkout-api,Order processed,766
2026-07-24T21:00:00Z,prod,checkout-api,Order processed,808
2026-07-24T22:00:00Z,prod,checkout-api,Order processed,723
2026-07-24T23:00:00Z,prod,checkout-api,Order processed,838
2026-07-25T00:00:00Z,prod,checkout-api,Order processed,595
2026-07-25T01:00:00Z,prod,checkout-api,Order processed,528
2026-07-25T02:00:00Z,prod,checkout-api,Order processed,587
2026-07-25T03:00:00Z,prod,checkout-api,Order processed,604
2026-07-25T04:00:00Z,prod,checkout-api,Order processed,560
2026-07-25T05:00:00Z,prod,checkout-api,Order processed,530
2026-07-25T06:00:00Z,prod,checkout-api,Order processed,521
2026-07-25T07:00:00Z,prod,checkout-api,Order processed,568
2026-07-25T08:00:00Z,prod,checkout-api,Order processed,619
2026-07-25T09:00:00Z,prod,checkout-api,Order processed,776
2026-07-25T10:00:00Z,prod,checkout-api,Order processed,725
2026-07-25T11:00:00Z,prod,checkout-api,Order processed,838
2026-07-25T12:00:00Z,prod,checkout-api,Order processed,802
2026-07-25T13:00:00Z,prod,checkout-api,Order processed,882
2026-07-25T14:00:00Z,prod,checkout-api,Order processed,877
2026-07-25T15:00:00Z,prod,checkout-api,Order processed,825
2026-07-25T16:00:00Z,prod,checkout-api,Order processed,858
2026-07-25T17:00:00Z,prod,checkout-api,Order processed,794
2026-07-25T18:00:00Z,prod,checkout-api,Order processed,692
2026-07-25T19:00:00Z,prod,checkout-api,Order processed,616
2026-07-25T20:00:00Z,prod,checkout-api,Order processed,573
2026-07-25T21:00:00Z,prod,checkout-api,Order processed,559
2026-07-25T22:00:00Z,prod,checkout-api,Order processed,577
2026-07-25T23:00:00Z,prod,checkout-api,Order processed,538
2026-07-26T00:00:00Z,prod,checkout-api,Order processed,535
2026-07-26T01:00:00Z,prod,checkout-api,Order processed,612
2026-07-26T02:00:00Z,prod,checkout-api,Order processed,564
2026-07-26T03:00:00Z,prod,checkout-api,Order processed,563
2026-07-26T04:00:00Z,prod,checkout-api,Order processed,612
2026-07-26T05:00:00Z,prod,checkout-api,Order processed,551
2026-07-26T06:00:00Z,prod,checkout-api,Order processed,556
2026-07-26T07:00:00Z,prod,checkout-api,Order processed,518
2026-07-26T08:00:00Z,prod,checkout-api,Order processed,633
2026-07-26T09:00:00Z,prod,checkout-api,Order processed,665
2026-07-26T10:00:00Z,prod,checkout-api,Order processed,786
2026-07-26T11:00:00Z,prod,checkout-api,Order processed,936
2026-07-26T12:00:00Z,prod,checkout-api,Order processed,867
2026-07-26T13:00:00Z,prod,checkout-api,Order processed,830
2026-07-26T14:00:00Z,prod,checkout-api,Order processed,967
2026-07-26T15:00:00Z,prod,checkout-api,Order processed,891
2026-07-13T07:00:00Z,staging,checkout-api,Order processed,37
2026-07-13T08:00:00Z,staging,checkout-api,Order processed,41
2026-07-13T09:00:00Z,staging,checkout-api,Order processed,44
2026-07-13T10:00:00Z,staging,checkout-api,Order processed,55
2026-07-13T11:00:00Z,staging,checkout-api,Order processed,55
2026-07-13T12:00:00Z,staging,checkout-api,Order processed,51
2026-07-13T13:00:00Z,staging,checkout-api,Order processed,53
2026-07-13T14:00:00Z,staging,checkout-api,Order processed,51
2026-07-13T15:00:00Z,staging,checkout-api,Order processed,56
2026-07-13T16:00:00Z,staging,checkout-api,Order processed,54
2026-07-13T17:00:00Z,staging,checkout-api,Order processed,47
2026-07-13T18:00:00Z,staging,checkout-api,Order processed,39
2026-07-14T07:00:00Z,staging,checkout-api,Order processed,38
2026-07-14T08:00:00Z,staging,checkout-api,Order processed,41
2026-07-14T09:00:00Z,staging,checkout-api,Order processed,46
2026-07-14T10:00:00Z,staging,checkout-api,Order processed,50
2026-07-14T11:00:00Z,staging,checkout-api,Order processed,52
2026-07-14T12:00:00Z,staging,checkout-api,Order processed,52
2026-07-14T13:00:00Z,staging,checkout-api,Order processed,57
2026-07-14T14:00:00Z,staging,checkout-api,Order processed,60
2026-07-14T15:00:00Z,staging,checkout-api,Order processed,50
2026-07-14T16:00:00Z,staging,checkout-api,Order processed,49
2026-07-14T17:00:00Z,staging,checkout-api,Order processed,47
2026-07-14T18:00:00Z,staging,checkout-api,Order processed,38
2026-07-15T07:00:00Z,staging,checkout-api,Order processed,35
2026-07-15T08:00:00Z,staging,checkout-api,Order processed,38
2026-07-15T09:00:00Z,staging,checkout-api,Order processed,44
2026-07-15T10:00:00Z,staging,checkout-api,Order processed,55
2026-07-15T11:00:00Z,staging,checkout-api,Order processed,59
2026-07-15T12:00:00Z,staging,checkout-api,Order processed,54
2026-07-15T13:00:00Z,staging,checkout-api,Order processed,56
2026-07-15T14:00:00Z,staging,checkout-api,Order processed,56
2026-07-15T15:00:00Z,staging,checkout-api,Order processed,51
2026-07-15T16:00:00Z,staging,checkout-api,Order processed,48
2026-07-15T17:00:00Z,staging,checkout-api,Order processed,45
2026-07-15T18:00:00Z,staging,checkout-api,Order processed,40
2026-07-16T07:00:00Z,staging,checkout-api,Order processed,38
2026-07-16T08:00:00Z,staging,checkout-api,Order processed,40
2026-07-16T09:00:00Z,staging,checkout-api,Order processed,48
2026-07-16T10:00:00Z,staging,checkout-api,Order processed,49
2026-07-16T11:00:00Z,staging,checkout-api,Order processed,55
2026-07-16T12:00:00Z,staging,checkout-api,Order processed,56
2026-07-16T13:00:00Z,staging,checkout-api,Order processed,61
2026-07-16T14:00:00Z,staging,checkout-api,Order processed,51
2026-07-16T15:00:00Z,staging,checkout-api,Order processed,55
2026-07-16T16:00:00Z,staging,checkout-api,Order processed,53
2026-07-16T17:00:00Z,staging,checkout-api,Order processed,43
2026-07-16T18:00:00Z,staging,checkout-api,Order processed,45
2026-07-17T07:00:00Z,staging,checkout-api,Order processed,40
2026-07-17T08:00:00Z,staging,checkout-api,Order processed,41
2026-07-17T09:00:00Z,staging,checkout-api,Order processed,43
2026-07-17T10:00:00Z,staging,checkout-api,Order processed,52
2026-07-17T11:00:00Z,staging,checkout-api,Order processed,53
2026-07-17T12:00:00Z,staging,checkout-api,Order processed,58
2026-07-17T13:00:00Z,staging,checkout-api,Order processed,60
2026-07-17T14:00:00Z,staging,checkout-api,Order processed,58
2026-07-17T15:00:00Z,staging,checkout-api,Order processed,58
2026-07-17T16:00:00Z,staging,checkout-api,Order processed,50
2026-07-17T17:00:00Z,staging,checkout-api,Order processed,46
2026-07-17T18:00:00Z,staging,checkout-api,Order processed,42
2026-07-20T07:00:00Z,staging,checkout-api,Order processed,34
2026-07-20T08:00:00Z,staging,checkout-api,Order processed,44
2026-07-20T09:00:00Z,staging,checkout-api,Order processed,51
2026-07-20T10:00:00Z,staging,checkout-api,Order processed,56
2026-07-20T11:00:00Z,staging,checkout-api,Order processed,51
2026-07-20T12:00:00Z,staging,checkout-api,Order processed,59
2026-07-20T13:00:00Z,staging,checkout-api,Order processed,63
2026-07-20T14:00:00Z,staging,checkout-api,Order processed,53
2026-07-20T15:00:00Z,staging,checkout-api,Order processed,56
2026-07-20T16:00:00Z,staging,checkout-api,Order processed,51
2026-07-20T17:00:00Z,staging,checkout-api,Order processed,50
2026-07-20T18:00:00Z,staging,checkout-api,Order processed,45
2026-07-21T07:00:00Z,staging,checkout-api,Order processed,36
2026-07-21T08:00:00Z,staging,checkout-api,Order processed,41
2026-07-21T09:00:00Z,staging,checkout-api,Order processed,50
2026-07-21T10:00:00Z,staging,checkout-api,Order processed,55
2026-07-21T11:00:00Z,staging,checkout-api,Order processed,55
2026-07-21T12:00:00Z,staging,checkout-api,Order processed,63
2026-07-21T13:00:00Z,staging,checkout-api,Order processed,60
2026-07-21T14:00:00Z,staging,checkout-api,Order processed,63
2026-07-21T15:00:00Z,staging,checkout-api,Order processed,50
2026-07-21T16:00:00Z,staging,checkout-api,Order processed,58
2026-07-21T17:00:00Z,staging,checkout-api,Order processed,49
2026-07-21T18:00:00Z,staging,checkout-api,Order processed,39
2026-07-22T07:00:00Z,staging,checkout-api,Order processed,37
2026-07-22T08:00:00Z,staging,checkout-api,Order processed,47
2026-07-22T09:00:00Z,staging,checkout-api,Order processed,52
2026-07-22T10:00:00Z,staging,checkout-api,Order processed,57
2026-07-22T11:00:00Z,staging,checkout-api,Order processed,60
2026-07-22T12:00:00Z,staging,checkout-api,Order processed,61
2026-07-22T13:00:00Z,staging,checkout-api,Order processed,54
2026-07-22T14:00:00Z,staging,checkout-api,Order processed,63
2026-07-22T15:00:00Z,staging,checkout-api,Order processed,58
2026-07-22T16:00:00Z,staging,checkout-api,Order processed,49
2026-07-22T17:00:00Z,staging,checkout-api,Order processed,45
2026-07-22T18:00:00Z,staging,checkout-api,Order processed,45
2026-07-23T07:00:00Z,staging,checkout-api,Order processed,34
2026-07-23T08:00:00Z,staging,checkout-api,Order processed,41
2026-07-23T09:00:00Z,staging,checkout-api,Order processed,44
2026-07-23T10:00:00Z,staging,checkout-api,Order processed,54
2026-07-23T11:00:00Z,staging,checkout-api,Order processed,55
2026-07-23T12:00:00Z,staging,checkout-api,Order processed,55
2026-07-23T13:00:00Z,staging,checkout-api,Order processed,63
2026-07-23T14:00:00Z,staging,checkout-api,Order processed,53
2026-07-23T15:00:00Z,staging,checkout-api,Order processed,53
2026-07-23T16:00:00Z,staging,checkout-api,Order processed,48
2026-07-23T17:00:00Z,staging,checkout-api,Order processed,51
2026-07-23T18:00:00Z,staging,checkout-api,Order processed,40
2026-07-24T07:00:00Z,staging,checkout-api,Order processed,38
2026-07-24T08:00:00Z,staging,checkout-api,Order processed,41
2026-07-24T09:00:00Z,staging,checkout-api,Order processed,46
2026-07-24T10:00:00Z,staging,checkout-api,Order processed,56
2026-07-24T11:00:00Z,staging,checkout-api,Order processed,58
2026-07-24T12:00:00Z,staging,checkout-api,Order processed,54
2026-07-24T13:00:00Z,staging,checkout-api,Order processed,63
2026-07-24T14:00:00Z,staging,checkout-api,Order processed,53
2026-07-24T15:00:00Z,staging,checkout-api,Order processed,58
2026-07-24T16:00:00Z,staging,checkout-api,Order processed,52
2026-07-24T17:00:00Z,staging,checkout-api,Order processed,48
2026-07-24T18:00:00Z,staging,checkout-api,Order processed,48
2026-07-12T16:00:00Z,prod,billing-worker,Invoice generated,200
2026-07-12T17:00:00Z,prod,billing-worker,Invoice generated,175
2026-07-12T18:00:00Z,prod,billing-worker,Invoice generated,146
2026-07-12T19:00:00Z,prod,billing-worker,Invoice generated,144
2026-07-12T20:00:00Z,prod,billing-worker,Invoice generated,143
2026-07-12T21:00:00Z,prod,billing-worker,Invoice generated,124
2026-07-12T22:00:00Z,prod,billing-worker,Invoice generated,135
2026-07-12T23:00:00Z,prod,billing-worker,Invoice generated,122
2026-07-13T00:00:00Z,prod,billing-worker,Invoice generated,193
2026-07-13T01:00:00Z,prod,billing-worker,Invoice generated,174
2026-07-13T02:00:00Z,prod,billing-worker,Invoice generated,175
2026-07-13T03:00:00Z,prod,billing-worker,Invoice generated,162
2026-07-13T04:00:00Z,prod,billing-worker,Invoice generated,183
2026-07-13T05:00:00Z,prod,billing-worker,Invoice generated,172
2026-07-13T06:00:00Z,prod,billing-worker,Invoice generated,160
2026-07-13T07:00:00Z,prod,billing-worker,Invoice generated,160
2026-07-13T08:00:00Z,prod,billing-worker,Invoice generated,204
2026-07-13T09:00:00Z,prod,billing-worker,Invoice generated,212
2026-07-13T10:00:00Z,prod,billing-worker,Invoice generated,267
2026-07-13T11:00:00Z,prod,billing-worker,Invoice generated,251
2026-07-13T12:00:00Z,prod,billing-worker,Invoice generated,262
2026-07-13T13:00:00Z,prod,billing-worker,Invoice generated,293
2026-07-13T14:00:00Z,prod,billing-worker,Invoice generated,286
2026-07-13T15:00:00Z,prod,billing-worker,Invoice generated,266
2026-07-13T16:00:00Z,prod,billing-worker,Invoice generated,272
2026-07-13T17:00:00Z,prod,billing-worker,Invoice generated,240
2026-07-13T18:00:00Z,prod,billing-worker,Invoice generated,203
2026-07-13T19:00:00Z,prod,billing-worker,Invoice generated,164
2026-07-13T20:00:00Z,prod,billing-worker,Invoice generated,190
2026-07-13T21:00:00Z,prod,billing-worker,Invoice generated,162
2026-07-13T22:00:00Z,prod,billing-worker,Invoice generated,163
2026-07-13T23:00:00Z,prod,billing-worker,Invoice generated,182
2026-07-14T00:00:00Z,prod,billing-worker,Invoice generated,168
2026-07-14T01:00:00Z,prod,billing-worker,Invoice generated,180
2026-07-14T02:00:00Z,prod,billing-worker,Invoice generated,169
2026-07-14T03:00:00Z,prod,billing-worker,Invoice generated,163
2026-07-14T04:00:00Z,prod,billing-worker,Invoice generated,184
2026-07-14T05:00:00Z,prod,billing-worker,Invoice generated,192
2026-07-14T06:00:00Z,prod,billing-worker,Invoice generated,162
2026-07-14T07:00:00Z,prod,billing-worker,Invoice generated,180
2026-07-14T08:00:00Z,prod,billing-worker,Invoice generated,210
2026-07-14T09:00:00Z,prod,billing-worker,Invoice generated,235
2026-07-14T10:00:00Z,prod,billing-worker,Invoice generated,227
2026-07-14T11:00:00Z,prod,billing-worker,Invoice generated,271
2026-07-14T12:00:00Z,prod,billing-worker,Invoice generated,265
2026-07-14T13:00:00Z,prod,billing-worker,Invoice generated,273
2026-07-14T14:00:00Z,prod,billing-worker,Invoice generated,284
2026-07-14T15:00:00Z,prod,billing-worker,Invoice generated,252
2026-07-14T16:00:00Z,prod,billing-worker,Invoice generated,231
2026-07-14T17:00:00Z,prod,billing-worker,Invoice generated,240
2026-07-14T18:00:00Z,prod,billing-worker,Invoice generated,219
2026-07-14T19:00:00Z,prod,billing-worker,Invoice generated,193
2026-07-14T20:00:00Z,prod,billing-worker,Invoice generated,185
2026-07-14T21:00:00Z,prod,billing-worker,Invoice generated,163
2026-07-14T22:00:00Z,prod,billing-worker,Invoice generated,165
2026-07-14T23:00:00Z,prod,billing-worker,Invoice generated,175
2026-07-15T00:00:00Z,prod,billing-worker,Invoice generated,177
2026-07-15T01:00:00Z,prod,billing-worker,Invoice generated,186
2026-07-15T02:00:00Z,prod,billing-worker,Invoice generated,173
2026-07-15T03:00:00Z,prod,billing-worker,Invoice generated,175
2026-07-15T04:00:00Z,prod,billing-worker,Invoice generated,175
2026-07-15T05:00:00Z,prod,billing-worker,Invoice generated,182
2026-07-15T06:00:00Z,prod,billing-worker,Invoice generated,174
2026-07-15T07:00:00Z,prod,billing-worker,Invoice generated,187
2026-07-15T08:00:00Z,prod,billing-worker,Invoice generated,220
2026-07-15T09:00:00Z,prod,billing-worker,Invoice generated,207
2026-07-15T10:00:00Z,prod,billing-worker,Invoice generated,256
2026-07-15T11:00:00Z,prod,billing-worker,Invoice generated,255
2026-07-15T12:00:00Z,prod,billing-worker,Invoice generated,277
2026-07-15T13:00:00Z,prod,billing-worker,Invoice generated,285
2026-07-15T14:00:00Z,prod,billing-worker,Invoice generated,298
2026-07-15T15:00:00Z,prod,billing-worker,Invoice generated,282
2026-07-15T16:00:00Z,prod,billing-worker,Invoice generated,246
2026-07-15T17:00:00Z,prod,billing-worker,Invoice generated,227
2026-07-15T18:00:00Z,prod,billing-worker,Invoice generated,219
2026-07-15T19:00:00Z,prod,billing-worker,Invoice generated,166
2026-07-15T20:00:00Z,prod,billing-worker,Invoice generated,192
2026-07-15T21:00:00Z,prod,billing-worker,Invoice generated,169
2026-07-15T22:00:00Z,prod,billing-worker,Invoice generated,167
2026-07-15T23:00:00Z,prod,billing-worker,Invoice generated,178
2026-07-16T00:00:00Z,prod,billing-worker,Invoice generated,181
2026-07-16T01:00:00Z,prod,billing-worker,Invoice generated,167
2026-07-16T02:00:00Z,prod,billing-worker,Invoice generated,195
2026-07-16T03:00:00Z,prod,billing-worker,Invoice generated,178
2026-07-16T04:00:00Z,prod,billing-worker,Invoice generated,190
2026-07-16T05:00:00Z,prod,billing-worker,Invoice generated,164
2026-07-16T06:00:00Z,prod,billing-worker,Invoice generated,194
2026-07-16T07:00:00Z,prod,billing-worker,Invoice generated,164
2026-07-16T08:00:00Z,prod,billing-worker,Invoice generated,206
2026-07-16T09:00:00Z,prod,billing-worker,Invoice generated,230
2026-07-16T10:00:00Z,prod,billing-worker,Invoice generated,271
2026-07-16T11:00:00Z,prod,billing-worker,Invoice generated,283
2026-07-16T12:00:00Z,prod,billing-worker,Invoice generated,299
2026-07-16T13:00:00Z,prod,billing-worker,Invoice generated,267
2026-07-16T14:00:00Z,prod,billing-worker,Invoice generated,250
2026-07-16T15:00:00Z,prod,billing-worker,Invoice generated,284
2026-07-16T16:00:00Z,prod,billing-worker,Invoice generated,241
2026-07-16T17:00:00Z,prod,billing-worker,Invoice generated,243
2026-07-16T18:00:00Z,prod,billing-worker,Invoice generated,189
2026-07-16T19:00:00Z,prod,billing-worker,Invoice generated,196
2026-07-16T20:00:00Z,prod,billing-worker,Invoice generated,177
2026-07-16T21:00:00Z,prod,billing-worker,Invoice generated,192
2026-07-16T22:00:00Z,prod,billing-worker,Invoice generated,162
2026-07-16T23:00:00Z,prod,billing-worker,Invoice generated,194
2026-07-17T00:00:00Z,prod,billing-worker,Invoice generated,172
2026-07-17T01:00:00Z,prod,billing-worker,Invoice generated,170
2026-07-17T02:00:00Z,prod,billing-worker,Invoice generated,177
2026-07-17T03:00:00Z,prod,billing-worker,Invoice generated,193
2026-07-17T04:00:00Z,prod,billing-worker,Invoice generated,195
2026-07-17T05:00:00Z,prod,billing-worker,Invoice generated,168
2026-07-17T06:00:00Z,prod,billing-worker,Invoice generated,166
2026-07-17T07:00:00Z,prod,billing-worker,Invoice generated,178
2026-07-17T08:00:00Z,prod,billing-worker,Invoice generated,214
2026-07-17T09:00:00Z,prod,billing-worker,Invoice generated,217
2026-07-17T10:00:00Z,prod,billing-worker,Invoice generated,239
2026-07-17T11:00:00Z,prod,billing-worker,Invoice generated,254
2026-07-17T12:00:00Z,prod,billing-worker,Invoice generated,249
2026-07-17T13:00:00Z,prod,billing-worker,Invoice generated,290
2026-07-17T14:00:00Z,prod,billing-worker,Invoice generated,267
2026-07-17T15:00:00Z,prod,billing-worker,Invoice generated,240
2026-07-17T16:00:00Z,prod,billing-worker,Invoice generated,253
2026-07-17T17:00:00Z,prod,billing-worker,Invoice generated,214
2026-07-17T18:00:00Z,prod,billing-worker,Invoice generated,200
2026-07-17T19:00:00Z,prod,billing-worker,Invoice generated,178
2026-07-17T20:00:00Z,prod,billing-worker,Invoice generated,172
2026-07-17T21:00:00Z,prod,billing-worker,Invoice generated,193
2026-07-17T22:00:00Z,prod,billing-worker,Invoice generated,193
2026-07-17T23:00:00Z,prod,billing-worker,Invoice generated,170
2026-07-18T00:00:00Z,prod,billing-worker,Invoice generated,129
2026-07-18T01:00:00Z,prod,billing-worker,Invoice generated,123
2026-07-18T02:00:00Z,prod,billing-worker,Invoice generated,148
2026-07-18T03:00:00Z,prod,billing-worker,Invoice generated,135
2026-07-18T04:00:00Z,prod,billing-worker,Invoice generated,144
2026-07-18T05:00:00Z,prod,billing-worker,Invoice generated,130
2026-07-18T06:00:00Z,prod,billing-worker,Invoice generated,136
2026-07-18T07:00:00Z,prod,billing-worker,Invoice generated,133
2026-07-18T08:00:00Z,prod,billing-worker,Invoice generated,155
2026-07-18T09:00:00Z,prod,billing-worker,Invoice generated,179
2026-07-18T10:00:00Z,prod,billing-worker,Invoice generated,174
2026-07-18T11:00:00Z,prod,billing-worker,Invoice generated,218
2026-07-18T12:00:00Z,prod,billing-worker,Invoice generated,189
2026-07-18T13:00:00Z,prod,billing-worker,Invoice generated,202
2026-07-18T14:00:00Z,prod,billing-worker,Invoice generated,209
2026-07-18T15:00:00Z,prod,billing-worker,Invoice generated,214
2026-07-18T16:00:00Z,prod,billing-worker,Invoice generated,206
2026-07-18T17:00:00Z,prod,billing-worker,Invoice generated,189
2026-07-18T18:00:00Z,prod,billing-worker,Invoice generated,143
2026-07-18T19:00:00Z,prod,billing-worker,Invoice generated,136
2026-07-18T20:00:00Z,prod,billing-worker,Invoice generated,143
2026-07-18T21:00:00Z,prod,billing-worker,Invoice generated,124
2026-07-18T22:00:00Z,prod,billing-worker,Invoice generated,149
2026-07-18T23:00:00Z,prod,billing-worker,Invoice generated,125
2026-07-19T00:00:00Z,prod,billing-worker,Invoice generated,138
2026-07-19T01:00:00Z,prod,billing-worker,Invoice generated,137
2026-07-19T02:00:00Z,prod,billing-worker,Invoice generated,149
2026-07-19T03:00:00Z,prod,billing-worker,Invoice generated,148
2026-07-19T04:00:00Z,prod,billing-worker,Invoice generated,141
2026-07-19T05:00:00Z,prod,billing-worker,Invoice generated,127
2026-07-19T06:00:00Z,prod,billing-worker,Invoice generated,140
2026-07-19T07:00:00Z,prod,billing-worker,Invoice generated,123
2026-07-19T08:00:00Z,prod,billing-worker,Invoice generated,146
2026-07-19T09:00:00Z,prod,billing-worker,Invoice generated,159
2026-07-19T10:00:00Z,prod,billing-worker,Invoice generated,178
2026-07-19T11:00:00Z,prod,billing-worker,Invoice generated,195
2026-07-19T12:00:00Z,prod,billing-worker,Invoice generated,204
2026-07-19T13:00:00Z,prod,billing-worker,Invoice generated,212
2026-07-19T14:00:00Z,prod,billing-worker,Invoice generated,214
2026-07-19T15:00:00Z,prod,billing-worker,Invoice generated,190
2026-07-19T16:00:00Z,prod,billing-worker,Invoice generated,198
2026-07-19T17:00:00Z,prod,billing-worker,Invoice generated,168
2026-07-19T18:00:00Z,prod,billing-worker,Invoice generated,162
2026-07-19T19:00:00Z,prod,billing-worker,Invoice generated,137
2026-07-19T20:00:00Z,prod,billing-worker,Invoice generated,141
2026-07-19T21:00:00Z,prod,billing-worker,Invoice generated,128
2026-07-19T22:00:00Z,prod,billing-worker,Invoice generated,142
2026-07-19T23:00:00Z,prod,billing-worker,Invoice generated,128
2026-07-20T00:00:00Z,prod,billing-worker,Invoice generated,164
2026-07-20T01:00:00Z,prod,billing-worker,Invoice generated,166
2026-07-20T02:00:00Z,prod,billing-worker,Invoice generated,175
2026-07-20T03:00:00Z,prod,billing-worker,Invoice generated,188
2026-07-20T04:00:00Z,prod,billing-worker,Invoice generated,166
2026-07-20T05:00:00Z,prod,billing-worker,Invoice generated,165
2026-07-20T06:00:00Z,prod,billing-worker,Invoice generated,191
2026-07-20T07:00:00Z,prod,billing-worker,Invoice generated,194
2026-07-20T08:00:00Z,prod,billing-worker,Invoice generated,199
2026-07-20T09:00:00Z,prod,billing-worker,Invoice generated,230
2026-07-20T10:00:00Z,prod,billing-worker,Invoice generated,261
2026-07-20T11:00:00Z,prod,billing-worker,Invoice generated,263
2026-07-20T12:00:00Z,prod,billing-worker,Invoice generated,305
2026-07-20T13:00:00Z,prod,billing-worker,Invoice generated,263
2026-07-20T14:00:00Z,prod,billing-worker,Invoice generated,255
2026-07-20T15:00:00Z,prod,billing-worker,Invoice generated,278
2026-07-20T16:00:00Z,prod,billing-worker,Invoice generated,251
2026-07-20T17:00:00Z,prod,billing-worker,Invoice generated,246
2026-07-20T18:00:00Z,prod,billing-worker,Invoice generated,228
2026-07-20T19:00:00Z,prod,billing-worker,Invoice generated,179
2026-07-20T20:00:00Z,prod,billing-worker,Invoice generated,197
2026-07-20T21:00:00Z,prod,billing-worker,Invoice generated,187
2026-07-20T22:00:00Z,prod,billing-worker,Invoice generated,193
2026-07-20T23:00:00Z,prod,billing-worker,Invoice generated,191
2026-07-21T00:00:00Z,prod,billing-worker,Invoice generated,170
2026-07-21T01:00:00Z,prod,billing-worker,Invoice generated,194
2026-07-21T02:00:00Z,prod,billing-worker,Invoice generated,193
2026-07-21T03:00:00Z,prod,billing-worker,Invoice generated,196
2026-07-21T04:00:00Z,prod,billing-worker,Invoice generated,193
2026-07-21T05:00:00Z,prod,billing-worker,Invoice generated,177
2026-07-21T06:00:00Z,prod,billing-worker,Invoice generated,187
2026-07-21T07:00:00Z,prod,billing-worker,Invoice generated,191
2026-07-21T08:00:00Z,prod,billing-worker,Invoice generated,227
2026-07-21T09:00:00Z,prod,billing-worker,Invoice generated,251
2026-07-21T10:00:00Z,prod,billing-worker,Invoice generated,277
2026-07-21T11:00:00Z,prod,billing-worker,Invoice generated,271
2026-07-21T12:00:00Z,prod,billing-worker,Invoice generated,282
2026-07-21T13:00:00Z,prod,billing-worker,Invoice generated,297
2026-07-21T14:00:00Z,prod,billing-worker,Invoice generated,271
2026-07-21T15:00:00Z,prod,billing-worker,Invoice generated,292
2026-07-21T16:00:00Z,prod,billing-worker,Invoice generated,265
2026-07-21T17:00:00Z,prod,billing-worker,Invoice generated,222
2026-07-21T18:00:00Z,prod,billing-worker,Invoice generated,219
2026-07-21T19:00:00Z,prod,billing-worker,Invoice generated,200
2026-07-21T20:00:00Z,prod,billing-worker,Invoice generated,195
2026-07-21T21:00:00Z,prod,billing-worker,Invoice generated,177
2026-07-21T22:00:00Z,prod,billing-worker,Invoice generated,183
2026-07-21T23:00:00Z,prod,billing-worker,Invoice generated,185
2026-07-22T00:00:00Z,prod,billing-worker,Invoice generated,193
2026-07-22T01:00:00Z,prod,billing-worker,Invoice generated,183
2026-07-22T02:00:00Z,prod,billing-worker,Invoice generated,185
2026-07-22T03:00:00Z,prod,billing-worker,Invoice generated,197
2026-07-22T04:00:00Z,prod,billing-worker,Invoice generated,184
2026-07-22T05:00:00Z,prod,billing-worker,Invoice generated,191
2026-07-22T06:00:00Z,prod,billing-worker,Invoice generated,166
2026-07-22T07:00:00Z,prod,billing-worker,Invoice generated,173
2026-07-22T08:00:00Z,prod,billing-worker,Invoice generated,215
2026-07-22T09:00:00Z,prod,billing-worker,Invoice generated,219
2026-07-22T10:00:00Z,prod,billing-worker,Invoice generated,256
2026-07-22T11:00:00Z,prod,billing-worker,Invoice generated,247
2026-07-22T12:00:00Z,prod,billing-worker,Invoice generated,296
2026-07-22T13:00:00Z,prod,billing-worker,Invoice generated,303
2026-07-22T14:00:00Z,prod,billing-worker,Invoice generated,286
2026-07-22T15:00:00Z,prod,billing-worker,Invoice generated,287
2026-07-22T16:00:00Z,prod,billing-worker,Invoice generated,241
2026-07-22T17:00:00Z,prod,billing-worker,Invoice generated,226
2026-07-22T18:00:00Z,prod,billing-worker,Invoice generated,200
2026-07-22T19:00:00Z,prod,billing-worker,Invoice generated,174
2026-07-22T20:00:00Z,prod,billing-worker,Invoice generated,188
2026-07-22T21:00:00Z,prod,billing-worker,Invoice generated,168
2026-07-22T22:00:00Z,prod,billing-worker,Invoice generated,198
2026-07-22T23:00:00Z,prod,billing-worker,Invoice generated,182
2026-07-23T00:00:00Z,prod,billing-worker,Invoice generated,166
2026-07-23T01:00:00Z,prod,billing-worker,Invoice generated,180
2026-07-23T02:00:00Z,prod,billing-worker,Invoice generated,198
2026-07-23T03:00:00Z,prod,billing-worker,Invoice generated,168
2026-07-23T04:00:00Z,prod,billing-worker,Invoice generated,186
2026-07-23T05:00:00Z,prod,billing-worker,Invoice generated,188
2026-07-23T06:00:00Z,prod,billing-worker,Invoice generated,186
2026-07-23T07:00:00Z,prod,billing-worker,Invoice generated,173
2026-07-23T08:00:00Z,prod,billing-worker,Invoice generated,212
2026-07-23T09:00:00Z,prod,billing-worker,Invoice generated,258
2026-07-23T10:00:00Z,prod,billing-worker,Invoice generated,243
2026-07-23T11:00:00Z,prod,billing-worker,Invoice generated,279
2026-07-23T12:00:00Z,prod,billing-worker,Invoice generated,269
2026-07-23T13:00:00Z,prod,billing-worker,Invoice generated,267
2026-07-23T14:00:00Z,prod,billing-worker,Invoice generated,311
2026-07-23T15:00:00Z,prod,billing-worker,Invoice generated,274
2026-07-23T16:00:00Z,prod,billing-worker,Invoice generated,247
2026-07-23T17:00:00Z,prod,billing-worker,Invoice generated,251
2026-07-23T18:00:00Z,prod,billing-worker,Invoice generated,200
2026-07-23T19:00:00Z,prod,billing-worker,Invoice generated,195
2026-07-23T20:00:00Z,prod,billing-worker,Invoice generated,193
2026-07-23T21:00:00Z,prod,billing-worker,Invoice generated,184
2026-07-23T22:00:00Z,prod,billing-worker,Invoice generated,192
2026-07-23T23:00:00Z,prod,billing-worker,Invoice generated,189
2026-07-24T00:00:00Z,prod,billing-worker,Invoice generated,197
2026-07-24T01:00:00Z,prod,billing-worker,Invoice generated,185
2026-07-24T02:00:00Z,prod,billing-worker,Invoice generated,204
2026-07-24T03:00:00Z,prod,billing-worker,Invoice generated,198
2026-07-24T04:00:00Z,prod,billing-worker,Invoice generated,177
2026-07-24T05:00:00Z,prod,billing-worker,Invoice generated,173
2026-07-24T06:00:00Z,prod,billing-worker,Invoice generated,185
2026-07-24T07:00:00Z,prod,billing-worker,Invoice generated,200
2026-07-24T08:00:00Z,prod,billing-worker,Invoice generated,226
2026-07-24T09:00:00Z,prod,billing-worker,Invoice generated,243
2026-07-24T10:00:00Z,prod,billing-worker,Invoice generated,261
2026-07-24T11:00:00Z,prod,billing-worker,Invoice generated,277
2026-07-24T12:00:00Z,prod,billing-worker,Invoice generated,310
2026-07-24T13:00:00Z,prod,billing-worker,Invoice generated,269
2026-07-24T14:00:00Z,prod,billing-worker,Invoice generated,307
2026-07-24T15:00:00Z,prod,billing-worker,Invoice generated,255
2026-07-24T16:00:00Z,prod,billing-worker,Invoice generated,284
2026-07-24T17:00:00Z,prod,billing-worker,Invoice generated,253
2026-07-24T18:00:00Z,prod,billing-worker,Invoice generated,233
2026-07-24T19:00:00Z,prod,billing-worker,Invoice generated,205
2026-07-24T20:00:00Z,prod,billing-worker,Invoice generated,200
2026-07-24T21:00:00Z,prod,billing-worker,Invoice generated,174
2026-07-24T22:00:00Z,prod,billing-worker,Invoice generated,182
2026-07-24T23:00:00Z,prod,billing-worker,Invoice generated,196
2026-07-25T00:00:00Z,prod,billing-worker,Invoice generated,134
2026-07-25T01:00:00Z,prod,billing-worker,Invoice generated,147
2026-07-25T02:00:00Z,prod,billing-worker,Invoice generated,141
2026-07-25T03:00:00Z,prod,billing-worker,Invoice generated,133
2026-07-25T04:00:00Z,prod,billing-worker,Invoice generated,135
2026-07-25T05:00:00Z,prod,billing-worker,Invoice generated,134
2026-07-25T06:00:00Z,prod,billing-worker,Invoice generated,137
2026-07-25T07:00:00Z,prod,billing-worker,Invoice generated,141
2026-07-25T08:00:00Z,prod,billing-worker,Invoice generated,167
2026-07-25T09:00:00Z,prod,billing-worker,Invoice generated,194
2026-07-25T10:00:00Z,prod,billing-worker,Invoice generated,200
2026-07-25T11:00:00Z,prod,billing-worker,Invoice generated,228
2026-07-25T12:00:00Z,prod,billing-worker,Invoice generated,226
2026-07-25T13:00:00Z,prod,billing-worker,Invoice generated,215
2026-07-25T14:00:00Z,prod,billing-worker,Invoice generated,210
2026-07-25T15:00:00Z,prod,billing-worker,Invoice generated,201
2026-07-25T16:00:00Z,prod,billing-worker,Invoice generated,194
2026-07-25T17:00:00Z,prod,billing-worker,Invoice generated,178
2026-07-25T18:00:00Z,prod,billing-worker,Invoice generated,154
2026-07-25T19:00:00Z,prod,billing-worker,Invoice generated,148
2026-07-25T20:00:00Z,prod,billing-worker,Invoice generated,128
2026-07-25T21:00:00Z,prod,billing-worker,Invoice generated,149
2026-07-25T22:00:00Z,prod,billing-worker,Invoice generated,129
2026-07-25T23:00:00Z,prod,billing-worker,Invoice generated,154
2026-07-26T00:00:00Z,prod,billing-worker,Invoice generated,128
2026-07-26T01:00:00Z,prod,billing-worker,Invoice generated,127
2026-07-26T02:00:00Z,prod,billing-worker,Invoice generated,142
2026-07-26T03:00:00Z,prod,billing-worker,Invoice generated,132
2026-07-26T04:00:00Z,prod,billing-worker,Invoice generated,131
2026-07-26T05:00:00Z,prod,billing-worker,Invoice generated,128
2026-07-26T06:00:00Z,prod,billing-worker,Invoice generated,133
2026-07-26T07:00:00Z,prod,billing-worker,Invoice generated,151
2026-07-26T08:00:00Z,prod,billing-worker,Invoice generated,175
2026-07-26T09:00:00Z,prod,billing-worker,Invoice generated,176
2026-07-26T10:00:00Z,prod,billing-worker,Invoice generated,183
2026-07-26T11:00:00Z,prod,billing-worker,Invoice generated,221
2026-07-26T12:00:00Z,prod,billing-worker,Invoice generated,203
2026-07-26T13:00:00Z,prod,billing-worker,Invoice generated,219
2026-07-26T14:00:00Z,prod,billing-worker,Invoice generated,198
2026-07-26T15:00:00Z,prod,billing-worker,Invoice generated,207
2026-07-12T16:00:00Z,prod,fraud-scoring,Fraud check completed,714
2026-07-12T17:00:00Z,prod,fraud-scoring,Fraud check completed,680
2026-07-12T18:00:00Z,prod,fraud-scoring,Fraud check completed,531
2026-07-12T19:00:00Z,prod,fraud-scoring,Fraud check completed,515
2026-07-12T20:00:00Z,prod,fraud-scoring,Fraud check completed,523
2026-07-12T21:00:00Z,prod,fraud-scoring,Fraud check completed,476
2026-07-12T22:00:00Z,prod,fraud-scoring,Fraud check completed,553
2026-07-12T23:00:00Z,prod,fraud-scoring,Fraud check completed,490
2026-07-13T00:00:00Z,prod,fraud-scoring,Fraud check completed,737
2026-07-13T01:00:00Z,prod,fraud-scoring,Fraud check completed,662
2026-07-13T02:00:00Z,prod,fraud-scoring,Fraud check completed,670
2026-07-13T03:00:00Z,prod,fraud-scoring,Fraud check completed,686
2026-07-13T04:00:00Z,prod,fraud-scoring,Fraud check completed,682
2026-07-13T05:00:00Z,prod,fraud-scoring,Fraud check completed,649
2026-07-13T06:00:00Z,prod,fraud-scoring,Fraud check completed,674
2026-07-13T07:00:00Z,prod,fraud-scoring,Fraud check completed,744
2026-07-13T08:00:00Z,prod,fraud-scoring,Fraud check completed,806
2026-07-13T09:00:00Z,prod,fraud-scoring,Fraud check completed,839
2026-07-13T10:00:00Z,prod,fraud-scoring,Fraud check completed,913
2026-07-13T11:00:00Z,prod,fraud-scoring,Fraud check completed,989
2026-07-13T12:00:00Z,prod,fraud-scoring,Fraud check completed,1010
2026-07-13T13:00:00Z,prod,fraud-scoring,Fraud check completed,1151
2026-07-13T14:00:00Z,prod,fraud-scoring,Fraud check completed,1068
2026-07-13T15:00:00Z,prod,fraud-scoring,Fraud check completed,1059
2026-07-13T16:00:00Z,prod,fraud-scoring,Fraud check completed,945
2026-07-13T17:00:00Z,prod,fraud-scoring,Fraud check completed,858
2026-07-13T18:00:00Z,prod,fraud-scoring,Fraud check completed,833
2026-07-13T19:00:00Z,prod,fraud-scoring,Fraud check completed,681
2026-07-13T20:00:00Z,prod,fraud-scoring,Fraud check completed,744
2026-07-13T21:00:00Z,prod,fraud-scoring,Fraud check completed,671
2026-07-13T22:00:00Z,prod,fraud-scoring,Fraud check completed,733
2026-07-13T23:00:00Z,prod,fraud-scoring,Fraud check completed,636
2026-07-14T00:00:00Z,prod,fraud-scoring,Fraud check completed,744
2026-07-14T01:00:00Z,prod,fraud-scoring,Fraud check completed,681
2026-07-14T02:00:00Z,prod,fraud-scoring,Fraud check completed,636
2026-07-14T03:00:00Z,prod,fraud-scoring,Fraud check completed,662
2026-07-14T04:00:00Z,prod,fraud-scoring,Fraud check completed,717
2026-07-14T05:00:00Z,prod,fraud-scoring,Fraud check completed,742
2026-07-14T06:00:00Z,prod,fraud-scoring,Fraud check completed,664
2026-07-14T07:00:00Z,prod,fraud-scoring,Fraud check completed,730
2026-07-14T08:00:00Z,prod,fraud-scoring,Fraud check completed,817
2026-07-14T09:00:00Z,prod,fraud-scoring,Fraud check completed,902
2026-07-14T10:00:00Z,prod,fraud-scoring,Fraud check completed,904
2026-07-14T11:00:00Z,prod,fraud-scoring,Fraud check completed,1096
2026-07-14T12:00:00Z,prod,fraud-scoring,Fraud check completed,1078
2026-07-14T13:00:00Z,prod,fraud-scoring,Fraud check completed,1006
2026-07-14T14:00:00Z,prod,fraud-scoring,Fraud check completed,963
2026-07-14T15:00:00Z,prod,fraud-scoring,Fraud check completed,917
2026-07-14T16:00:00Z,prod,fraud-scoring,Fraud check completed,973
2026-07-14T17:00:00Z,prod,fraud-scoring,Fraud check completed,817
2026-07-14T18:00:00Z,prod,fraud-scoring,Fraud check completed,795
2026-07-14T19:00:00Z,prod,fraud-scoring,Fraud check completed,694
2026-07-14T20:00:00Z,prod,fraud-scoring,Fraud check completed,685
2026-07-14T21:00:00Z,prod,fraud-scoring,Fraud check completed,691
2026-07-14T22:00:00Z,prod,fraud-scoring,Fraud check completed,714
2026-07-14T23:00:00Z,prod,fraud-scoring,Fraud check completed,679
2026-07-15T00:00:00Z,prod,fraud-scoring,Fraud check completed,706
2026-07-15T01:00:00Z,prod,fraud-scoring,Fraud check completed,694
2026-07-15T02:00:00Z,prod,fraud-scoring,Fraud check completed,667
2026-07-15T03:00:00Z,prod,fraud-scoring,Fraud check completed,698
2026-07-15T04:00:00Z,prod,fraud-scoring,Fraud check completed,699
2026-07-15T05:00:00Z,prod,fraud-scoring,Fraud check completed,703
2026-07-15T06:00:00Z,prod,fraud-scoring,Fraud check completed,676
2026-07-15T07:00:00Z,prod,fraud-scoring,Fraud check completed,661
2026-07-15T08:00:00Z,prod,fraud-scoring,Fraud check completed,763
2026-07-15T09:00:00Z,prod,fraud-scoring,Fraud check completed,957
2026-07-15T10:00:00Z,prod,fraud-scoring,Fraud check completed,957
2026-07-15T11:00:00Z,prod,fraud-scoring,Fraud check completed,948
2026-07-15T12:00:00Z,prod,fraud-scoring,Fraud check completed,982
2026-07-15T13:00:00Z,prod,fraud-scoring,Fraud check completed,1088
2026-07-15T14:00:00Z,prod,fraud-scoring,Fraud check completed,1130
2026-07-15T15:00:00Z,prod,fraud-scoring,Fraud check completed,981
2026-07-15T16:00:00Z,prod,fraud-scoring,Fraud check completed,1039
2026-07-15T17:00:00Z,prod,fraud-scoring,Fraud check completed,918
2026-07-15T18:00:00Z,prod,fraud-scoring,Fraud check completed,841
2026-07-15T19:00:00Z,prod,fraud-scoring,Fraud check completed,663
2026-07-15T20:00:00Z,prod,fraud-scoring,Fraud check completed,647
2026-07-15T21:00:00Z,prod,fraud-scoring,Fraud check completed,663
2026-07-15T22:00:00Z,prod,fraud-scoring,Fraud check completed,753
2026-07-15T23:00:00Z,prod,fraud-scoring,Fraud check completed,737
2026-07-16T00:00:00Z,prod,fraud-scoring,Fraud check completed,655
2026-07-16T01:00:00Z,prod,fraud-scoring,Fraud check completed,753
2026-07-16T02:00:00Z,prod,fraud-scoring,Fraud check completed,694
2026-07-16T03:00:00Z,prod,fraud-scoring,Fraud check completed,687
2026-07-16T04:00:00Z,prod,fraud-scoring,Fraud check completed,746
2026-07-16T05:00:00Z,prod,fraud-scoring,Fraud check completed,676
2026-07-16T06:00:00Z,prod,fraud-scoring,Fraud check completed,726
2026-07-16T07:00:00Z,prod,fraud-scoring,Fraud check completed,691
2026-07-16T08:00:00Z,prod,fraud-scoring,Fraud check completed,851
2026-07-16T09:00:00Z,prod,fraud-scoring,Fraud check completed,852
2026-07-16T10:00:00Z,prod,fraud-scoring,Fraud check completed,921
2026-07-16T11:00:00Z,prod,fraud-scoring,Fraud check completed,1093
2026-07-16T12:00:00Z,prod,fraud-scoring,Fraud check completed,963
2026-07-16T13:00:00Z,prod,fraud-scoring,Fraud check completed,1180
2026-07-16T14:00:00Z,prod,fraud-scoring,Fraud check completed,1033
2026-07-16T15:00:00Z,prod,fraud-scoring,Fraud check completed,1093
2026-07-16T16:00:00Z,prod,fraud-scoring,Fraud check completed,987
2026-07-16T17:00:00Z,prod,fraud-scoring,Fraud check completed,871
2026-07-16T18:00:00Z,prod,fraud-scoring,Fraud check completed,853
2026-07-16T19:00:00Z,prod,fraud-scoring,Fraud check completed,629
2026-07-16T20:00:00Z,prod,fraud-scoring,Fraud check completed,685
2026-07-16T21:00:00Z,prod,fraud-scoring,Fraud check completed,710
2026-07-16T22:00:00Z,prod,fraud-scoring,Fraud check completed,650
2026-07-16T23:00:00Z,prod,fraud-scoring,Fraud check completed,639
2026-07-17T00:00:00Z,prod,fraud-scoring,Fraud check completed,725
2026-07-17T01:00:00Z,prod,fraud-scoring,Fraud check completed,643
2026-07-17T02:00:00Z,prod,fraud-scoring,Fraud check completed,658
2026-07-17T03:00:00Z,prod,fraud-scoring,Fraud check completed,680
2026-07-17T04:00:00Z,prod,fraud-scoring,Fraud check completed,707
2026-07-17T05:00:00Z,prod,fraud-scoring,Fraud check completed,641
2026-07-17T06:00:00Z,prod,fraud-scoring,Fraud check completed,671
2026-07-17T07:00:00Z,prod,fraud-scoring,Fraud check completed,632
2026-07-17T08:00:00Z,prod,fraud-scoring,Fraud check completed,856
2026-07-17T09:00:00Z,prod,fraud-scoring,Fraud check completed,826
2026-07-17T10:00:00Z,prod,fraud-scoring,Fraud check completed,1062
2026-07-17T11:00:00Z,prod,fraud-scoring,Fraud check completed,1103
2026-07-17T12:00:00Z,prod,fraud-scoring,Fraud check completed,1042
2026-07-17T13:00:00Z,prod,fraud-scoring,Fraud check completed,1080
2026-07-17T14:00:00Z,prod,fraud-scoring,Fraud check completed,1130
2026-07-17T15:00:00Z,prod,fraud-scoring,Fraud check completed,1092
2026-07-17T16:00:00Z,prod,fraud-scoring,Fraud check completed,933
2026-07-17T17:00:00Z,prod,fraud-scoring,Fraud check completed,868
2026-07-17T18:00:00Z,prod,fraud-scoring,Fraud check completed,857
2026-07-17T19:00:00Z,prod,fraud-scoring,Fraud check completed,651
2026-07-17T20:00:00Z,prod,fraud-scoring,Fraud check completed,655
2026-07-17T21:00:00Z,prod,fraud-scoring,Fraud check completed,631
2026-07-17T22:00:00Z,prod,fraud-scoring,Fraud check completed,678
2026-07-17T23:00:00Z,prod,fraud-scoring,Fraud check completed,723
2026-07-18T00:00:00Z,prod,fraud-scoring,Fraud check completed,567
2026-07-18T01:00:00Z,prod,fraud-scoring,Fraud check completed,473
2026-07-18T02:00:00Z,prod,fraud-scoring,Fraud check completed,477
2026-07-18T03:00:00Z,prod,fraud-scoring,Fraud check completed,526
2026-07-18T04:00:00Z,prod,fraud-scoring,Fraud check completed,495
2026-07-18T05:00:00Z,prod,fraud-scoring,Fraud check completed,526
2026-07-18T06:00:00Z,prod,fraud-scoring,Fraud check completed,544
2026-07-18T07:00:00Z,prod,fraud-scoring,Fraud check completed,481
2026-07-18T08:00:00Z,prod,fraud-scoring,Fraud check completed,571
2026-07-18T09:00:00Z,prod,fraud-scoring,Fraud check completed,709
2026-07-18T10:00:00Z,prod,fraud-scoring,Fraud check completed,769
2026-07-18T11:00:00Z,prod,fraud-scoring,Fraud check completed,788
2026-07-18T12:00:00Z,prod,fraud-scoring,Fraud check completed,871
2026-07-18T13:00:00Z,prod,fraud-scoring,Fraud check completed,849
2026-07-18T14:00:00Z,prod,fraud-scoring,Fraud check completed,812
2026-07-18T15:00:00Z,prod,fraud-scoring,Fraud check completed,742
2026-07-18T16:00:00Z,prod,fraud-scoring,Fraud check completed,761
2026-07-18T17:00:00Z,prod,fraud-scoring,Fraud check completed,613
2026-07-18T18:00:00Z,prod,fraud-scoring,Fraud check completed,639
2026-07-18T19:00:00Z,prod,fraud-scoring,Fraud check completed,572
2026-07-18T20:00:00Z,prod,fraud-scoring,Fraud check completed,497
2026-07-18T21:00:00Z,prod,fraud-scoring,Fraud check completed,546
2026-07-18T22:00:00Z,prod,fraud-scoring,Fraud check completed,569
2026-07-18T23:00:00Z,prod,fraud-scoring,Fraud check completed,551
2026-07-19T00:00:00Z,prod,fraud-scoring,Fraud check completed,494
2026-07-19T01:00:00Z,prod,fraud-scoring,Fraud check completed,565
2026-07-19T02:00:00Z,prod,fraud-scoring,Fraud check completed,487
2026-07-19T03:00:00Z,prod,fraud-scoring,Fraud check completed,558
2026-07-19T04:00:00Z,prod,fraud-scoring,Fraud check completed,510
2026-07-19T05:00:00Z,prod,fraud-scoring,Fraud check completed,572
2026-07-19T06:00:00Z,prod,fraud-scoring,Fraud check completed,565
2026-07-19T07:00:00Z,prod,fraud-scoring,Fraud check completed,492
2026-07-19T08:00:00Z,prod,fraud-scoring,Fraud check completed,586
2026-07-19T09:00:00Z,prod,fraud-scoring,Fraud check completed,658
2026-07-19T10:00:00Z,prod,fraud-scoring,Fraud check completed,672
2026-07-19T11:00:00Z,prod,fraud-scoring,Fraud check completed,752
2026-07-19T12:00:00Z,prod,fraud-scoring,Fraud check completed,740
2026-07-19T13:00:00Z,prod,fraud-scoring,Fraud check completed,765
2026-07-19T14:00:00Z,prod,fraud-scoring,Fraud check completed,785
2026-07-19T15:00:00Z,prod,fraud-scoring,Fraud check completed,812
2026-07-19T16:00:00Z,prod,fraud-scoring,Fraud check completed,665
2026-07-19T17:00:00Z,prod,fraud-scoring,Fraud check completed,698
2026-07-19T18:00:00Z,prod,fraud-scoring,Fraud check completed,631
2026-07-19T19:00:00Z,prod,fraud-scoring,Fraud check completed,536
2026-07-19T20:00:00Z,prod,fraud-scoring,Fraud check completed,480
2026-07-19T21:00:00Z,prod,fraud-scoring,Fraud check completed,575
2026-07-19T22:00:00Z,prod,fraud-scoring,Fraud check completed,514
2026-07-19T23:00:00Z,prod,fraud-scoring,Fraud check completed,477
2026-07-20T00:00:00Z,prod,fraud-scoring,Fraud check completed,659
2026-07-20T01:00:00Z,prod,fraud-scoring,Fraud check completed,639
2026-07-20T02:00:00Z,prod,fraud-scoring,Fraud check completed,664
2026-07-20T03:00:00Z,prod,fraud-scoring,Fraud check completed,671
2026-07-20T04:00:00Z,prod,fraud-scoring,Fraud check completed,655
2026-07-20T05:00:00Z,prod,fraud-scoring,Fraud check completed,697
2026-07-20T06:00:00Z,prod,fraud-scoring,Fraud check completed,733
2026-07-20T07:00:00Z,prod,fraud-scoring,Fraud check completed,772
2026-07-20T08:00:00Z,prod,fraud-scoring,Fraud check completed,727
2026-07-20T09:00:00Z,prod,fraud-scoring,Fraud check completed,841
2026-07-20T10:00:00Z,prod,fraud-scoring,Fraud check completed,911
2026-07-20T11:00:00Z,prod,fraud-scoring,Fraud check completed,972
2026-07-20T12:00:00Z,prod,fraud-scoring,Fraud check completed,983
2026-07-20T13:00:00Z,prod,fraud-scoring,Fraud check completed,1003
2026-07-20T14:00:00Z,prod,fraud-scoring,Fraud check completed,979
2026-07-20T15:00:00Z,prod,fraud-scoring,Fraud check completed,1148
2026-07-20T16:00:00Z,prod,fraud-scoring,Fraud check completed,968
2026-07-20T17:00:00Z,prod,fraud-scoring,Fraud check completed,927
2026-07-20T18:00:00Z,prod,fraud-scoring,Fraud check completed,783
2026-07-20T19:00:00Z,prod,fraud-scoring,Fraud check completed,651
2026-07-20T20:00:00Z,prod,fraud-scoring,Fraud check completed,686
2026-07-20T21:00:00Z,prod,fraud-scoring,Fraud check completed,678
2026-07-20T22:00:00Z,prod,fraud-scoring,Fraud check completed,647
2026-07-20T23:00:00Z,prod,fraud-scoring,Fraud check completed,677
2026-07-21T00:00:00Z,prod,fraud-scoring,Fraud check completed,711
2026-07-21T01:00:00Z,prod,fraud-scoring,Fraud check completed,700
2026-07-21T02:00:00Z,prod,fraud-scoring,Fraud check completed,750
2026-07-21T03:00:00Z,prod,fraud-scoring,Fraud check completed,726
2026-07-21T04:00:00Z,prod,fraud-scoring,Fraud check completed,655
2026-07-21T05:00:00Z,prod,fraud-scoring,Fraud check completed,688
2026-07-21T06:00:00Z,prod,fraud-scoring,Fraud check completed,759
2026-07-21T07:00:00Z,prod,fraud-scoring,Fraud check completed,645
2026-07-21T08:00:00Z,prod,fraud-scoring,Fraud check completed,803
2026-07-21T09:00:00Z,prod,fraud-scoring,Fraud check completed,865
2026-07-21T10:00:00Z,prod,fraud-scoring,Fraud check completed,1066
2026-07-21T11:00:00Z,prod,fraud-scoring,Fraud check completed,1017
2026-07-21T12:00:00Z,prod,fraud-scoring,Fraud check completed,1044
2026-07-21T13:00:00Z,prod,fraud-scoring,Fraud check completed,1121
2026-07-21T14:00:00Z,prod,fraud-scoring,Fraud check completed,1044
2026-07-21T15:00:00Z,prod,fraud-scoring,Fraud check completed,1153
2026-07-21T16:00:00Z,prod,fraud-scoring,Fraud check completed,977
2026-07-21T17:00:00Z,prod,fraud-scoring,Fraud check completed,965
2026-07-21T18:00:00Z,prod,fraud-scoring,Fraud check completed,810
2026-07-21T19:00:00Z,prod,fraud-scoring,Fraud check completed,704
2026-07-21T20:00:00Z,prod,fraud-scoring,Fraud check completed,681
2026-07-21T21:00:00Z,prod,fraud-scoring,Fraud check completed,675
2026-07-21T22:00:00Z,prod,fraud-scoring,Fraud check completed,710
2026-07-21T23:00:00Z,prod,fraud-scoring,Fraud check completed,694
2026-07-22T00:00:00Z,prod,fraud-scoring,Fraud check completed,692
2026-07-22T01:00:00Z,prod,fraud-scoring,Fraud check completed,677
2026-07-22T02:00:00Z,prod,fraud-scoring,Fraud check completed,647
2026-07-22T03:00:00Z,prod,fraud-scoring,Fraud check completed,665
2026-07-22T04:00:00Z,prod,fraud-scoring,Fraud check completed,767
2026-07-22T05:00:00Z,prod,fraud-scoring,Fraud check completed,695
2026-07-22T06:00:00Z,prod,fraud-scoring,Fraud check completed,745
2026-07-22T07:00:00Z,prod,fraud-scoring,Fraud check completed,653
2026-07-22T08:00:00Z,prod,fraud-scoring,Fraud check completed,783
2026-07-22T09:00:00Z,prod,fraud-scoring,Fraud check completed,992
2026-07-22T10:00:00Z,prod,fraud-scoring,Fraud check completed,936
2026-07-22T11:00:00Z,prod,fraud-scoring,Fraud check completed,1155
2026-07-22T12:00:00Z,prod,fraud-scoring,Fraud check completed,1180
2026-07-22T13:00:00Z,prod,fraud-scoring,Fraud check completed,1150
2026-07-22T14:00:00Z,prod,fraud-scoring,Fraud check completed,989
2026-07-22T15:00:00Z,prod,fraud-scoring,Fraud check completed,1059
2026-07-22T16:00:00Z,prod,fraud-scoring,Fraud check completed,966
2026-07-22T17:00:00Z,prod,fraud-scoring,Fraud check completed,895
2026-07-22T18:00:00Z,prod,fraud-scoring,Fraud check completed,881
2026-07-22T19:00:00Z,prod,fraud-scoring,Fraud check completed,715
2026-07-22T20:00:00Z,prod,fraud-scoring,Fraud check completed,772
2026-07-22T21:00:00Z,prod,fraud-scoring,Fraud check completed,668
2026-07-22T22:00:00Z,prod,fraud-scoring,Fraud check completed,663
2026-07-22T23:00:00Z,prod,fraud-scoring,Fraud check completed,670
2026-07-23T00:00:00Z,prod,fraud-scoring,Fraud check completed,749
2026-07-23T01:00:00Z,prod,fraud-scoring,Fraud check completed,699
2026-07-23T02:00:00Z,prod,fraud-scoring,Fraud check completed,744
2026-07-23T03:00:00Z,prod,fraud-scoring,Fraud check completed,645
2026-07-23T04:00:00Z,prod,fraud-scoring,Fraud check completed,669
2026-07-23T05:00:00Z,prod,fraud-scoring,Fraud check completed,747
2026-07-23T06:00:00Z,prod,fraud-scoring,Fraud check completed,768
2026-07-23T07:00:00Z,prod,fraud-scoring,Fraud check completed,697
2026-07-23T08:00:00Z,prod,fraud-scoring,Fraud check completed,736
2026-07-23T09:00:00Z,prod,fraud-scoring,Fraud check completed,923
2026-07-23T10:00:00Z,prod,fraud-scoring,Fraud check completed,917
2026-07-23T11:00:00Z,prod,fraud-scoring,Fraud check completed,969
2026-07-23T12:00:00Z,prod,fraud-scoring,Fraud check completed,1015
2026-07-23T13:00:00Z,prod,fraud-scoring,Fraud check completed,1143
2026-07-23T14:00:00Z,prod,fraud-scoring,Fraud check completed,1046
2026-07-23T15:00:00Z,prod,fraud-scoring,Fraud check completed,1151
2026-07-23T16:00:00Z,prod,fraud-scoring,Fraud check completed,1055
2026-07-23T17:00:00Z,prod,fraud-scoring,Fraud check completed,851
2026-07-23T18:00:00Z,prod,fraud-scoring,Fraud check completed,818
2026-07-23T19:00:00Z,prod,fraud-scoring,Fraud check completed,787
2026-07-23T20:00:00Z,prod,fraud-scoring,Fraud check completed,744
2026-07-23T21:00:00Z,prod,fraud-scoring,Fraud check completed,702
2026-07-23T22:00:00Z,prod,fraud-scoring,Fraud check completed,784
2026-07-23T23:00:00Z,prod,fraud-scoring,Fraud check completed,777
2026-07-24T00:00:00Z,prod,fraud-scoring,Fraud check completed,716
2026-07-24T01:00:00Z,prod,fraud-scoring,Fraud check completed,736
2026-07-24T02:00:00Z,prod,fraud-scoring,Fraud check completed,685
2026-07-24T03:00:00Z,prod,fraud-scoring,Fraud check completed,718
2026-07-24T04:00:00Z,prod,fraud-scoring,Fraud check completed,734
2026-07-24T05:00:00Z,prod,fraud-scoring,Fraud check completed,652
2026-07-24T06:00:00Z,prod,fraud-scoring,Fraud check completed,699
2026-07-24T07:00:00Z,prod,fraud-scoring,Fraud check completed,686
2026-07-24T08:00:00Z,prod,fraud-scoring,Fraud check completed,768
2026-07-24T09:00:00Z,prod,fraud-scoring,Fraud check completed,940
2026-07-24T10:00:00Z,prod,fraud-scoring,Fraud check completed,942
2026-07-24T11:00:00Z,prod,fraud-scoring,Fraud check completed,1169
2026-07-24T12:00:00Z,prod,fraud-scoring,Fraud check completed,1200
2026-07-24T13:00:00Z,prod,fraud-scoring,Fraud check completed,1067
2026-07-24T14:00:00Z,prod,fraud-scoring,Fraud check completed,1114
2026-07-24T15:00:00Z,prod,fraud-scoring,Fraud check completed,1010
2026-07-24T16:00:00Z,prod,fraud-scoring,Fraud check completed,969
2026-07-24T17:00:00Z,prod,fraud-scoring,Fraud check completed,863
2026-07-24T18:00:00Z,prod,fraud-scoring,Fraud check completed,848
2026-07-24T19:00:00Z,prod,fraud-scoring,Fraud check completed,743
2026-07-24T20:00:00Z,prod,fraud-scoring,Fraud check completed,730
2026-07-24T21:00:00Z,prod,fraud-scoring,Fraud check completed,667
2026-07-24T22:00:00Z,prod,fraud-scoring,Fraud check completed,728
2026-07-24T23:00:00Z,prod,fraud-scoring,Fraud check completed,699
2026-07-25T00:00:00Z,prod,fraud-scoring,Fraud check completed,488
2026-07-25T01:00:00Z,prod,fraud-scoring,Fraud check completed,495
2026-07-25T02:00:00Z,prod,fraud-scoring,Fraud check completed,563
2026-07-25T03:00:00Z,prod,fraud-scoring,Fraud check completed,564
2026-07-25T04:00:00Z,prod,fraud-scoring,Fraud check completed,566
2026-07-25T05:00:00Z,prod,fraud-scoring,Fraud check completed,508
2026-07-25T06:00:00Z,prod,fraud-scoring,Fraud check completed,509
2026-07-25T07:00:00Z,prod,fraud-scoring,Fraud check completed,557
2026-07-25T08:00:00Z,prod,fraud-scoring,Fraud check completed,617
2026-07-25T09:00:00Z,prod,fraud-scoring,Fraud check completed,760
2026-07-25T10:00:00Z,prod,fraud-scoring,Fraud check completed,741
2026-07-25T11:00:00Z,prod,fraud-scoring,Fraud check completed,858
2026-07-25T12:00:00Z,prod,fraud-scoring,Fraud check completed,815
2026-07-25T13:00:00Z,prod,fraud-scoring,Fraud check completed,854
2026-07-25T14:00:00Z,prod,fraud-scoring,Fraud check completed,759
2026-07-25T15:00:00Z,prod,fraud-scoring,Fraud check completed,845
2026-07-25T16:00:00Z,prod,fraud-scoring,Fraud check completed,696
2026-07-25T17:00:00Z,prod,fraud-scoring,Fraud check completed,754
2026-07-25T18:00:00Z,prod,fraud-scoring,Fraud check completed,619
2026-07-25T19:00:00Z,prod,fraud-scoring,Fraud check completed,529
2026-07-25T20:00:00Z,prod,fraud-scoring,Fraud check completed,511
2026-07-25T21:00:00Z,prod,fraud-scoring,Fraud check completed,544
2026-07-25T22:00:00Z,prod,fraud-scoring,Fraud check completed,511
2026-07-25T23:00:00Z,prod,fraud-scoring,Fraud check completed,499
2026-07-26T00:00:00Z,prod,fraud-scoring,Fraud check completed,501
2026-07-26T01:00:00Z,prod,fraud-scoring,Fraud check completed,522
2026-07-26T02:00:00Z,prod,fraud-scoring,Fraud check completed,560
2026-07-26T03:00:00Z,prod,fraud-scoring,Fraud check completed,551
2026-07-26T04:00:00Z,prod,fraud-scoring,Fraud check completed,492
2026-07-26T05:00:00Z,prod,fraud-scoring,Fraud check completed,582
2026-07-26T06:00:00Z,prod,fraud-scoring,Fraud check completed,533
2026-07-26T07:00:00Z,prod,fraud-scoring,Fraud check completed,561
2026-07-26T08:00:00Z,prod,fraud-scoring,Fraud check completed,635
2026-07-26T09:00:00Z,prod,fraud-scoring,Fraud check completed,643
2026-07-26T10:00:00Z,prod,fraud-scoring,Fraud check completed,765
2026-07-26T11:00:00Z,prod,fraud-scoring,Fraud check completed,826
2026-07-26T12:00:00Z,prod,fraud-scoring,Fraud check completed,806
2026-07-26T13:00:00Z,prod,fraud-scoring,Fraud check completed,834
2026-07-26T14:00:00Z,prod,fraud-scoring,Fraud check completed,820
2026-07-26T15:00:00Z,prod,fraud-scoring,Fraud check completed,759
2026-07-13T07:00:00Z,staging,fraud-scoring,Fraud check completed,33
2026-07-13T08:00:00Z,staging,fraud-scoring,Fraud check completed,39
2026-07-13T09:00:00Z,staging,fraud-scoring,Fraud check completed,45
2026-07-13T10:00:00Z,staging,fraud-scoring,Fraud check completed,45
2026-07-13T11:00:00Z,staging,fraud-scoring,Fraud check completed,55
2026-07-13T12:00:00Z,staging,fraud-scoring,Fraud check completed,51
2026-07-13T13:00:00Z,staging,fraud-scoring,Fraud check completed,55
2026-07-13T14:00:00Z,staging,fraud-scoring,Fraud check completed,54
2026-07-13T15:00:00Z,staging,fraud-scoring,Fraud check completed,54
2026-07-13T16:00:00Z,staging,fraud-scoring,Fraud check completed,50
2026-07-13T17:00:00Z,staging,fraud-scoring,Fraud check completed,45
2026-07-13T18:00:00Z,staging,fraud-scoring,Fraud check completed,42
2026-07-14T07:00:00Z,staging,fraud-scoring,Fraud check completed,37
2026-07-14T08:00:00Z,staging,fraud-scoring,Fraud check completed,40
2026-07-14T09:00:00Z,staging,fraud-scoring,Fraud check completed,48
2026-07-14T10:00:00Z,staging,fraud-scoring,Fraud check completed,48
2026-07-14T11:00:00Z,staging,fraud-scoring,Fraud check completed,55
2026-07-14T12:00:00Z,staging,fraud-scoring,Fraud check completed,58
2026-07-14T13:00:00Z,staging,fraud-scoring,Fraud check completed,53
2026-07-14T14:00:00Z,staging,fraud-scoring,Fraud check completed,56
2026-07-14T15:00:00Z,staging,fraud-scoring,Fraud check completed,48
2026-07-14T16:00:00Z,staging,fraud-scoring,Fraud check completed,47
2026-07-14T17:00:00Z,staging,fraud-scoring,Fraud check completed,46
2026-07-14T18:00:00Z,staging,fraud-scoring,Fraud check completed,42
2026-07-15T07:00:00Z,staging,fraud-scoring,Fraud check completed,31
2026-07-15T08:00:00Z,staging,fraud-scoring,Fraud check completed,37
2026-07-15T09:00:00Z,staging,fraud-scoring,Fraud check completed,40
2026-07-15T10:00:00Z,staging,fraud-scoring,Fraud check completed,50
2026-07-15T11:00:00Z,staging,fraud-scoring,Fraud check completed,53
2026-07-15T12:00:00Z,staging,fraud-scoring,Fraud check completed,54
2026-07-15T13:00:00Z,staging,fraud-scoring,Fraud check completed,54
2026-07-15T14:00:00Z,staging,fraud-scoring,Fraud check completed,50
2026-07-15T15:00:00Z,staging,fraud-scoring,Fraud check completed,46
2026-07-15T16:00:00Z,staging,fraud-scoring,Fraud check completed,44
2026-07-15T17:00:00Z,staging,fraud-scoring,Fraud check completed,42
2026-07-15T18:00:00Z,staging,fraud-scoring,Fraud check completed,41
2026-07-16T07:00:00Z,staging,fraud-scoring,Fraud check completed,33
2026-07-16T08:00:00Z,staging,fraud-scoring,Fraud check completed,41
2026-07-16T09:00:00Z,staging,fraud-scoring,Fraud check completed,45
2026-07-16T10:00:00Z,staging,fraud-scoring,Fraud check completed,52
2026-07-16T11:00:00Z,staging,fraud-scoring,Fraud check completed,47
2026-07-16T12:00:00Z,staging,fraud-scoring,Fraud check completed,51
2026-07-16T13:00:00Z,staging,fraud-scoring,Fraud check completed,53
2026-07-16T14:00:00Z,staging,fraud-scoring,Fraud check completed,57
2026-07-16T15:00:00Z,staging,fraud-scoring,Fraud check completed,49
2026-07-16T16:00:00Z,staging,fraud-scoring,Fraud check completed,50
2026-07-16T17:00:00Z,staging,fraud-scoring,Fraud check completed,42
2026-07-16T18:00:00Z,staging,fraud-scoring,Fraud check completed,38
2026-07-17T07:00:00Z,staging,fraud-scoring,Fraud check completed,36
2026-07-17T08:00:00Z,staging,fraud-scoring,Fraud check completed,37
2026-07-17T09:00:00Z,staging,fraud-scoring,Fraud check completed,44
2026-07-17T10:00:00Z,staging,fraud-scoring,Fraud check completed,45
2026-07-17T11:00:00Z,staging,fraud-scoring,Fraud check completed,56
2026-07-17T12:00:00Z,staging,fraud-scoring,Fraud check completed,49
2026-07-17T13:00:00Z,staging,fraud-scoring,Fraud check completed,56
2026-07-17T14:00:00Z,staging,fraud-scoring,Fraud check completed,53
2026-07-17T15:00:00Z,staging,fraud-scoring,Fraud check completed,51
2026-07-17T16:00:00Z,staging,fraud-scoring,Fraud check completed,53
2026-07-17T17:00:00Z,staging,fraud-scoring,Fraud check completed,45
2026-07-17T18:00:00Z,staging,fraud-scoring,Fraud check completed,39
2026-07-20T07:00:00Z,staging,fraud-scoring,Fraud check completed,37
2026-07-20T08:00:00Z,staging,fraud-scoring,Fraud check completed,44
2026-07-20T09:00:00Z,staging,fraud-scoring,Fraud check completed,45
2026-07-20T10:00:00Z,staging,fraud-scoring,Fraud check completed,46
2026-07-20T11:00:00Z,staging,fraud-scoring,Fraud check completed,53
2026-07-20T12:00:00Z,staging,fraud-scoring,Fraud check completed,56
2026-07-20T13:00:00Z,staging,fraud-scoring,Fraud check completed,59
2026-07-20T14:00:00Z,staging,fraud-scoring,Fraud check completed,59
2026-07-20T15:00:00Z,staging,fraud-scoring,Fraud check completed,53
2026-07-20T16:00:00Z,staging,fraud-scoring,Fraud check completed,51
2026-07-20T17:00:00Z,staging,fraud-scoring,Fraud check completed,47
2026-07-20T18:00:00Z,staging,fraud-scoring,Fraud check completed,44
2026-07-21T07:00:00Z,staging,fraud-scoring,Fraud check completed,37
2026-07-21T08:00:00Z,staging,fraud-scoring,Fraud check completed,42
2026-07-21T09:00:00Z,staging,fraud-scoring,Fraud check completed,43
2026-07-21T10:00:00Z,staging,fraud-scoring,Fraud check completed,52
2026-07-21T11:00:00Z,staging,fraud-scoring,Fraud check completed,51
2026-07-21T12:00:00Z,staging,fraud-scoring,Fraud check completed,55
2026-07-21T13:00:00Z,staging,fraud-scoring,Fraud check completed,57
2026-07-21T14:00:00Z,staging,fraud-scoring,Fraud check completed,57
2026-07-21T15:00:00Z,staging,fraud-scoring,Fraud check completed,48
2026-07-21T16:00:00Z,staging,fraud-scoring,Fraud check completed,47
2026-07-21T17:00:00Z,staging,fraud-scoring,Fraud check completed,43
2026-07-21T18:00:00Z,staging,fraud-scoring,Fraud check completed,41
2026-07-22T07:00:00Z,staging,fraud-scoring,Fraud check completed,38
2026-07-22T08:00:00Z,staging,fraud-scoring,Fraud check completed,44
2026-07-22T09:00:00Z,staging,fraud-scoring,Fraud check completed,44
2026-07-22T10:00:00Z,staging,fraud-scoring,Fraud check completed,48
2026-07-22T11:00:00Z,staging,fraud-scoring,Fraud check completed,58
2026-07-22T12:00:00Z,staging,fraud-scoring,Fraud check completed,60
2026-07-22T13:00:00Z,staging,fraud-scoring,Fraud check completed,58
2026-07-22T14:00:00Z,staging,fraud-scoring,Fraud check completed,56
2026-07-22T15:00:00Z,staging,fraud-scoring,Fraud check completed,50
2026-07-22T16:00:00Z,staging,fraud-scoring,Fraud check completed,47
2026-07-22T17:00:00Z,staging,fraud-scoring,Fraud check completed,47
2026-07-22T18:00:00Z,staging,fraud-scoring,Fraud check completed,40
2026-07-23T07:00:00Z,staging,fraud-scoring,Fraud check completed,35
2026-07-23T08:00:00Z,staging,fraud-scoring,Fraud check completed,39
2026-07-23T09:00:00Z,staging,fraud-scoring,Fraud check completed,45
2026-07-23T10:00:00Z,staging,fraud-scoring,Fraud check completed,47
2026-07-23T11:00:00Z,staging,fraud-scoring,Fraud check completed,57
2026-07-23T12:00:00Z,staging,fraud-scoring,Fraud check completed,50
2026-07-23T13:00:00Z,staging,fraud-scoring,Fraud check completed,58
2026-07-23T14:00:00Z,staging,fraud-scoring,Fraud check completed,52
2026-07-23T15:00:00Z,staging,fraud-scoring,Fraud check completed,58
2026-07-23T16:00:00Z,staging,fraud-scoring,Fraud check completed,49
2026-07-23T17:00:00Z,staging,fraud-scoring,Fraud check completed,45
2026-07-23T18:00:00Z,staging,fraud-scoring,Fraud check completed,42
2026-07-24T07:00:00Z,staging,fraud-scoring,Fraud check completed,38
2026-07-24T08:00:00Z,staging,fraud-scoring,Fraud check completed,44
2026-07-24T09:00:00Z,staging,fraud-scoring,Fraud check completed,44
2026-07-24T10:00:00Z,staging,fraud-scoring,Fraud check completed,50
2026-07-24T11:00:00Z,staging,fraud-scoring,Fraud check completed,54
2026-07-24T12:00:00Z,staging,fraud-scoring,Fraud check completed,55
2026-07-24T13:00:00Z,staging,fraud-scoring,Fraud check completed,61
2026-07-24T14:00:00Z,staging,fraud-scoring,Fraud check completed,50
2026-07-24T15:00:00Z,staging,fraud-scoring,Fraud check completed,57
2026-07-24T16:00:00Z,staging,fraud-scoring,Fraud check completed,46
2026-07-24T17:00:00Z,staging,fraud-scoring,Fraud check completed,44
2026-07-24T18:00:00Z,staging,fraud-scoring,Fraud check completed,42
2026-07-12T16:00:00Z,prod,search-api,Search completed,3862
2026-07-12T17:00:00Z,prod,search-api,Search completed,2959
2026-07-12T18:00:00Z,prod,search-api,Search completed,2765
2026-07-12T19:00:00Z,prod,search-api,Search completed,2440
2026-07-12T20:00:00Z,prod,search-api,Search completed,2398
2026-07-12T21:00:00Z,prod,search-api,Search completed,2386
2026-07-12T22:00:00Z,prod,search-api,Search completed,2729
2026-07-12T23:00:00Z,prod,search-api,Search completed,2563
2026-07-13T00:00:00Z,prod,search-api,Search completed,3294
2026-07-13T01:00:00Z,prod,search-api,Search completed,3316
2026-07-13T02:00:00Z,prod,search-api,Search completed,3430
2026-07-13T03:00:00Z,prod,search-api,Search completed,3649
2026-07-13T04:00:00Z,prod,search-api,Search completed,3114
2026-07-13T05:00:00Z,prod,search-api,Search completed,3161
2026-07-13T06:00:00Z,prod,search-api,Search completed,3400
2026-07-13T07:00:00Z,prod,search-api,Search completed,3070
2026-07-13T08:00:00Z,prod,search-api,Search completed,3561
2026-07-13T09:00:00Z,prod,search-api,Search completed,4659
2026-07-13T10:00:00Z,prod,search-api,Search completed,4965
2026-07-13T11:00:00Z,prod,search-api,Search completed,5203
2026-07-13T12:00:00Z,prod,search-api,Search completed,5419
2026-07-13T13:00:00Z,prod,search-api,Search completed,4810
2026-07-13T14:00:00Z,prod,search-api,Search completed,5326
2026-07-13T15:00:00Z,prod,search-api,Search completed,4507
2026-07-13T16:00:00Z,prod,search-api,Search completed,4302
2026-07-13T17:00:00Z,prod,search-api,Search completed,4259
2026-07-13T18:00:00Z,prod,search-api,Search completed,4080
2026-07-13T19:00:00Z,prod,search-api,Search completed,3680
2026-07-13T20:00:00Z,prod,search-api,Search completed,3529
2026-07-13T21:00:00Z,prod,search-api,Search completed,3064
2026-07-13T22:00:00Z,prod,search-api,Search completed,3135
2026-07-13T23:00:00Z,prod,search-api,Search completed,3053
2026-07-14T00:00:00Z,prod,search-api,Search completed,3027
2026-07-14T01:00:00Z,prod,search-api,Search completed,3074
2026-07-14T02:00:00Z,prod,search-api,Search completed,3306
2026-07-14T03:00:00Z,prod,search-api,Search completed,3390
2026-07-14T04:00:00Z,prod,search-api,Search completed,3027
2026-07-14T05:00:00Z,prod,search-api,Search completed,3255
2026-07-14T06:00:00Z,prod,search-api,Search completed,3151
2026-07-14T07:00:00Z,prod,search-api,Search completed,3293
2026-07-14T08:00:00Z,prod,search-api,Search completed,3673
2026-07-14T09:00:00Z,prod,search-api,Search completed,4196
2026-07-14T10:00:00Z,prod,search-api,Search completed,4278
2026-07-14T11:00:00Z,prod,search-api,Search completed,4579
2026-07-14T12:00:00Z,prod,search-api,Search completed,5391
2026-07-14T13:00:00Z,prod,search-api,Search completed,5273
2026-07-14T14:00:00Z,prod,search-api,Search completed,5425
2026-07-14T15:00:00Z,prod,search-api,Search completed,5423
2026-07-14T16:00:00Z,prod,search-api,Search completed,4686
2026-07-14T17:00:00Z,prod,search-api,Search completed,4321
2026-07-14T18:00:00Z,prod,search-api,Search completed,3822
2026-07-14T19:00:00Z,prod,search-api,Search completed,3278
2026-07-14T20:00:00Z,prod,search-api,Search completed,3488
2026-07-14T21:00:00Z,prod,search-api,Search completed,3492
2026-07-14T22:00:00Z,prod,search-api,Search completed,3217
2026-07-14T23:00:00Z,prod,search-api,Search completed,3197
2026-07-15T00:00:00Z,prod,search-api,Search completed,3434
2026-07-15T01:00:00Z,prod,search-api,Search completed,3241
2026-07-15T02:00:00Z,prod,search-api,Search completed,3393
2026-07-15T03:00:00Z,prod,search-api,Search completed,3316
2026-07-15T04:00:00Z,prod,search-api,Search completed,3633
2026-07-15T05:00:00Z,prod,search-api,Search completed,3200
2026-07-15T06:00:00Z,prod,search-api,Search completed,3274
2026-07-15T07:00:00Z,prod,search-api,Search completed,3671
2026-07-15T08:00:00Z,prod,search-api,Search completed,3677
2026-07-15T09:00:00Z,prod,search-api,Search completed,4192
2026-07-15T10:00:00Z,prod,search-api,Search completed,4972
2026-07-15T11:00:00Z,prod,search-api,Search completed,5444
2026-07-15T12:00:00Z,prod,search-api,Search completed,5048
2026-07-15T13:00:00Z,prod,search-api,Search completed,5192
2026-07-15T14:00:00Z,prod,search-api,Search completed,5508
2026-07-15T15:00:00Z,prod,search-api,Search completed,5464
2026-07-15T16:00:00Z,prod,search-api,Search completed,4352
2026-07-15T17:00:00Z,prod,search-api,Search completed,3956
2026-07-15T18:00:00Z,prod,search-api,Search completed,3788
2026-07-15T19:00:00Z,prod,search-api,Search completed,3479
2026-07-15T20:00:00Z,prod,search-api,Search completed,3560
2026-07-15T21:00:00Z,prod,search-api,Search completed,3578
2026-07-15T22:00:00Z,prod,search-api,Search completed,3066
2026-07-15T23:00:00Z,prod,search-api,Search completed,3038
2026-07-16T00:00:00Z,prod,search-api,Search completed,3386
2026-07-16T01:00:00Z,prod,search-api,Search completed,3316
2026-07-16T02:00:00Z,prod,search-api,Search completed,3363
2026-07-16T03:00:00Z,prod,search-api,Search completed,3556
2026-07-16T04:00:00Z,prod,search-api,Search completed,3126
2026-07-16T05:00:00Z,prod,search-api,Search completed,3527
2026-07-16T06:00:00Z,prod,search-api,Search completed,3608
2026-07-16T07:00:00Z,prod,search-api,Search completed,3473
2026-07-16T08:00:00Z,prod,search-api,Search completed,4058
2026-07-16T09:00:00Z,prod,search-api,Search completed,4421
2026-07-16T10:00:00Z,prod,search-api,Search completed,4698
2026-07-16T11:00:00Z,prod,search-api,Search completed,4498
2026-07-16T12:00:00Z,prod,search-api,Search completed,4731
2026-07-16T13:00:00Z,prod,search-api,Search completed,5071
2026-07-16T14:00:00Z,prod,search-api,Search completed,5668
2026-07-16T15:00:00Z,prod,search-api,Search completed,4575
2026-07-16T16:00:00Z,prod,search-api,Search completed,4546
2026-07-16T17:00:00Z,prod,search-api,Search completed,4188
2026-07-16T18:00:00Z,prod,search-api,Search completed,3769
2026-07-16T19:00:00Z,prod,search-api,Search completed,3251
2026-07-16T20:00:00Z,prod,search-api,Search completed,3574
2026-07-16T21:00:00Z,prod,search-api,Search completed,3573
2026-07-16T22:00:00Z,prod,search-api,Search completed,3279
2026-07-16T23:00:00Z,prod,search-api,Search completed,3685
2026-07-17T00:00:00Z,prod,search-api,Search completed,3243
2026-07-17T01:00:00Z,prod,search-api,Search completed,3682
2026-07-17T02:00:00Z,prod,search-api,Search completed,3075
2026-07-17T03:00:00Z,prod,search-api,Search completed,3271
2026-07-17T04:00:00Z,prod,search-api,Search completed,3203
2026-07-17T05:00:00Z,prod,search-api,Search completed,3409
2026-07-17T06:00:00Z,prod,search-api,Search completed,3117
2026-07-17T07:00:00Z,prod,search-api,Search completed,3090
2026-07-17T08:00:00Z,prod,search-api,Search completed,3757
2026-07-17T09:00:00Z,prod,search-api,Search completed,3999
2026-07-17T10:00:00Z,prod,search-api,Search completed,4598
2026-07-17T11:00:00Z,prod,search-api,Search completed,4620
2026-07-17T12:00:00Z,prod,search-api,Search completed,4730
2026-07-17T13:00:00Z,prod,search-api,Search completed,5247
2026-07-17T14:00:00Z,prod,search-api,Search completed,4900
2026-07-17T15:00:00Z,prod,search-api,Search completed,5332
2026-07-17T16:00:00Z,prod,search-api,Search completed,4806
2026-07-17T17:00:00Z,prod,search-api,Search completed,3923
2026-07-17T18:00:00Z,prod,search-api,Search completed,3952
2026-07-17T19:00:00Z,prod,search-api,Search completed,3138
2026-07-17T20:00:00Z,prod,search-api,Search completed,3648
2026-07-17T21:00:00Z,prod,search-api,Search completed,3302
2026-07-17T22:00:00Z,prod,search-api,Search completed,3627
2026-07-17T23:00:00Z,prod,search-api,Search completed,3636
2026-07-18T00:00:00Z,prod,search-api,Search completed,2289
2026-07-18T01:00:00Z,prod,search-api,Search completed,2319
2026-07-18T02:00:00Z,prod,search-api,Search completed,2272
2026-07-18T03:00:00Z,prod,search-api,Search completed,2544
2026-07-18T04:00:00Z,prod,search-api,Search completed,2312
2026-07-18T05:00:00Z,prod,search-api,Search completed,2478
2026-07-18T06:00:00Z,prod,search-api,Search completed,2347
2026-07-18T07:00:00Z,prod,search-api,Search completed,2472
2026-07-18T08:00:00Z,prod,search-api,Search completed,2731
2026-07-18T09:00:00Z,prod,search-api,Search completed,3137
2026-07-18T10:00:00Z,prod,search-api,Search completed,3357
2026-07-18T11:00:00Z,prod,search-api,Search completed,3405
2026-07-18T12:00:00Z,prod,search-api,Search completed,3881
2026-07-18T13:00:00Z,prod,search-api,Search completed,3945
2026-07-18T14:00:00Z,prod,search-api,Search completed,4029
2026-07-18T15:00:00Z,prod,search-api,Search completed,3537
2026-07-18T16:00:00Z,prod,search-api,Search completed,3430
2026-07-18T17:00:00Z,prod,search-api,Search completed,2954
2026-07-18T18:00:00Z,prod,search-api,Search completed,2719
2026-07-18T19:00:00Z,prod,search-api,Search completed,2396
2026-07-18T20:00:00Z,prod,search-api,Search completed,2519
2026-07-18T21:00:00Z,prod,search-api,Search completed,2669
2026-07-18T22:00:00Z,prod,search-api,Search completed,2302
2026-07-18T23:00:00Z,prod,search-api,Search completed,2730
2026-07-19T00:00:00Z,prod,search-api,Search completed,2677
2026-07-19T01:00:00Z,prod,search-api,Search completed,2492
2026-07-19T02:00:00Z,prod,search-api,Search completed,2428
2026-07-19T03:00:00Z,prod,search-api,Search completed,2711
2026-07-19T04:00:00Z,prod,search-api,Search completed,2703
2026-07-19T05:00:00Z,prod,search-api,Search completed,2552
2026-07-19T06:00:00Z,prod,search-api,Search completed,2388
2026-07-19T07:00:00Z,prod,search-api,Search completed,2503
2026-07-19T08:00:00Z,prod,search-api,Search completed,2956
2026-07-19T09:00:00Z,prod,search-api,Search completed,3206
2026-07-19T10:00:00Z,prod,search-api,Search completed,3277
2026-07-19T11:00:00Z,prod,search-api,Search completed,3509
2026-07-19T12:00:00Z,prod,search-api,Search completed,3748
2026-07-19T13:00:00Z,prod,search-api,Search completed,3889
2026-07-19T14:00:00Z,prod,search-api,Search completed,3586
2026-07-19T15:00:00Z,prod,search-api,Search completed,3721
2026-07-19T16:00:00Z,prod,search-api,Search completed,3291
2026-07-19T17:00:00Z,prod,search-api,Search completed,3387
2026-07-19T18:00:00Z,prod,search-api,Search completed,2752
2026-07-19T19:00:00Z,prod,search-api,Search completed,2374
2026-07-19T20:00:00Z,prod,search-api,Search completed,2619
2026-07-19T21:00:00Z,prod,search-api,Search completed,2702
2026-07-19T22:00:00Z,prod,search-api,Search completed,2432
2026-07-19T23:00:00Z,prod,search-api,Search completed,2362
2026-07-20T00:00:00Z,prod,search-api,Search completed,3402
2026-07-20T01:00:00Z,prod,search-api,Search completed,3254
2026-07-20T02:00:00Z,prod,search-api,Search completed,3521
2026-07-20T03:00:00Z,prod,search-api,Search completed,3118
2026-07-20T04:00:00Z,prod,search-api,Search completed,3316
2026-07-20T05:00:00Z,prod,search-api,Search completed,3292
2026-07-20T06:00:00Z,prod,search-api,Search completed,3468
2026-07-20T07:00:00Z,prod,search-api,Search completed,3279
2026-07-20T08:00:00Z,prod,search-api,Search completed,4011
2026-07-20T09:00:00Z,prod,search-api,Search completed,4018
2026-07-20T10:00:00Z,prod,search-api,Search completed,4255
2026-07-20T11:00:00Z,prod,search-api,Search completed,5466
2026-07-20T12:00:00Z,prod,search-api,Search completed,5387
2026-07-20T13:00:00Z,prod,search-api,Search completed,5019
2026-07-20T14:00:00Z,prod,search-api,Search completed,5299
2026-07-20T15:00:00Z,prod,search-api,Search completed,4628
2026-07-20T16:00:00Z,prod,search-api,Search completed,4556
2026-07-20T17:00:00Z,prod,search-api,Search completed,4247
2026-07-20T18:00:00Z,prod,search-api,Search completed,3920
2026-07-20T19:00:00Z,prod,search-api,Search completed,3154
2026-07-20T20:00:00Z,prod,search-api,Search completed,3484
2026-07-20T21:00:00Z,prod,search-api,Search completed,3186
2026-07-20T22:00:00Z,prod,search-api,Search completed,3189
2026-07-20T23:00:00Z,prod,search-api,Search completed,3484
2026-07-21T00:00:00Z,prod,search-api,Search completed,3026
2026-07-21T01:00:00Z,prod,search-api,Search completed,3057
2026-07-21T02:00:00Z,prod,search-api,Search completed,3030
2026-07-21T03:00:00Z,prod,search-api,Search completed,3597
2026-07-21T04:00:00Z,prod,search-api,Search completed,3436
2026-07-21T05:00:00Z,prod,search-api,Search completed,3583
2026-07-21T06:00:00Z,prod,search-api,Search completed,3132
2026-07-21T07:00:00Z,prod,search-api,Search completed,3220
2026-07-21T08:00:00Z,prod,search-api,Search completed,3513
2026-07-21T09:00:00Z,prod,search-api,Search completed,4503
2026-07-21T10:00:00Z,prod,search-api,Search completed,4442
2026-07-21T11:00:00Z,prod,search-api,Search completed,5293
2026-07-21T12:00:00Z,prod,search-api,Search completed,4891
2026-07-21T13:00:00Z,prod,search-api,Search completed,5193
2026-07-21T14:00:00Z,prod,search-api,Search completed,4907
2026-07-21T15:00:00Z,prod,search-api,Search completed,4503
2026-07-21T16:00:00Z,prod,search-api,Search completed,4740
2026-07-21T17:00:00Z,prod,search-api,Search completed,3875
2026-07-21T18:00:00Z,prod,search-api,Search completed,4165
2026-07-21T19:00:00Z,prod,search-api,Search completed,3634
2026-07-21T20:00:00Z,prod,search-api,Search completed,3125
2026-07-21T21:00:00Z,prod,search-api,Search completed,3171
2026-07-21T22:00:00Z,prod,search-api,Search completed,3354
2026-07-21T23:00:00Z,prod,search-api,Search completed,3248
2026-07-22T00:00:00Z,prod,search-api,Search completed,3394
2026-07-22T01:00:00Z,prod,search-api,Search completed,3415
2026-07-22T02:00:00Z,prod,search-api,Search completed,3185
2026-07-22T03:00:00Z,prod,search-api,Search completed,3064
2026-07-22T04:00:00Z,prod,search-api,Search completed,3221
2026-07-22T05:00:00Z,prod,search-api,Search completed,3634
2026-07-22T06:00:00Z,prod,search-api,Search completed,3145
2026-07-22T07:00:00Z,prod,search-api,Search completed,3117
2026-07-22T08:00:00Z,prod,search-api,Search completed,4231
2026-07-22T09:00:00Z,prod,search-api,Search completed,4450
2026-07-22T10:00:00Z,prod,search-api,Search completed,4762
2026-07-22T11:00:00Z,prod,search-api,Search completed,5258
2026-07-22T12:00:00Z,prod,search-api,Search completed,4760
2026-07-22T13:00:00Z,prod,search-api,Search completed,5156
2026-07-22T14:00:00Z,prod,search-api,Search completed,5321
2026-07-22T15:00:00Z,prod,search-api,Search completed,4785
2026-07-22T16:00:00Z,prod,search-api,Search completed,4415
2026-07-22T17:00:00Z,prod,search-api,Search completed,4386
2026-07-22T18:00:00Z,prod,search-api,Search completed,3464
2026-07-22T19:00:00Z,prod,search-api,Search completed,3349
2026-07-22T20:00:00Z,prod,search-api,Search completed,3437
2026-07-22T21:00:00Z,prod,search-api,Search completed,3358
2026-07-22T22:00:00Z,prod,search-api,Search completed,3573
2026-07-22T23:00:00Z,prod,search-api,Search completed,3547
2026-07-23T00:00:00Z,prod,search-api,Search completed,3168
2026-07-23T01:00:00Z,prod,search-api,Search completed,3042
2026-07-23T02:00:00Z,prod,search-api,Search completed,3453
2026-07-23T03:00:00Z,prod,search-api,Search completed,3497
2026-07-23T04:00:00Z,prod,search-api,Search completed,3355
2026-07-23T05:00:00Z,prod,search-api,Search completed,3099
2026-07-23T06:00:00Z,prod,search-api,Search completed,3138
2026-07-23T07:00:00Z,prod,search-api,Search completed,3651
2026-07-23T08:00:00Z,prod,search-api,Search completed,3757
2026-07-23T09:00:00Z,prod,search-api,Search completed,4011
2026-07-23T10:00:00Z,prod,search-api,Search completed,4228
2026-07-23T11:00:00Z,prod,search-api,Search completed,4805
2026-07-23T12:00:00Z,prod,search-api,Search completed,5149
2026-07-23T13:00:00Z,prod,search-api,Search completed,4832
2026-07-23T14:00:00Z,prod,search-api,Search completed,4798
2026-07-23T15:00:00Z,prod,search-api,Search completed,5436
2026-07-23T16:00:00Z,prod,search-api,Search completed,4836
2026-07-23T17:00:00Z,prod,search-api,Search completed,3937
2026-07-23T18:00:00Z,prod,search-api,Search completed,4032
2026-07-23T19:00:00Z,prod,search-api,Search completed,3674
2026-07-23T20:00:00Z,prod,search-api,Search completed,3240
2026-07-23T21:00:00Z,prod,search-api,Search completed,3538
2026-07-23T22:00:00Z,prod,search-api,Search completed,3664
2026-07-23T23:00:00Z,prod,search-api,Search completed,3125
2026-07-24T00:00:00Z,prod,search-api,Search completed,3450
2026-07-24T01:00:00Z,prod,search-api,Search completed,3031
2026-07-24T02:00:00Z,prod,search-api,Search completed,3508
2026-07-24T03:00:00Z,prod,search-api,Search completed,3075
2026-07-24T04:00:00Z,prod,search-api,Search completed,3370
2026-07-24T05:00:00Z,prod,search-api,Search completed,3407
2026-07-24T06:00:00Z,prod,search-api,Search completed,3490
2026-07-24T07:00:00Z,prod,search-api,Search completed,3333
2026-07-24T08:00:00Z,prod,search-api,Search completed,3669
2026-07-24T09:00:00Z,prod,search-api,Search completed,3973
2026-07-24T10:00:00Z,prod,search-api,Search completed,4649
2026-07-24T11:00:00Z,prod,search-api,Search completed,4813
2026-07-24T12:00:00Z,prod,search-api,Search completed,5407
2026-07-24T13:00:00Z,prod,search-api,Search completed,5462
2026-07-24T14:00:00Z,prod,search-api,Search completed,5532
2026-07-24T15:00:00Z,prod,search-api,Search completed,4892
2026-07-24T16:00:00Z,prod,search-api,Search completed,4360
2026-07-24T17:00:00Z,prod,search-api,Search completed,3892
2026-07-24T18:00:00Z,prod,search-api,Search completed,3783
2026-07-24T19:00:00Z,prod,search-api,Search completed,3090
2026-07-24T20:00:00Z,prod,search-api,Search completed,3439
2026-07-24T21:00:00Z,prod,search-api,Search completed,3503
2026-07-24T22:00:00Z,prod,search-api,Search completed,3495
2026-07-24T23:00:00Z,prod,search-api,Search completed,3144
2026-07-25T00:00:00Z,prod,search-api,Search completed,2355
2026-07-25T01:00:00Z,prod,search-api,Search completed,2616
2026-07-25T02:00:00Z,prod,search-api,Search completed,2504
2026-07-25T03:00:00Z,prod,search-api,Search completed,2297
2026-07-25T04:00:00Z,prod,search-api,Search completed,2311
2026-07-25T05:00:00Z,prod,search-api,Search completed,2711
2026-07-25T06:00:00Z,prod,search-api,Search completed,2298
2026-07-25T07:00:00Z,prod,search-api,Search completed,2471
2026-07-25T08:00:00Z,prod,search-api,Search completed,2811
2026-07-25T09:00:00Z,prod,search-api,Search completed,3262
2026-07-25T10:00:00Z,prod,search-api,Search completed,3729
2026-07-25T11:00:00Z,prod,search-api,Search completed,3465
2026-07-25T12:00:00Z,prod,search-api,Search completed,3645
2026-07-25T13:00:00Z,prod,search-api,Search completed,3707
2026-07-25T14:00:00Z,prod,search-api,Search completed,4163
2026-07-25T15:00:00Z,prod,search-api,Search completed,3858
2026-07-25T16:00:00Z,prod,search-api,Search completed,3368
2026-07-25T17:00:00Z,prod,search-api,Search completed,3365
2026-07-25T18:00:00Z,prod,search-api,Search completed,2728
2026-07-25T19:00:00Z,prod,search-api,Search completed,2544
2026-07-25T20:00:00Z,prod,search-api,Search completed,2667
2026-07-25T21:00:00Z,prod,search-api,Search completed,2720
2026-07-25T22:00:00Z,prod,search-api,Search completed,2470
2026-07-25T23:00:00Z,prod,search-api,Search completed,2546
2026-07-26T00:00:00Z,prod,search-api,Search completed,2271
2026-07-26T01:00:00Z,prod,search-api,Search completed,2596
2026-07-26T02:00:00Z,prod,search-api,Search completed,2563
2026-07-26T03:00:00Z,prod,search-api,Search completed,2685
2026-07-26T04:00:00Z,prod,search-api,Search completed,2745
2026-07-26T05:00:00Z,prod,search-api,Search completed,2511
2026-07-26T06:00:00Z,prod,search-api,Search completed,2339
2026-07-26T07:00:00Z,prod,search-api,Search completed,2665
2026-07-26T08:00:00Z,prod,search-api,Search completed,2990
2026-07-26T09:00:00Z,prod,search-api,Search completed,2962
2026-07-26T10:00:00Z,prod,search-api,Search completed,3286
2026-07-26T11:00:00Z,prod,search-api,Search completed,4101
2026-07-26T12:00:00Z,prod,search-api,Search completed,3650
2026-07-26T13:00:00Z,prod,search-api,Search completed,3623
2026-07-26T14:00:00Z,prod,search-api,Search completed,4176
2026-07-26T15:00:00Z,prod,search-api,Search completed,3375
2026-07-13T07:00:00Z,staging,search-api,Search completed,143
2026-07-13T08:00:00Z,staging,search-api,Search completed,143
2026-07-13T09:00:00Z,staging,search-api,Search completed,170
2026-07-13T10:00:00Z,staging,search-api,Search completed,174
2026-07-13T11:00:00Z,staging,search-api,Search completed,191
2026-07-13T12:00:00Z,staging,search-api,Search completed,202
2026-07-13T13:00:00Z,staging,search-api,Search completed,195
2026-07-13T14:00:00Z,staging,search-api,Search completed,188
2026-07-13T15:00:00Z,staging,search-api,Search completed,210
2026-07-13T16:00:00Z,staging,search-api,Search completed,198
2026-07-13T17:00:00Z,staging,search-api,Search completed,158
2026-07-13T18:00:00Z,staging,search-api,Search completed,166
2026-07-14T07:00:00Z,staging,search-api,Search completed,139
2026-07-14T08:00:00Z,staging,search-api,Search completed,163
2026-07-14T09:00:00Z,staging,search-api,Search completed,164
2026-07-14T10:00:00Z,staging,search-api,Search completed,180
2026-07-14T11:00:00Z,staging,search-api,Search completed,190
2026-07-14T12:00:00Z,staging,search-api,Search completed,214
2026-07-14T13:00:00Z,staging,search-api,Search completed,220
2026-07-14T14:00:00Z,staging,search-api,Search completed,187
2026-07-14T15:00:00Z,staging,search-api,Search completed,200
2026-07-14T16:00:00Z,staging,search-api,Search completed,176
2026-07-14T17:00:00Z,staging,search-api,Search completed,186
2026-07-14T18:00:00Z,staging,search-api,Search completed,168
2026-07-15T07:00:00Z,staging,search-api,Search completed,131
2026-07-15T08:00:00Z,staging,search-api,Search completed,167
2026-07-15T09:00:00Z,staging,search-api,Search completed,177
2026-07-15T10:00:00Z,staging,search-api,Search completed,200
2026-07-15T11:00:00Z,staging,search-api,Search completed,219
2026-07-15T12:00:00Z,staging,search-api,Search completed,213
2026-07-15T13:00:00Z,staging,search-api,Search completed,217
2026-07-15T14:00:00Z,staging,search-api,Search completed,201
2026-07-15T15:00:00Z,staging,search-api,Search completed,193
2026-07-15T16:00:00Z,staging,search-api,Search completed,173
2026-07-15T17:00:00Z,staging,search-api,Search completed,156
2026-07-15T18:00:00Z,staging,search-api,Search completed,148
2026-07-16T07:00:00Z,staging,search-api,Search completed,143
2026-07-16T08:00:00Z,staging,search-api,Search completed,152
2026-07-16T09:00:00Z,staging,search-api,Search completed,165
2026-07-16T10:00:00Z,staging,search-api,Search completed,172
2026-07-16T11:00:00Z,staging,search-api,Search completed,212
2026-07-16T12:00:00Z,staging,search-api,Search completed,198
2026-07-16T13:00:00Z,staging,search-api,Search completed,219
2026-07-16T14:00:00Z,staging,search-api,Search completed,206
2026-07-16T15:00:00Z,staging,search-api,Search completed,205
2026-07-16T16:00:00Z,staging,search-api,Search completed,171
2026-07-16T17:00:00Z,staging,search-api,Search completed,183
2026-07-16T18:00:00Z,staging,search-api,Search completed,144
2026-07-17T07:00:00Z,staging,search-api,Search completed,145
2026-07-17T08:00:00Z,staging,search-api,Search completed,159
2026-07-17T09:00:00Z,staging,search-api,Search completed,178
2026-07-17T10:00:00Z,staging,search-api,Search completed,175
2026-07-17T11:00:00Z,staging,search-api,Search completed,188
2026-07-17T12:00:00Z,staging,search-api,Search completed,227
2026-07-17T13:00:00Z,staging,search-api,Search completed,202
2026-07-17T14:00:00Z,staging,search-api,Search completed,216
2026-07-17T15:00:00Z,staging,search-api,Search completed,219
2026-07-17T16:00:00Z,staging,search-api,Search completed,185
2026-07-17T17:00:00Z,staging,search-api,Search completed,177
2026-07-17T18:00:00Z,staging,search-api,Search completed,164
2026-07-20T07:00:00Z,staging,search-api,Search completed,140
2026-07-20T08:00:00Z,staging,search-api,Search completed,152
2026-07-20T09:00:00Z,staging,search-api,Search completed,163
2026-07-20T10:00:00Z,staging,search-api,Search completed,196
2026-07-20T11:00:00Z,staging,search-api,Search completed,219
2026-07-20T12:00:00Z,staging,search-api,Search completed,202
2026-07-20T13:00:00Z,staging,search-api,Search completed,219
2026-07-20T14:00:00Z,staging,search-api,Search completed,213
2026-07-20T15:00:00Z,staging,search-api,Search completed,201
2026-07-20T16:00:00Z,staging,search-api,Search completed,179
2026-07-20T17:00:00Z,staging,search-api,Search completed,189
2026-07-20T18:00:00Z,staging,search-api,Search completed,145
2026-07-21T07:00:00Z,staging,search-api,Search completed,141
2026-07-21T08:00:00Z,staging,search-api,Search completed,149
2026-07-21T09:00:00Z,staging,search-api,Search completed,181
2026-07-21T10:00:00Z,staging,search-api,Search completed,196
2026-07-21T11:00:00Z,staging,search-api,Search completed,189
2026-07-21T12:00:00Z,staging,search-api,Search completed,210
2026-07-21T13:00:00Z,staging,search-api,Search completed,229
2026-07-21T14:00:00Z,staging,search-api,Search completed,217
2026-07-21T15:00:00Z,staging,search-api,Search completed,193
2026-07-21T16:00:00Z,staging,search-api,Search completed,171
2026-07-21T17:00:00Z,staging,search-api,Search completed,157
2026-07-21T18:00:00Z,staging,search-api,Search completed,156
2026-07-22T07:00:00Z,staging,search-api,Search completed,137
2026-07-22T08:00:00Z,staging,search-api,Search completed,169
2026-07-22T09:00:00Z,staging,search-api,Search completed,161
2026-07-22T10:00:00Z,staging,search-api,Search completed,173
2026-07-22T11:00:00Z,staging,search-api,Search completed,206
2026-07-22T12:00:00Z,staging,search-api,Search completed,192
2026-07-22T13:00:00Z,staging,search-api,Search completed,204
2026-07-22T14:00:00Z,staging,search-api,Search completed,193
2026-07-22T15:00:00Z,staging,search-api,Search completed,200
2026-07-22T16:00:00Z,staging,search-api,Search completed,201
2026-07-22T17:00:00Z,staging,search-api,Search completed,159
2026-07-22T18:00:00Z,staging,search-api,Search completed,145
2026-07-23T07:00:00Z,staging,search-api,Search completed,148
2026-07-23T08:00:00Z,staging,search-api,Search completed,151
2026-07-23T09:00:00Z,staging,search-api,Search completed,165
2026-07-23T10:00:00Z,staging,search-api,Search completed,192
2026-07-23T11:00:00Z,staging,search-api,Search completed,218
2026-07-23T12:00:00Z,staging,search-api,Search completed,223
2026-07-23T13:00:00Z,staging,search-api,Search completed,195
2026-07-23T14:00:00Z,staging,search-api,Search completed,191
2026-07-23T15:00:00Z,staging,search-api,Search completed,184
2026-07-23T16:00:00Z,staging,search-api,Search completed,203
2026-07-23T17:00:00Z,staging,search-api,Search completed,184
2026-07-23T18:00:00Z,staging,search-api,Search completed,155
2026-07-24T07:00:00Z,staging,search-api,Search completed,129
2026-07-24T08:00:00Z,staging,search-api,Search completed,163
2026-07-24T09:00:00Z,staging,search-api,Search completed,168
2026-07-24T10:00:00Z,staging,search-api,Search completed,198
2026-07-24T11:00:00Z,staging,search-api,Search completed,185
2026-07-24T12:00:00Z,staging,search-api,Search completed,222
2026-07-24T13:00:00Z,staging,search-api,Search completed,220
2026-07-24T14:00:00Z,staging,search-api,Search completed,205
2026-07-24T15:00:00Z,staging,search-api,Search completed,208
2026-07-24T16:00:00Z,staging,search-api,Search completed,205
2026-07-24T17:00:00Z,staging,search-api,Search completed,171
2026-07-24T18:00:00Z,staging,search-api,Search completed,155
2026-07-12T16:00:00Z,prod,indexer,Document indexed,1251
2026-07-12T17:00:00Z,prod,indexer,Document indexed,1161
2026-07-12T18:00:00Z,prod,indexer,Document indexed,1072
2026-07-12T19:00:00Z,prod,indexer,Document indexed,858
2026-07-12T20:00:00Z,prod,indexer,Document indexed,922
2026-07-12T21:00:00Z,prod,indexer,Document indexed,904
2026-07-12T22:00:00Z,prod,indexer,Document indexed,959
2026-07-12T23:00:00Z,prod,indexer,Document indexed,930
2026-07-13T00:00:00Z,prod,indexer,Document indexed,1182
2026-07-13T01:00:00Z,prod,indexer,Document indexed,1116
2026-07-13T02:00:00Z,prod,indexer,Document indexed,1269
2026-07-13T03:00:00Z,prod,indexer,Document indexed,1314
2026-07-13T04:00:00Z,prod,indexer,Document indexed,1201
2026-07-13T05:00:00Z,prod,indexer,Document indexed,1151
2026-07-13T06:00:00Z,prod,indexer,Document indexed,1148
2026-07-13T07:00:00Z,prod,indexer,Document indexed,1194
2026-07-13T08:00:00Z,prod,indexer,Document indexed,1460
2026-07-13T09:00:00Z,prod,indexer,Document indexed,1520
2026-07-13T10:00:00Z,prod,indexer,Document indexed,1630
2026-07-13T11:00:00Z,prod,indexer,Document indexed,1635
2026-07-13T12:00:00Z,prod,indexer,Document indexed,1914
2026-07-13T13:00:00Z,prod,indexer,Document indexed,1827
2026-07-13T14:00:00Z,prod,indexer,Document indexed,1927
2026-07-13T15:00:00Z,prod,indexer,Document indexed,1691
2026-07-13T16:00:00Z,prod,indexer,Document indexed,1831
2026-07-13T17:00:00Z,prod,indexer,Document indexed,1554
2026-07-13T18:00:00Z,prod,indexer,Document indexed,1383
2026-07-13T19:00:00Z,prod,indexer,Document indexed,1256
2026-07-13T20:00:00Z,prod,indexer,Document indexed,1124
2026-07-13T21:00:00Z,prod,indexer,Document indexed,1271
2026-07-13T22:00:00Z,prod,indexer,Document indexed,1113
2026-07-13T23:00:00Z,prod,indexer,Document indexed,1289
2026-07-14T00:00:00Z,prod,indexer,Document indexed,1155
2026-07-14T01:00:00Z,prod,indexer,Document indexed,1254
2026-07-14T02:00:00Z,prod,indexer,Document indexed,1267
2026-07-14T03:00:00Z,prod,indexer,Document indexed,1220
2026-07-14T04:00:00Z,prod,indexer,Document indexed,1152
2026-07-14T05:00:00Z,prod,indexer,Document indexed,1103
2026-07-14T06:00:00Z,prod,indexer,Document indexed,1167
2026-07-14T07:00:00Z,prod,indexer,Document indexed,1087
2026-07-14T08:00:00Z,prod,indexer,Document indexed,1284
2026-07-14T09:00:00Z,prod,indexer,Document indexed,1493
2026-07-14T10:00:00Z,prod,indexer,Document indexed,1638
2026-07-14T11:00:00Z,prod,indexer,Document indexed,1775
2026-07-14T12:00:00Z,prod,indexer,Document indexed,1942
2026-07-14T13:00:00Z,prod,indexer,Document indexed,1963
2026-07-14T14:00:00Z,prod,indexer,Document indexed,1867
2026-07-14T15:00:00Z,prod,indexer,Document indexed,1675
2026-07-14T16:00:00Z,prod,indexer,Document indexed,1540
2026-07-14T17:00:00Z,prod,indexer,Document indexed,1539
2026-07-14T18:00:00Z,prod,indexer,Document indexed,1308
2026-07-14T19:00:00Z,prod,indexer,Document indexed,1105
2026-07-14T20:00:00Z,prod,indexer,Document indexed,1177
2026-07-14T21:00:00Z,prod,indexer,Document indexed,1151
2026-07-14T22:00:00Z,prod,indexer,Document indexed,1294
2026-07-14T23:00:00Z,prod,indexer,Document indexed,1217
2026-07-15T00:00:00Z,prod,indexer,Document indexed,1186
2026-07-15T01:00:00Z,prod,indexer,Document indexed,1184
2026-07-15T02:00:00Z,prod,indexer,Document indexed,1279
2026-07-15T03:00:00Z,prod,indexer,Document indexed,1283
2026-07-15T04:00:00Z,prod,indexer,Document indexed,1120
2026-07-15T05:00:00Z,prod,indexer,Document indexed,1149
2026-07-15T06:00:00Z,prod,indexer,Document indexed,1101
2026-07-15T07:00:00Z,prod,indexer,Document indexed,1081
2026-07-15T08:00:00Z,prod,indexer,Document indexed,1337
2026-07-15T09:00:00Z,prod,indexer,Document indexed,1408
2026-07-15T10:00:00Z,prod,indexer,Document indexed,1601
2026-07-15T11:00:00Z,prod,indexer,Document indexed,1787
2026-07-15T12:00:00Z,prod,indexer,Document indexed,1867
2026-07-15T13:00:00Z,prod,indexer,Document indexed,1986
2026-07-15T14:00:00Z,prod,indexer,Document indexed,1902
2026-07-15T15:00:00Z,prod,indexer,Document indexed,1709
2026-07-15T16:00:00Z,prod,indexer,Document indexed,1597
2026-07-15T17:00:00Z,prod,indexer,Document indexed,1607
2026-07-15T18:00:00Z,prod,indexer,Document indexed,1242
2026-07-15T19:00:00Z,prod,indexer,Document indexed,1088
2026-07-15T20:00:00Z,prod,indexer,Document indexed,1173
2026-07-15T21:00:00Z,prod,indexer,Document indexed,1209
2026-07-15T22:00:00Z,prod,indexer,Document indexed,1191
2026-07-15T23:00:00Z,prod,indexer,Document indexed,1178
2026-07-16T00:00:00Z,prod,indexer,Document indexed,1247
2026-07-16T01:00:00Z,prod,indexer,Document indexed,1283
2026-07-16T02:00:00Z,prod,indexer,Document indexed,1130
2026-07-16T03:00:00Z,prod,indexer,Document indexed,1220
2026-07-16T04:00:00Z,prod,indexer,Document indexed,1200
2026-07-16T05:00:00Z,prod,indexer,Document indexed,1233
2026-07-16T06:00:00Z,prod,indexer,Document indexed,1134
2026-07-16T07:00:00Z,prod,indexer,Document indexed,1233
2026-07-16T08:00:00Z,prod,indexer,Document indexed,1310
2026-07-16T09:00:00Z,prod,indexer,Document indexed,1506
2026-07-16T10:00:00Z,prod,indexer,Document indexed,1544
2026-07-16T11:00:00Z,prod,indexer,Document indexed,1859
2026-07-16T12:00:00Z,prod,indexer,Document indexed,2026
2026-07-16T13:00:00Z,prod,indexer,Document indexed,1937
2026-07-16T14:00:00Z,prod,indexer,Document indexed,1714
2026-07-16T15:00:00Z,prod,indexer,Document indexed,1636
2026-07-16T16:00:00Z,prod,indexer,Document indexed,1759
2026-07-16T17:00:00Z,prod,indexer,Document indexed,1631
2026-07-16T18:00:00Z,prod,indexer,Document indexed,1369
2026-07-16T19:00:00Z,prod,indexer,Document indexed,1173
2026-07-16T20:00:00Z,prod,indexer,Document indexed,1121
2026-07-16T21:00:00Z,prod,indexer,Document indexed,1104
2026-07-16T22:00:00Z,prod,indexer,Document indexed,1100
2026-07-16T23:00:00Z,prod,indexer,Document indexed,1232
2026-07-17T00:00:00Z,prod,indexer,Document indexed,1160
2026-07-17T01:00:00Z,prod,indexer,Document indexed,1095
2026-07-17T02:00:00Z,prod,indexer,Document indexed,1188
2026-07-17T03:00:00Z,prod,indexer,Document indexed,1159
2026-07-17T04:00:00Z,prod,indexer,Document indexed,1176
2026-07-17T05:00:00Z,prod,indexer,Document indexed,1140
2026-07-17T06:00:00Z,prod,indexer,Document indexed,1198
2026-07-17T07:00:00Z,prod,indexer,Document indexed,1190
2026-07-17T08:00:00Z,prod,indexer,Document indexed,1292
2026-07-17T09:00:00Z,prod,indexer,Document indexed,1587
2026-07-17T10:00:00Z,prod,indexer,Document indexed,1617
2026-07-17T11:00:00Z,prod,indexer,Document indexed,1900
2026-07-17T12:00:00Z,prod,indexer,Document indexed,1925
2026-07-17T13:00:00Z,prod,indexer,Document indexed,1855
2026-07-17T14:00:00Z,prod,indexer,Document indexed,1896
2026-07-17T15:00:00Z,prod,indexer,Document indexed,1667
2026-07-17T16:00:00Z,prod,indexer,Document indexed,1772
2026-07-17T17:00:00Z,prod,indexer,Document indexed,1556
2026-07-17T18:00:00Z,prod,indexer,Document indexed,1463
2026-07-17T19:00:00Z,prod,indexer,Document indexed,1295
2026-07-17T20:00:00Z,prod,indexer,Document indexed,1202
2026-07-17T21:00:00Z,prod,indexer,Document indexed,1191
2026-07-17T22:00:00Z,prod,indexer,Document indexed,1125
2026-07-17T23:00:00Z,prod,indexer,Document indexed,1092
2026-07-18T00:00:00Z,prod,indexer,Document indexed,821
2026-07-18T01:00:00Z,prod,indexer,Document indexed,926
2026-07-18T02:00:00Z,prod,indexer,Document indexed,940
2026-07-18T03:00:00Z,prod,indexer,Document indexed,827
2026-07-18T04:00:00Z,prod,indexer,Document indexed,878
2026-07-18T05:00:00Z,prod,indexer,Document indexed,857
2026-07-18T06:00:00Z,prod,indexer,Document indexed,951
2026-07-18T07:00:00Z,prod,indexer,Document indexed,819
2026-07-18T08:00:00Z,prod,indexer,Document indexed,959
2026-07-18T09:00:00Z,prod,indexer,Document indexed,1228
2026-07-18T10:00:00Z,prod,indexer,Document indexed,1290
2026-07-18T11:00:00Z,prod,indexer,Document indexed,1381
2026-07-18T12:00:00Z,prod,indexer,Document indexed,1489
2026-07-18T13:00:00Z,prod,indexer,Document indexed,1327
2026-07-18T14:00:00Z,prod,indexer,Document indexed,1482
2026-07-18T15:00:00Z,prod,indexer,Document indexed,1458
2026-07-18T16:00:00Z,prod,indexer,Document indexed,1209
2026-07-18T17:00:00Z,prod,indexer,Document indexed,1162
2026-07-18T18:00:00Z,prod,indexer,Document indexed,976
2026-07-18T19:00:00Z,prod,indexer,Document indexed,863
2026-07-18T20:00:00Z,prod,indexer,Document indexed,916
2026-07-18T21:00:00Z,prod,indexer,Document indexed,989
2026-07-18T22:00:00Z,prod,indexer,Document indexed,957
2026-07-18T23:00:00Z,prod,indexer,Document indexed,830
2026-07-19T00:00:00Z,prod,indexer,Document indexed,917
2026-07-19T01:00:00Z,prod,indexer,Document indexed,880
2026-07-19T02:00:00Z,prod,indexer,Document indexed,898
2026-07-19T03:00:00Z,prod,indexer,Document indexed,901
2026-07-19T04:00:00Z,prod,indexer,Document indexed,852
2026-07-19T05:00:00Z,prod,indexer,Document indexed,825
2026-07-19T06:00:00Z,prod,indexer,Document indexed,942
2026-07-19T07:00:00Z,prod,indexer,Document indexed,810
2026-07-19T08:00:00Z,prod,indexer,Document indexed,957
2026-07-19T09:00:00Z,prod,indexer,Document indexed,1141
2026-07-19T10:00:00Z,prod,indexer,Document indexed,1218
2026-07-19T11:00:00Z,prod,indexer,Document indexed,1378
2026-07-19T12:00:00Z,prod,indexer,Document indexed,1488
2026-07-19T13:00:00Z,prod,indexer,Document indexed,1460
2026-07-19T14:00:00Z,prod,indexer,Document indexed,1479
2026-07-19T15:00:00Z,prod,indexer,Document indexed,1313
2026-07-19T16:00:00Z,prod,indexer,Document indexed,1316
2026-07-19T17:00:00Z,prod,indexer,Document indexed,1041
2026-07-19T18:00:00Z,prod,indexer,Document indexed,1005
2026-07-19T19:00:00Z,prod,indexer,Document indexed,971
2026-07-19T20:00:00Z,prod,indexer,Document indexed,904
2026-07-19T21:00:00Z,prod,indexer,Document indexed,838
2026-07-19T22:00:00Z,prod,indexer,Document indexed,847
2026-07-19T23:00:00Z,prod,indexer,Document indexed,845
2026-07-20T00:00:00Z,prod,indexer,Document indexed,1259
2026-07-20T01:00:00Z,prod,indexer,Document indexed,1215
2026-07-20T02:00:00Z,prod,indexer,Document indexed,1150
2026-07-20T03:00:00Z,prod,indexer,Document indexed,1247
2026-07-20T04:00:00Z,prod,indexer,Document indexed,1236
2026-07-20T05:00:00Z,prod,indexer,Document indexed,1118
2026-07-20T06:00:00Z,prod,indexer,Document indexed,1172
2026-07-20T07:00:00Z,prod,indexer,Document indexed,1106
2026-07-20T08:00:00Z,prod,indexer,Document indexed,1477
2026-07-20T09:00:00Z,prod,indexer,Document indexed,1454
2026-07-20T10:00:00Z,prod,indexer,Document indexed,1637
2026-07-20T11:00:00Z,prod,indexer,Document indexed,1637
2026-07-20T12:00:00Z,prod,indexer,Document indexed,1935
2026-07-20T13:00:00Z,prod,indexer,Document indexed,1965
2026-07-20T14:00:00Z,prod,indexer,Document indexed,1992
2026-07-20T15:00:00Z,prod,indexer,Document indexed,1607
2026-07-20T16:00:00Z,prod,indexer,Document indexed,1542
2026-07-20T17:00:00Z,prod,indexer,Document indexed,1605
2026-07-20T18:00:00Z,prod,indexer,Document indexed,1508
2026-07-20T19:00:00Z,prod,indexer,Document indexed,1103
2026-07-20T20:00:00Z,prod,indexer,Document indexed,1258
2026-07-20T21:00:00Z,prod,indexer,Document indexed,1160
2026-07-20T22:00:00Z,prod,indexer,Document indexed,1119
2026-07-20T23:00:00Z,prod,indexer,Document indexed,1091
2026-07-21T00:00:00Z,prod,indexer,Document indexed,1179
2026-07-21T01:00:00Z,prod,indexer,Document indexed,1248
2026-07-21T02:00:00Z,prod,indexer,Document indexed,1092
2026-07-21T03:00:00Z,prod,indexer,Document indexed,1235
2026-07-21T04:00:00Z,prod,indexer,Document indexed,1189
2026-07-21T05:00:00Z,prod,indexer,Document indexed,1168
2026-07-21T06:00:00Z,prod,indexer,Document indexed,1169
2026-07-21T07:00:00Z,prod,indexer,Document indexed,1280
2026-07-21T08:00:00Z,prod,indexer,Document indexed,1476
2026-07-21T09:00:00Z,prod,indexer,Document indexed,1537
2026-07-21T10:00:00Z,prod,indexer,Document indexed,1678
2026-07-21T11:00:00Z,prod,indexer,Document indexed,1828
2026-07-21T12:00:00Z,prod,indexer,Document indexed,1895
2026-07-21T13:00:00Z,prod,indexer,Document indexed,1997
2026-07-21T14:00:00Z,prod,indexer,Document indexed,1816
2026-07-21T15:00:00Z,prod,indexer,Document indexed,1645
2026-07-21T16:00:00Z,prod,indexer,Document indexed,1794
2026-07-21T17:00:00Z,prod,indexer,Document indexed,1578
2026-07-21T18:00:00Z,prod,indexer,Document indexed,1501
2026-07-21T19:00:00Z,prod,indexer,Document indexed,1131
2026-07-21T20:00:00Z,prod,indexer,Document indexed,1170
2026-07-21T21:00:00Z,prod,indexer,Document indexed,1263
2026-07-21T22:00:00Z,prod,indexer,Document indexed,1233
2026-07-21T23:00:00Z,prod,indexer,Document indexed,1201
2026-07-22T00:00:00Z,prod,indexer,Document indexed,1181
2026-07-22T01:00:00Z,prod,indexer,Document indexed,1196
2026-07-22T02:00:00Z,prod,indexer,Document indexed,1288
2026-07-22T03:00:00Z,prod,indexer,Document indexed,1117
2026-07-22T04:00:00Z,prod,indexer,Document indexed,1258
2026-07-22T05:00:00Z,prod,indexer,Document indexed,1310
2026-07-22T06:00:00Z,prod,indexer,Document indexed,1163
2026-07-22T07:00:00Z,prod,indexer,Document indexed,1090
2026-07-22T08:00:00Z,prod,indexer,Document indexed,1335
2026-07-22T09:00:00Z,prod,indexer,Document indexed,1400
2026-07-22T10:00:00Z,prod,indexer,Document indexed,1575
2026-07-22T11:00:00Z,prod,indexer,Document indexed,1825
2026-07-22T12:00:00Z,prod,indexer,Document indexed,1903
2026-07-22T13:00:00Z,prod,indexer,Document indexed,1724
2026-07-22T14:00:00Z,prod,indexer,Document indexed,1880
2026-07-22T15:00:00Z,prod,indexer,Document indexed,1669
2026-07-22T16:00:00Z,prod,indexer,Document indexed,1595
2026-07-22T17:00:00Z,prod,indexer,Document indexed,1434
2026-07-22T18:00:00Z,prod,indexer,Document indexed,1499
2026-07-22T19:00:00Z,prod,indexer,Document indexed,1106
2026-07-22T20:00:00Z,prod,indexer,Document indexed,1295
2026-07-22T21:00:00Z,prod,indexer,Document indexed,1214
2026-07-22T22:00:00Z,prod,indexer,Document indexed,1171
2026-07-22T23:00:00Z,prod,indexer,Document indexed,1291
2026-07-23T00:00:00Z,prod,indexer,Document indexed,1279
2026-07-23T01:00:00Z,prod,indexer,Document indexed,1218
2026-07-23T02:00:00Z,prod,indexer,Document indexed,1229
2026-07-23T03:00:00Z,prod,indexer,Document indexed,1109
2026-07-23T04:00:00Z,prod,indexer,Document indexed,1097
2026-07-23T05:00:00Z,prod,indexer,Document indexed,1283
2026-07-23T06:00:00Z,prod,indexer,Document indexed,1281
2026-07-23T07:00:00Z,prod,indexer,Document indexed,1132
2026-07-23T08:00:00Z,prod,indexer,Document indexed,1352
2026-07-23T09:00:00Z,prod,indexer,Document indexed,1558
2026-07-23T10:00:00Z,prod,indexer,Document indexed,1665
2026-07-23T11:00:00Z,prod,indexer,Document indexed,1638
2026-07-23T12:00:00Z,prod,indexer,Document indexed,1747
2026-07-23T13:00:00Z,prod,indexer,Document indexed,1941
2026-07-23T14:00:00Z,prod,indexer,Document indexed,1732
2026-07-23T15:00:00Z,prod,indexer,Document indexed,1679
2026-07-23T16:00:00Z,prod,indexer,Document indexed,1811
2026-07-23T17:00:00Z,prod,indexer,Document indexed,1622
2026-07-23T18:00:00Z,prod,indexer,Document indexed,1352
2026-07-23T19:00:00Z,prod,indexer,Document indexed,1147
2026-07-23T20:00:00Z,prod,indexer,Document indexed,1270
2026-07-23T21:00:00Z,prod,indexer,Document indexed,1184
2026-07-23T22:00:00Z,prod,indexer,Document indexed,1089
2026-07-23T23:00:00Z,prod,indexer,Document indexed,1145
2026-07-24T00:00:00Z,prod,indexer,Document indexed,1203
2026-07-24T01:00:00Z,prod,indexer,Document indexed,1098
2026-07-24T02:00:00Z,prod,indexer,Document indexed,1088
2026-07-24T03:00:00Z,prod,indexer,Document indexed,1262
2026-07-24T04:00:00Z,prod,indexer,Document indexed,1206
2026-07-24T05:00:00Z,prod,indexer,Document indexed,1085
2026-07-24T06:00:00Z,prod,indexer,Document indexed,1223
2026-07-24T07:00:00Z,prod,indexer,Document indexed,1208
2026-07-24T08:00:00Z,prod,indexer,Document indexed,1457
2026-07-24T09:00:00Z,prod,indexer,Document indexed,1489
2026-07-24T10:00:00Z,prod,indexer,Document indexed,1515
2026-07-24T11:00:00Z,prod,indexer,Document indexed,1695
2026-07-24T12:00:00Z,prod,indexer,Document indexed,1693
2026-07-24T13:00:00Z,prod,indexer,Document indexed,1863
2026-07-24T14:00:00Z,prod,indexer,Document indexed,1726
2026-07-24T15:00:00Z,prod,indexer,Document indexed,1661
2026-07-24T16:00:00Z,prod,indexer,Document indexed,1790
2026-07-24T17:00:00Z,prod,indexer,Document indexed,1622
2026-07-24T18:00:00Z,prod,indexer,Document indexed,1256
2026-07-24T19:00:00Z,prod,indexer,Document indexed,1108
2026-07-24T20:00:00Z,prod,indexer,Document indexed,1209
2026-07-24T21:00:00Z,prod,indexer,Document indexed,1162
2026-07-24T22:00:00Z,prod,indexer,Document indexed,1159
2026-07-24T23:00:00Z,prod,indexer,Document indexed,1150
2026-07-25T00:00:00Z,prod,indexer,Document indexed,982
2026-07-25T01:00:00Z,prod,indexer,Document indexed,879
2026-07-25T02:00:00Z,prod,indexer,Document indexed,844
2026-07-25T03:00:00Z,prod,indexer,Document indexed,976
2026-07-25T04:00:00Z,prod,indexer,Document indexed,926
2026-07-25T05:00:00Z,prod,indexer,Document indexed,862
2026-07-25T06:00:00Z,prod,indexer,Document indexed,977
2026-07-25T07:00:00Z,prod,indexer,Document indexed,848
2026-07-25T08:00:00Z,prod,indexer,Document indexed,1038
2026-07-25T09:00:00Z,prod,indexer,Document indexed,1249
2026-07-25T10:00:00Z,prod,indexer,Document indexed,1213
2026-07-25T11:00:00Z,prod,indexer,Document indexed,1387
2026-07-25T12:00:00Z,prod,indexer,Document indexed,1325
2026-07-25T13:00:00Z,prod,indexer,Document indexed,1342
2026-07-25T14:00:00Z,prod,indexer,Document indexed,1325
2026-07-25T15:00:00Z,prod,indexer,Document indexed,1419
2026-07-25T16:00:00Z,prod,indexer,Document indexed,1310
2026-07-25T17:00:00Z,prod,indexer,Document indexed,1224
2026-07-25T18:00:00Z,prod,indexer,Document indexed,1112
2026-07-25T19:00:00Z,prod,indexer,Document indexed,849
2026-07-25T20:00:00Z,prod,indexer,Document indexed,944
2026-07-25T21:00:00Z,prod,indexer,Document indexed,973
2026-07-25T22:00:00Z,prod,indexer,Document indexed,838
2026-07-25T23:00:00Z,prod,indexer,Document indexed,962
2026-07-26T00:00:00Z,prod,indexer,Document indexed,813
2026-07-26T01:00:00Z,prod,indexer,Document indexed,874
2026-07-26T02:00:00Z,prod,indexer,Document indexed,884
2026-07-26T03:00:00Z,prod,indexer,Document indexed,988
2026-07-26T04:00:00Z,prod,indexer,Document indexed,914
2026-07-26T05:00:00Z,prod,indexer,Document indexed,875
2026-07-26T06:00:00Z,prod,indexer,Document indexed,863
2026-07-26T07:00:00Z,prod,indexer,Document indexed,843
2026-07-26T08:00:00Z,prod,indexer,Document indexed,1029
2026-07-26T09:00:00Z,prod,indexer,Document indexed,1059
2026-07-26T10:00:00Z,prod,indexer,Document indexed,1181
2026-07-26T11:00:00Z,prod,indexer,Document indexed,1407
2026-07-26T12:00:00Z,prod,indexer,Document indexed,1504
2026-07-26T13:00:00Z,prod,indexer,Document indexed,1318
2026-07-26T14:00:00Z,prod,indexer,Document indexed,1395
2026-07-26T15:00:00Z,prod,indexer,Document indexed,1349
2026-07-13T07:00:00Z,dev2,indexer,Document indexed,36
2026-07-13T08:00:00Z,dev2,indexer,Document indexed,38
2026-07-13T09:00:00Z,dev2,indexer,Document indexed,49
2026-07-13T10:00:00Z,dev2,indexer,Document indexed,49
2026-07-13T11:00:00Z,dev2,indexer,Document indexed,54
2026-07-13T12:00:00Z,dev2,indexer,Document indexed,60
2026-07-13T13:00:00Z,dev2,indexer,Document indexed,52
2026-07-13T14:00:00Z,dev2,indexer,Document indexed,59
2026-07-13T15:00:00Z,dev2,indexer,Document indexed,58
2026-07-13T16:00:00Z,dev2,indexer,Document indexed,52
2026-07-13T17:00:00Z,dev2,indexer,Document indexed,44
2026-07-13T18:00:00Z,dev2,indexer,Document indexed,40
2026-07-14T07:00:00Z,dev2,indexer,Document indexed,39
2026-07-14T08:00:00Z,dev2,indexer,Document indexed,44
2026-07-14T09:00:00Z,dev2,indexer,Document indexed,46
2026-07-14T10:00:00Z,dev2,indexer,Document indexed,49
2026-07-14T11:00:00Z,dev2,indexer,Document indexed,50
2026-07-14T12:00:00Z,dev2,indexer,Document indexed,60
2026-07-14T13:00:00Z,dev2,indexer,Document indexed,51
2026-07-14T14:00:00Z,dev2,indexer,Document indexed,55
2026-07-14T15:00:00Z,dev2,indexer,Document indexed,50
2026-07-14T16:00:00Z,dev2,indexer,Document indexed,49
2026-07-14T17:00:00Z,dev2,indexer,Document indexed,43
2026-07-14T18:00:00Z,dev2,indexer,Document indexed,38
2026-07-15T07:00:00Z,dev2,indexer,Document indexed,38
2026-07-15T08:00:00Z,dev2,indexer,Document indexed,37
2026-07-15T09:00:00Z,dev2,indexer,Document indexed,44
2026-07-15T10:00:00Z,dev2,indexer,Document indexed,49
2026-07-15T11:00:00Z,dev2,indexer,Document indexed,51
2026-07-15T12:00:00Z,dev2,indexer,Document indexed,51
2026-07-15T13:00:00Z,dev2,indexer,Document indexed,55
2026-07-15T14:00:00Z,dev2,indexer,Document indexed,56
2026-07-15T15:00:00Z,dev2,indexer,Document indexed,57
2026-07-15T16:00:00Z,dev2,indexer,Document indexed,48
2026-07-15T17:00:00Z,dev2,indexer,Document indexed,51
2026-07-15T18:00:00Z,dev2,indexer,Document indexed,42
2026-07-16T07:00:00Z,dev2,indexer,Document indexed,33
2026-07-16T08:00:00Z,dev2,indexer,Document indexed,45
2026-07-16T09:00:00Z,dev2,indexer,Document indexed,47
2026-07-16T10:00:00Z,dev2,indexer,Document indexed,50
2026-07-16T11:00:00Z,dev2,indexer,Document indexed,50
2026-07-16T12:00:00Z,dev2,indexer,Document indexed,60
2026-07-16T13:00:00Z,dev2,indexer,Document indexed,53
2026-07-16T14:00:00Z,dev2,indexer,Document indexed,53
2026-07-16T15:00:00Z,dev2,indexer,Document indexed,55
2026-07-16T16:00:00Z,dev2,indexer,Document indexed,49
2026-07-16T17:00:00Z,dev2,indexer,Document indexed,49
2026-07-16T18:00:00Z,dev2,indexer,Document indexed,41
2026-07-17T07:00:00Z,dev2,indexer,Document indexed,36
2026-07-17T08:00:00Z,dev2,indexer,Document indexed,37
2026-07-17T09:00:00Z,dev2,indexer,Document indexed,49
2026-07-17T10:00:00Z,dev2,indexer,Document indexed,52
2026-07-17T11:00:00Z,dev2,indexer,Document indexed,58
2026-07-17T12:00:00Z,dev2,indexer,Document indexed,60
2026-07-17T13:00:00Z,dev2,indexer,Document indexed,58
2026-07-17T14:00:00Z,dev2,indexer,Document indexed,52
2026-07-17T15:00:00Z,dev2,indexer,Document indexed,49
2026-07-17T16:00:00Z,dev2,indexer,Document indexed,51
2026-07-17T17:00:00Z,dev2,indexer,Document indexed,49
2026-07-17T18:00:00Z,dev2,indexer,Document indexed,44
2026-07-20T07:00:00Z,dev2,indexer,Document indexed,38
2026-07-20T08:00:00Z,dev2,indexer,Document indexed,44
2026-07-20T09:00:00Z,dev2,indexer,Document indexed,50
2026-07-20T10:00:00Z,dev2,indexer,Document indexed,48
2026-07-20T11:00:00Z,dev2,indexer,Document indexed,52
2026-07-20T12:00:00Z,dev2,indexer,Document indexed,60
2026-07-20T13:00:00Z,dev2,indexer,Document indexed,58
2026-07-20T14:00:00Z,dev2,indexer,Document indexed,52
2026-07-20T15:00:00Z,dev2,indexer,Document indexed,55
2026-07-20T16:00:00Z,dev2,indexer,Document indexed,50
2026-07-20T17:00:00Z,dev2,indexer,Document indexed,47
2026-07-20T18:00:00Z,dev2,indexer,Document indexed,38
2026-07-21T07:00:00Z,dev2,indexer,Document indexed,36
2026-07-21T08:00:00Z,dev2,indexer,Document indexed,45
2026-07-21T09:00:00Z,dev2,indexer,Document indexed,49
2026-07-21T10:00:00Z,dev2,indexer,Document indexed,45
2026-07-21T11:00:00Z,dev2,indexer,Document indexed,57
2026-07-21T12:00:00Z,dev2,indexer,Document indexed,55
2026-07-21T13:00:00Z,dev2,indexer,Document indexed,53
2026-07-21T14:00:00Z,dev2,indexer,Document indexed,58
2026-07-21T15:00:00Z,dev2,indexer,Document indexed,49
2026-07-21T16:00:00Z,dev2,indexer,Document indexed,54
2026-07-21T17:00:00Z,dev2,indexer,Document indexed,42
2026-07-21T18:00:00Z,dev2,indexer,Document indexed,39
2026-07-22T07:00:00Z,dev2,indexer,Document indexed,35
2026-07-22T08:00:00Z,dev2,indexer,Document indexed,39
2026-07-22T09:00:00Z,dev2,indexer,Document indexed,43
2026-07-22T10:00:00Z,dev2,indexer,Document indexed,50
2026-07-22T11:00:00Z,dev2,indexer,Document indexed,55
2026-07-22T12:00:00Z,dev2,indexer,Document indexed,58
2026-07-22T13:00:00Z,dev2,indexer,Document indexed,56
2026-07-22T14:00:00Z,dev2,indexer,Document indexed,54
2026-07-22T15:00:00Z,dev2,indexer,Document indexed,58
2026-07-22T16:00:00Z,dev2,indexer,Document indexed,51
2026-07-22T17:00:00Z,dev2,indexer,Document indexed,50
2026-07-22T18:00:00Z,dev2,indexer,Document indexed,40
2026-07-23T07:00:00Z,dev2,indexer,Document indexed,35
2026-07-23T08:00:00Z,dev2,indexer,Document indexed,38
2026-07-23T09:00:00Z,dev2,indexer,Document indexed,49
2026-07-23T10:00:00Z,dev2,indexer,Document indexed,53
2026-07-23T11:00:00Z,dev2,indexer,Document indexed,55
2026-07-23T12:00:00Z,dev2,indexer,Document indexed,55
2026-07-23T13:00:00Z,dev2,indexer,Document indexed,53
2026-07-23T14:00:00Z,dev2,indexer,Document indexed,60
2026-07-23T15:00:00Z,dev2,indexer,Document indexed,55
2026-07-23T16:00:00Z,dev2,indexer,Document indexed,54
2026-07-23T17:00:00Z,dev2,indexer,Document indexed,44
2026-07-23T18:00:00Z,dev2,indexer,Document indexed,45
2026-07-24T07:00:00Z,dev2,indexer,Document indexed,36
2026-07-24T08:00:00Z,dev2,indexer,Document indexed,40
2026-07-24T09:00:00Z,dev2,indexer,Document indexed,45
2026-07-24T10:00:00Z,dev2,indexer,Document indexed,49
2026-07-24T11:00:00Z,dev2,indexer,Document indexed,51
2026-07-24T12:00:00Z,dev2,indexer,Document indexed,58
2026-07-24T13:00:00Z,dev2,indexer,Document indexed,56
2026-07-24T14:00:00Z,dev2,indexer,Document indexed,56
2026-07-24T15:00:00Z,dev2,indexer,Document indexed,53
2026-07-24T16:00:00Z,dev2,indexer,Document indexed,52
2026-07-24T17:00:00Z,dev2,indexer,Document indexed,47
2026-07-24T18:00:00Z,dev2,indexer,Document indexed,40
2026-07-12T16:00:00Z,prod,api-gateway,Partner API call served,9618
2026-07-12T17:00:00Z,prod,api-gateway,Partner API call served,9039
2026-07-12T18:00:00Z,prod,api-gateway,Partner API call served,7896
2026-07-12T19:00:00Z,prod,api-gateway,Partner API call served,6650
2026-07-12T20:00:00Z,prod,api-gateway,Partner API call served,6050
2026-07-12T21:00:00Z,prod,api-gateway,Partner API call served,6065
2026-07-12T22:00:00Z,prod,api-gateway,Partner API call served,6972
2026-07-12T23:00:00Z,prod,api-gateway,Partner API call served,7026
2026-07-13T00:00:00Z,prod,api-gateway,Partner API call served,8779
2026-07-13T01:00:00Z,prod,api-gateway,Partner API call served,8874
2026-07-13T02:00:00Z,prod,api-gateway,Partner API call served,8577
2026-07-13T03:00:00Z,prod,api-gateway,Partner API call served,9443
2026-07-13T04:00:00Z,prod,api-gateway,Partner API call served,8931
2026-07-13T05:00:00Z,prod,api-gateway,Partner API call served,9020
2026-07-13T06:00:00Z,prod,api-gateway,Partner API call served,8700
2026-07-13T07:00:00Z,prod,api-gateway,Partner API call served,9634
2026-07-13T08:00:00Z,prod,api-gateway,Partner API call served,11019
2026-07-13T09:00:00Z,prod,api-gateway,Partner API call served,11388
2026-07-13T10:00:00Z,prod,api-gateway,Partner API call served,12284
2026-07-13T11:00:00Z,prod,api-gateway,Partner API call served,11995
2026-07-13T12:00:00Z,prod,api-gateway,Partner API call served,14603
2026-07-13T13:00:00Z,prod,api-gateway,Partner API call served,14918
2026-07-13T14:00:00Z,prod,api-gateway,Partner API call served,14325
2026-07-13T15:00:00Z,prod,api-gateway,Partner API call served,13447
2026-07-13T16:00:00Z,prod,api-gateway,Partner API call served,12748
2026-07-13T17:00:00Z,prod,api-gateway,Partner API call served,12302
2026-07-13T18:00:00Z,prod,api-gateway,Partner API call served,9558
2026-07-13T19:00:00Z,prod,api-gateway,Partner API call served,8636
2026-07-13T20:00:00Z,prod,api-gateway,Partner API call served,8624
2026-07-13T21:00:00Z,prod,api-gateway,Partner API call served,9202
2026-07-13T22:00:00Z,prod,api-gateway,Partner API call served,8242
2026-07-13T23:00:00Z,prod,api-gateway,Partner API call served,9174
2026-07-14T00:00:00Z,prod,api-gateway,Partner API call served,9032
2026-07-14T01:00:00Z,prod,api-gateway,Partner API call served,9004
2026-07-14T02:00:00Z,prod,api-gateway,Partner API call served,7993
2026-07-14T03:00:00Z,prod,api-gateway,Partner API call served,9131
2026-07-14T04:00:00Z,prod,api-gateway,Partner API call served,9041
2026-07-14T05:00:00Z,prod,api-gateway,Partner API call served,7918
2026-07-14T06:00:00Z,prod,api-gateway,Partner API call served,8875
2026-07-14T07:00:00Z,prod,api-gateway,Partner API call served,9640
2026-07-14T08:00:00Z,prod,api-gateway,Partner API call served,10568
2026-07-14T09:00:00Z,prod,api-gateway,Partner API call served,11064
2026-07-14T10:00:00Z,prod,api-gateway,Partner API call served,12276
2026-07-14T11:00:00Z,prod,api-gateway,Partner API call served,12716
2026-07-14T12:00:00Z,prod,api-gateway,Partner API call served,14527
2026-07-14T13:00:00Z,prod,api-gateway,Partner API call served,14690
2026-07-14T14:00:00Z,prod,api-gateway,Partner API call served,12953
2026-07-14T15:00:00Z,prod,api-gateway,Partner API call served,13024
2026-07-14T16:00:00Z,prod,api-gateway,Partner API call served,11436
2026-07-14T17:00:00Z,prod,api-gateway,Partner API call served,12277
2026-07-14T18:00:00Z,prod,api-gateway,Partner API call served,9060
2026-07-14T19:00:00Z,prod,api-gateway,Partner API call served,8131
2026-07-14T20:00:00Z,prod,api-gateway,Partner API call served,8810
2026-07-14T21:00:00Z,prod,api-gateway,Partner API call served,7883
2026-07-14T22:00:00Z,prod,api-gateway,Partner API call served,8233
2026-07-14T23:00:00Z,prod,api-gateway,Partner API call served,9310
2026-07-15T00:00:00Z,prod,api-gateway,Partner API call served,8026
2026-07-15T01:00:00Z,prod,api-gateway,Partner API call served,7905
2026-07-15T02:00:00Z,prod,api-gateway,Partner API call served,9257
2026-07-15T03:00:00Z,prod,api-gateway,Partner API call served,8562
2026-07-15T04:00:00Z,prod,api-gateway,Partner API call served,8700
2026-07-15T05:00:00Z,prod,api-gateway,Partner API call served,8273
2026-07-15T06:00:00Z,prod,api-gateway,Partner API call served,9571
2026-07-15T07:00:00Z,prod,api-gateway,Partner API call served,8982
2026-07-15T08:00:00Z,prod,api-gateway,Partner API call served,10340
2026-07-15T09:00:00Z,prod,api-gateway,Partner API call served,10362
2026-07-15T10:00:00Z,prod,api-gateway,Partner API call served,12360
2026-07-15T11:00:00Z,prod,api-gateway,Partner API call served,12361
2026-07-15T12:00:00Z,prod,api-gateway,Partner API call served,14786
2026-07-15T13:00:00Z,prod,api-gateway,Partner API call served,13572
2026-07-15T14:00:00Z,prod,api-gateway,Partner API call served,12391
2026-07-15T15:00:00Z,prod,api-gateway,Partner API call served,12574
2026-07-15T16:00:00Z,prod,api-gateway,Partner API call served,12751
2026-07-15T17:00:00Z,prod,api-gateway,Partner API call served,10480
2026-07-15T18:00:00Z,prod,api-gateway,Partner API call served,9881
2026-07-15T19:00:00Z,prod,api-gateway,Partner API call served,8293
2026-07-15T20:00:00Z,prod,api-gateway,Partner API call served,9454
2026-07-15T21:00:00Z,prod,api-gateway,Partner API call served,9274
2026-07-15T22:00:00Z,prod,api-gateway,Partner API call served,9193
2026-07-15T23:00:00Z,prod,api-gateway,Partner API call served,9452
2026-07-16T00:00:00Z,prod,api-gateway,Partner API call served,8443
2026-07-16T01:00:00Z,prod,api-gateway,Partner API call served,9004
2026-07-16T02:00:00Z,prod,api-gateway,Partner API call served,8328
2026-07-16T03:00:00Z,prod,api-gateway,Partner API call served,8178
2026-07-16T04:00:00Z,prod,api-gateway,Partner API call served,8980
2026-07-16T05:00:00Z,prod,api-gateway,Partner API call served,8341
2026-07-16T06:00:00Z,prod,api-gateway,Partner API call served,8969
2026-07-16T07:00:00Z,prod,api-gateway,Partner API call served,8177
2026-07-16T08:00:00Z,prod,api-gateway,Partner API call served,10754
2026-07-16T09:00:00Z,prod,api-gateway,Partner API call served,11521
2026-07-16T10:00:00Z,prod,api-gateway,Partner API call served,11643
2026-07-16T11:00:00Z,prod,api-gateway,Partner API call served,11986
2026-07-16T12:00:00Z,prod,api-gateway,Partner API call served,13180
2026-07-16T13:00:00Z,prod,api-gateway,Partner API call served,13837
2026-07-16T14:00:00Z,prod,api-gateway,Partner API call served,13123
2026-07-16T15:00:00Z,prod,api-gateway,Partner API call served,13466
2026-07-16T16:00:00Z,prod,api-gateway,Partner API call served,13352
2026-07-16T17:00:00Z,prod,api-gateway,Partner API call served,10380
2026-07-16T18:00:00Z,prod,api-gateway,Partner API call served,10817
2026-07-16T19:00:00Z,prod,api-gateway,Partner API call served,9537
2026-07-16T20:00:00Z,prod,api-gateway,Partner API call served,9149
2026-07-16T21:00:00Z,prod,api-gateway,Partner API call served,8694
2026-07-16T22:00:00Z,prod,api-gateway,Partner API call served,8758
2026-07-16T23:00:00Z,prod,api-gateway,Partner API call served,9037
2026-07-17T00:00:00Z,prod,api-gateway,Partner API call served,8022
2026-07-17T01:00:00Z,prod,api-gateway,Partner API call served,8193
2026-07-17T02:00:00Z,prod,api-gateway,Partner API call served,8118
2026-07-17T03:00:00Z,prod,api-gateway,Partner API call served,7878
2026-07-17T04:00:00Z,prod,api-gateway,Partner API call served,9096
2026-07-17T05:00:00Z,prod,api-gateway,Partner API call served,7925
2026-07-17T06:00:00Z,prod,api-gateway,Partner API call served,8054
2026-07-17T07:00:00Z,prod,api-gateway,Partner API call served,8139
2026-07-17T08:00:00Z,prod,api-gateway,Partner API call served,9045
2026-07-17T09:00:00Z,prod,api-gateway,Partner API call served,10585
2026-07-17T10:00:00Z,prod,api-gateway,Partner API call served,13025
2026-07-17T11:00:00Z,prod,api-gateway,Partner API call served,13094
2026-07-17T12:00:00Z,prod,api-gateway,Partner API call served,14586
2026-07-17T13:00:00Z,prod,api-gateway,Partner API call served,12703
2026-07-17T14:00:00Z,prod,api-gateway,Partner API call served,14228
2026-07-17T15:00:00Z,prod,api-gateway,Partner API call served,13462
2026-07-17T16:00:00Z,prod,api-gateway,Partner API call served,12965
2026-07-17T17:00:00Z,prod,api-gateway,Partner API call served,10967
2026-07-17T18:00:00Z,prod,api-gateway,Partner API call served,9130
2026-07-17T19:00:00Z,prod,api-gateway,Partner API call served,9243
2026-07-17T20:00:00Z,prod,api-gateway,Partner API call served,9010
2026-07-17T21:00:00Z,prod,api-gateway,Partner API call served,7908
2026-07-17T22:00:00Z,prod,api-gateway,Partner API call served,8004
2026-07-17T23:00:00Z,prod,api-gateway,Partner API call served,7964
2026-07-18T00:00:00Z,prod,api-gateway,Partner API call served,6901
2026-07-18T01:00:00Z,prod,api-gateway,Partner API call served,6980
2026-07-18T02:00:00Z,prod,api-gateway,Partner API call served,6606
2026-07-18T03:00:00Z,prod,api-gateway,Partner API call served,6835
2026-07-18T04:00:00Z,prod,api-gateway,Partner API call served,6920
2026-07-18T05:00:00Z,prod,api-gateway,Partner API call served,6813
2026-07-18T06:00:00Z,prod,api-gateway,Partner API call served,6983
2026-07-18T07:00:00Z,prod,api-gateway,Partner API call served,6765
2026-07-18T08:00:00Z,prod,api-gateway,Partner API call served,6866
2026-07-18T09:00:00Z,prod,api-gateway,Partner API call served,7862
2026-07-18T10:00:00Z,prod,api-gateway,Partner API call served,8308
2026-07-18T11:00:00Z,prod,api-gateway,Partner API call served,10125
2026-07-18T12:00:00Z,prod,api-gateway,Partner API call served,10850
2026-07-18T13:00:00Z,prod,api-gateway,Partner API call served,9988
2026-07-18T14:00:00Z,prod,api-gateway,Partner API call served,11063
2026-07-18T15:00:00Z,prod,api-gateway,Partner API call served,10147
2026-07-18T16:00:00Z,prod,api-gateway,Partner API call served,8482
2026-07-18T17:00:00Z,prod,api-gateway,Partner API call served,7966
2026-07-18T18:00:00Z,prod,api-gateway,Partner API call served,7835
2026-07-18T19:00:00Z,prod,api-gateway,Partner API call served,6397
2026-07-18T20:00:00Z,prod,api-gateway,Partner API call served,7067
2026-07-18T21:00:00Z,prod,api-gateway,Partner API call served,6620
2026-07-18T22:00:00Z,prod,api-gateway,Partner API call served,6918
2026-07-18T23:00:00Z,prod,api-gateway,Partner API call served,7003
2026-07-19T00:00:00Z,prod,api-gateway,Partner API call served,6071
2026-07-19T01:00:00Z,prod,api-gateway,Partner API call served,5867
2026-07-19T02:00:00Z,prod,api-gateway,Partner API call served,6015
2026-07-19T03:00:00Z,prod,api-gateway,Partner API call served,6853
2026-07-19T04:00:00Z,prod,api-gateway,Partner API call served,6518
2026-07-19T05:00:00Z,prod,api-gateway,Partner API call served,6625
2026-07-19T06:00:00Z,prod,api-gateway,Partner API call served,6215
2026-07-19T07:00:00Z,prod,api-gateway,Partner API call served,6579
2026-07-19T08:00:00Z,prod,api-gateway,Partner API call served,7733
2026-07-19T09:00:00Z,prod,api-gateway,Partner API call served,8514
2026-07-19T10:00:00Z,prod,api-gateway,Partner API call served,9235
2026-07-19T11:00:00Z,prod,api-gateway,Partner API call served,9965
2026-07-19T12:00:00Z,prod,api-gateway,Partner API call served,10569
2026-07-19T13:00:00Z,prod,api-gateway,Partner API call served,10473
2026-07-19T14:00:00Z,prod,api-gateway,Partner API call served,11034
2026-07-19T15:00:00Z,prod,api-gateway,Partner API call served,8744
2026-07-19T16:00:00Z,prod,api-gateway,Partner API call served,8786
2026-07-19T17:00:00Z,prod,api-gateway,Partner API call served,8086
2026-07-19T18:00:00Z,prod,api-gateway,Partner API call served,7084
2026-07-19T19:00:00Z,prod,api-gateway,Partner API call served,6992
2026-07-19T20:00:00Z,prod,api-gateway,Partner API call served,7042
2026-07-19T21:00:00Z,prod,api-gateway,Partner API call served,6162
2026-07-19T22:00:00Z,prod,api-gateway,Partner API call served,6271
2026-07-19T23:00:00Z,prod,api-gateway,Partner API call served,6734
2026-07-20T00:00:00Z,prod,api-gateway,Partner API call served,8540
2026-07-20T01:00:00Z,prod,api-gateway,Partner API call served,8520
2026-07-20T02:00:00Z,prod,api-gateway,Partner API call served,8305
2026-07-20T03:00:00Z,prod,api-gateway,Partner API call served,8015
2026-07-20T04:00:00Z,prod,api-gateway,Partner API call served,8388
2026-07-20T05:00:00Z,prod,api-gateway,Partner API call served,8289
2026-07-20T06:00:00Z,prod,api-gateway,Partner API call served,9159
2026-07-20T07:00:00Z,prod,api-gateway,Partner API call served,7910
2026-07-20T08:00:00Z,prod,api-gateway,Partner API call served,10081
2026-07-20T09:00:00Z,prod,api-gateway,Partner API call served,10099
2026-07-20T10:00:00Z,prod,api-gateway,Partner API call served,12099
2026-07-20T11:00:00Z,prod,api-gateway,Partner API call served,11788
2026-07-20T12:00:00Z,prod,api-gateway,Partner API call served,12792
2026-07-20T13:00:00Z,prod,api-gateway,Partner API call served,12321
2026-07-20T14:00:00Z,prod,api-gateway,Partner API call served,13883
2026-07-20T15:00:00Z,prod,api-gateway,Partner API call served,13866
2026-07-20T16:00:00Z,prod,api-gateway,Partner API call served,13249
2026-07-20T17:00:00Z,prod,api-gateway,Partner API call served,11371
2026-07-20T18:00:00Z,prod,api-gateway,Partner API call served,9104
2026-07-20T19:00:00Z,prod,api-gateway,Partner API call served,8319
2026-07-20T20:00:00Z,prod,api-gateway,Partner API call served,8683
2026-07-20T21:00:00Z,prod,api-gateway,Partner API call served,8071
2026-07-20T22:00:00Z,prod,api-gateway,Partner API call served,7853
2026-07-20T23:00:00Z,prod,api-gateway,Partner API call served,9471
2026-07-21T00:00:00Z,prod,api-gateway,Partner API call served,8828
2026-07-21T01:00:00Z,prod,api-gateway,Partner API call served,9152
2026-07-21T02:00:00Z,prod,api-gateway,Partner API call served,8450
2026-07-21T03:00:00Z,prod,api-gateway,Partner API call served,8197
2026-07-21T04:00:00Z,prod,api-gateway,Partner API call served,7902
2026-07-21T05:00:00Z,prod,api-gateway,Partner API call served,8208
2026-07-21T06:00:00Z,prod,api-gateway,Partner API call served,8775
2026-07-21T07:00:00Z,prod,api-gateway,Partner API call served,8133
2026-07-21T08:00:00Z,prod,api-gateway,Partner API call served,10826
2026-07-21T09:00:00Z,prod,api-gateway,Partner API call served,11168
2026-07-21T10:00:00Z,prod,api-gateway,Partner API call served,12660
2026-07-21T11:00:00Z,prod,api-gateway,Partner API call served,13690
2026-07-21T12:00:00Z,prod,api-gateway,Partner API call served,12721
2026-07-21T13:00:00Z,prod,api-gateway,Partner API call served,12292
2026-07-21T14:00:00Z,prod,api-gateway,Partner API call served,14466
2026-07-21T15:00:00Z,prod,api-gateway,Partner API call served,12508
2026-07-21T16:00:00Z,prod,api-gateway,Partner API call served,11881
2026-07-21T17:00:00Z,prod,api-gateway,Partner API call served,11418
2026-07-21T18:00:00Z,prod,api-gateway,Partner API call served,10613
2026-07-21T19:00:00Z,prod,api-gateway,Partner API call served,8182
2026-07-21T20:00:00Z,prod,api-gateway,Partner API call served,8620
2026-07-21T21:00:00Z,prod,api-gateway,Partner API call served,8205
2026-07-21T22:00:00Z,prod,api-gateway,Partner API call served,8067
2026-07-21T23:00:00Z,prod,api-gateway,Partner API call served,7947
2026-07-22T00:00:00Z,prod,api-gateway,Partner API call served,8047
2026-07-22T01:00:00Z,prod,api-gateway,Partner API call served,9025
2026-07-22T02:00:00Z,prod,api-gateway,Partner API call served,8752
2026-07-22T03:00:00Z,prod,api-gateway,Partner API call served,7836
2026-07-22T04:00:00Z,prod,api-gateway,Partner API call served,8260
2026-07-22T05:00:00Z,prod,api-gateway,Partner API call served,9420
2026-07-22T06:00:00Z,prod,api-gateway,Partner API call served,8436
2026-07-22T07:00:00Z,prod,api-gateway,Partner API call served,9448
2026-07-22T08:00:00Z,prod,api-gateway,Partner API call served,10636
2026-07-22T09:00:00Z,prod,api-gateway,Partner API call served,10309
2026-07-22T10:00:00Z,prod,api-gateway,Partner API call served,11487
2026-07-22T11:00:00Z,prod,api-gateway,Partner API call served,13558
2026-07-22T12:00:00Z,prod,api-gateway,Partner API call served,14322
2026-07-22T13:00:00Z,prod,api-gateway,Partner API call served,13503
2026-07-22T14:00:00Z,prod,api-gateway,Partner API call served,14261
2026-07-22T15:00:00Z,prod,api-gateway,Partner API call served,12720
2026-07-22T16:00:00Z,prod,api-gateway,Partner API call served,11680
2026-07-22T17:00:00Z,prod,api-gateway,Partner API call served,9932
2026-07-22T18:00:00Z,prod,api-gateway,Partner API call served,9161
2026-07-22T19:00:00Z,prod,api-gateway,Partner API call served,8050
2026-07-22T20:00:00Z,prod,api-gateway,Partner API call served,8088
2026-07-22T21:00:00Z,prod,api-gateway,Partner API call served,8812
2026-07-22T22:00:00Z,prod,api-gateway,Partner API call served,9273
2026-07-22T23:00:00Z,prod,api-gateway,Partner API call served,8655
2026-07-23T00:00:00Z,prod,api-gateway,Partner API call served,8735
2026-07-23T01:00:00Z,prod,api-gateway,Partner API call served,8598
2026-07-23T02:00:00Z,prod,api-gateway,Partner API call served,9077
2026-07-23T03:00:00Z,prod,api-gateway,Partner API call served,8985
2026-07-23T04:00:00Z,prod,api-gateway,Partner API call served,9397
2026-07-23T05:00:00Z,prod,api-gateway,Partner API call served,7803
2026-07-23T06:00:00Z,prod,api-gateway,Partner API call served,8865
2026-07-23T07:00:00Z,prod,api-gateway,Partner API call served,8215
2026-07-23T08:00:00Z,prod,api-gateway,Partner API call served,9269
2026-07-23T09:00:00Z,prod,api-gateway,Partner API call served,10852
2026-07-23T10:00:00Z,prod,api-gateway,Partner API call served,11748
2026-07-23T11:00:00Z,prod,api-gateway,Partner API call served,11557
2026-07-23T12:00:00Z,prod,api-gateway,Partner API call served,12821
2026-07-23T13:00:00Z,prod,api-gateway,Partner API call served,12263
2026-07-23T14:00:00Z,prod,api-gateway,Partner API call served,13694
2026-07-23T15:00:00Z,prod,api-gateway,Partner API call served,13253
2026-07-23T16:00:00Z,prod,api-gateway,Partner API call served,12837
2026-07-23T17:00:00Z,prod,api-gateway,Partner API call served,10451
2026-07-23T18:00:00Z,prod,api-gateway,Partner API call served,9823
2026-07-23T19:00:00Z,prod,api-gateway,Partner API call served,8049
2026-07-23T20:00:00Z,prod,api-gateway,Partner API call served,8452
2026-07-23T21:00:00Z,prod,api-gateway,Partner API call served,8835
2026-07-23T22:00:00Z,prod,api-gateway,Partner API call served,8102
2026-07-23T23:00:00Z,prod,api-gateway,Partner API call served,7786
2026-07-24T00:00:00Z,prod,api-gateway,Partner API call served,8567
2026-07-24T01:00:00Z,prod,api-gateway,Partner API call served,7715
2026-07-24T02:00:00Z,prod,api-gateway,Partner API call served,7868
2026-07-24T03:00:00Z,prod,api-gateway,Partner API call served,8676
2026-07-24T04:00:00Z,prod,api-gateway,Partner API call served,8164
2026-07-24T05:00:00Z,prod,api-gateway,Partner API call served,8470
2026-07-24T06:00:00Z,prod,api-gateway,Partner API call served,7851
2026-07-24T07:00:00Z,prod,api-gateway,Partner API call served,7728
2026-07-24T08:00:00Z,prod,api-gateway,Partner API call served,9932
2026-07-24T09:00:00Z,prod,api-gateway,Partner API call served,11743
2026-07-24T10:00:00Z,prod,api-gateway,Partner API call served,12197
2026-07-24T11:00:00Z,prod,api-gateway,Partner API call served,11749
2026-07-24T12:00:00Z,prod,api-gateway,Partner API call served,13184
2026-07-24T13:00:00Z,prod,api-gateway,Partner API call served,12628
2026-07-24T14:00:00Z,prod,api-gateway,Partner API call served,13133
2026-07-24T15:00:00Z,prod,api-gateway,Partner API call served,13711
2026-07-24T16:00:00Z,prod,api-gateway,Partner API call served,11181
2026-07-24T17:00:00Z,prod,api-gateway,Partner API call served,10559
2026-07-24T18:00:00Z,prod,api-gateway,Partner API call served,10167
2026-07-24T19:00:00Z,prod,api-gateway,Partner API call served,8303
2026-07-24T20:00:00Z,prod,api-gateway,Partner API call served,8231
2026-07-24T21:00:00Z,prod,api-gateway,Partner API call served,7736
2026-07-24T22:00:00Z,prod,api-gateway,Partner API call served,8689
2026-07-24T23:00:00Z,prod,api-gateway,Partner API call served,7849
2026-07-25T00:00:00Z,prod,api-gateway,Partner API call served,6809
2026-07-25T01:00:00Z,prod,api-gateway,Partner API call served,5790
2026-07-25T02:00:00Z,prod,api-gateway,Partner API call served,6561
2026-07-25T03:00:00Z,prod,api-gateway,Partner API call served,6879
2026-07-25T04:00:00Z,prod,api-gateway,Partner API call served,5831
2026-07-25T05:00:00Z,prod,api-gateway,Partner API call served,6375
2026-07-25T06:00:00Z,prod,api-gateway,Partner API call served,5838
2026-07-25T07:00:00Z,prod,api-gateway,Partner API call served,6069
2026-07-25T08:00:00Z,prod,api-gateway,Partner API call served,7435
2026-07-25T09:00:00Z,prod,api-gateway,Partner API call served,8871
2026-07-25T10:00:00Z,prod,api-gateway,Partner API call served,8420
2026-07-25T11:00:00Z,prod,api-gateway,Partner API call served,9937
2026-07-25T12:00:00Z,prod,api-gateway,Partner API call served,9835
2026-07-25T13:00:00Z,prod,api-gateway,Partner API call served,10620
2026-07-25T14:00:00Z,prod,api-gateway,Partner API call served,10047
2026-07-25T15:00:00Z,prod,api-gateway,Partner API call served,9657
2026-07-25T16:00:00Z,prod,api-gateway,Partner API call served,8883
2026-07-25T17:00:00Z,prod,api-gateway,Partner API call served,8021
2026-07-25T18:00:00Z,prod,api-gateway,Partner API call served,6949
2026-07-25T19:00:00Z,prod,api-gateway,Partner API call served,5926
2026-07-25T20:00:00Z,prod,api-gateway,Partner API call served,6637
2026-07-25T21:00:00Z,prod,api-gateway,Partner API call served,6097
2026-07-25T22:00:00Z,prod,api-gateway,Partner API call served,6787
2026-07-25T23:00:00Z,prod,api-gateway,Partner API call served,6696
2026-07-26T00:00:00Z,prod,api-gateway,Partner API call served,5884
2026-07-26T01:00:00Z,prod,api-gateway,Partner API call served,6821
2026-07-26T02:00:00Z,prod,api-gateway,Partner API call served,5872
2026-07-26T03:00:00Z,prod,api-gateway,Partner API call served,6746
2026-07-26T04:00:00Z,prod,api-gateway,Partner API call served,5803
2026-07-26T05:00:00Z,prod,api-gateway,Partner API call served,6385
2026-07-26T06:00:00Z,prod,api-gateway,Partner API call served,6388
2026-07-26T07:00:00Z,prod,api-gateway,Partner API call served,6096
2026-07-26T08:00:00Z,prod,api-gateway,Partner API call served,6778
2026-07-26T09:00:00Z,prod,api-gateway,Partner API call served,7542
2026-07-26T10:00:00Z,prod,api-gateway,Partner API call served,8307
2026-07-26T11:00:00Z,prod,api-gateway,Partner API call served,9559
2026-07-26T12:00:00Z,prod,api-gateway,Partner API call served,9973
2026-07-26T13:00:00Z,prod,api-gateway,Partner API call served,10095
2026-07-26T14:00:00Z,prod,api-gateway,Partner API call served,9735
2026-07-26T15:00:00Z,prod,api-gateway,Partner API call served,9354
2026-07-13T07:00:00Z,staging,api-gateway,Partner API call served,404
2026-07-13T08:00:00Z,staging,api-gateway,Partner API call served,543
2026-07-13T09:00:00Z,staging,api-gateway,Partner API call served,528
2026-07-13T10:00:00Z,staging,api-gateway,Partner API call served,611
2026-07-13T11:00:00Z,staging,api-gateway,Partner API call served,718
2026-07-13T12:00:00Z,staging,api-gateway,Partner API call served,688
2026-07-13T13:00:00Z,staging,api-gateway,Partner API call served,631
2026-07-13T14:00:00Z,staging,api-gateway,Partner API call served,620
2026-07-13T15:00:00Z,staging,api-gateway,Partner API call served,658
2026-07-13T16:00:00Z,staging,api-gateway,Partner API call served,616
2026-07-13T17:00:00Z,staging,api-gateway,Partner API call served,572
2026-07-13T18:00:00Z,staging,api-gateway,Partner API call served,500
2026-07-14T07:00:00Z,staging,api-gateway,Partner API call served,434
2026-07-14T08:00:00Z,staging,api-gateway,Partner API call served,543
2026-07-14T09:00:00Z,staging,api-gateway,Partner API call served,563
2026-07-14T10:00:00Z,staging,api-gateway,Partner API call served,579
2026-07-14T11:00:00Z,staging,api-gateway,Partner API call served,635
2026-07-14T12:00:00Z,staging,api-gateway,Partner API call served,713
2026-07-14T13:00:00Z,staging,api-gateway,Partner API call served,631
2026-07-14T14:00:00Z,staging,api-gateway,Partner API call served,678
2026-07-14T15:00:00Z,staging,api-gateway,Partner API call served,609
2026-07-14T16:00:00Z,staging,api-gateway,Partner API call served,605
2026-07-14T17:00:00Z,staging,api-gateway,Partner API call served,516
2026-07-14T18:00:00Z,staging,api-gateway,Partner API call served,465
2026-07-15T07:00:00Z,staging,api-gateway,Partner API call served,452
2026-07-15T08:00:00Z,staging,api-gateway,Partner API call served,482
2026-07-15T09:00:00Z,staging,api-gateway,Partner API call served,523
2026-07-15T10:00:00Z,staging,api-gateway,Partner API call served,638
2026-07-15T11:00:00Z,staging,api-gateway,Partner API call served,702
2026-07-15T12:00:00Z,staging,api-gateway,Partner API call served,632
2026-07-15T13:00:00Z,staging,api-gateway,Partner API call served,706
2026-07-15T14:00:00Z,staging,api-gateway,Partner API call served,733
2026-07-15T15:00:00Z,staging,api-gateway,Partner API call served,681
2026-07-15T16:00:00Z,staging,api-gateway,Partner API call served,624
2026-07-15T17:00:00Z,staging,api-gateway,Partner API call served,610
2026-07-15T18:00:00Z,staging,api-gateway,Partner API call served,534
2026-07-16T07:00:00Z,staging,api-gateway,Partner API call served,436
2026-07-16T08:00:00Z,staging,api-gateway,Partner API call served,469
2026-07-16T09:00:00Z,staging,api-gateway,Partner API call served,599
2026-07-16T10:00:00Z,staging,api-gateway,Partner API call served,586
2026-07-16T11:00:00Z,staging,api-gateway,Partner API call served,638
2026-07-16T12:00:00Z,staging,api-gateway,Partner API call served,609
2026-07-16T13:00:00Z,staging,api-gateway,Partner API call served,751
2026-07-16T14:00:00Z,staging,api-gateway,Partner API call served,661
2026-07-16T15:00:00Z,staging,api-gateway,Partner API call served,707
2026-07-16T16:00:00Z,staging,api-gateway,Partner API call served,602
2026-07-16T17:00:00Z,staging,api-gateway,Partner API call served,549
2026-07-16T18:00:00Z,staging,api-gateway,Partner API call served,474
2026-07-17T07:00:00Z,staging,api-gateway,Partner API call served,413
2026-07-17T08:00:00Z,staging,api-gateway,Partner API call served,473
2026-07-17T09:00:00Z,staging,api-gateway,Partner API call served,563
2026-07-17T10:00:00Z,staging,api-gateway,Partner API call served,586
2026-07-17T11:00:00Z,staging,api-gateway,Partner API call served,685
2026-07-17T12:00:00Z,staging,api-gateway,Partner API call served,721
2026-07-17T13:00:00Z,staging,api-gateway,Partner API call served,692
2026-07-17T14:00:00Z,staging,api-gateway,Partner API call served,660
2026-07-17T15:00:00Z,staging,api-gateway,Partner API call served,601
2026-07-17T16:00:00Z,staging,api-gateway,Partner API call served,621
2026-07-17T17:00:00Z,staging,api-gateway,Partner API call served,570
2026-07-17T18:00:00Z,staging,api-gateway,Partner API call served,472
2026-07-20T07:00:00Z,staging,api-gateway,Partner API call served,447
2026-07-20T08:00:00Z,staging,api-gateway,Partner API call served,463
2026-07-20T09:00:00Z,staging,api-gateway,Partner API call served,521
2026-07-20T10:00:00Z,staging,api-gateway,Partner API call served,571
2026-07-20T11:00:00Z,staging,api-gateway,Partner API call served,705
2026-07-20T12:00:00Z,staging,api-gateway,Partner API call served,683
2026-07-20T13:00:00Z,staging,api-gateway,Partner API call served,679
2026-07-20T14:00:00Z,staging,api-gateway,Partner API call served,666
2026-07-20T15:00:00Z,staging,api-gateway,Partner API call served,617
2026-07-20T16:00:00Z,staging,api-gateway,Partner API call served,578
2026-07-20T17:00:00Z,staging,api-gateway,Partner API call served,504
2026-07-20T18:00:00Z,staging,api-gateway,Partner API call served,454
2026-07-21T07:00:00Z,staging,api-gateway,Partner API call served,394
2026-07-21T08:00:00Z,staging,api-gateway,Partner API call served,516
2026-07-21T09:00:00Z,staging,api-gateway,Partner API call served,541
2026-07-21T10:00:00Z,staging,api-gateway,Partner API call served,619
2026-07-21T11:00:00Z,staging,api-gateway,Partner API call served,590
2026-07-21T12:00:00Z,staging,api-gateway,Partner API call served,610
2026-07-21T13:00:00Z,staging,api-gateway,Partner API call served,644
2026-07-21T14:00:00Z,staging,api-gateway,Partner API call served,721
2026-07-21T15:00:00Z,staging,api-gateway,Partner API call served,592
2026-07-21T16:00:00Z,staging,api-gateway,Partner API call served,558
2026-07-21T17:00:00Z,staging,api-gateway,Partner API call served,542
2026-07-21T18:00:00Z,staging,api-gateway,Partner API call served,490
2026-07-22T07:00:00Z,staging,api-gateway,Partner API call served,421
2026-07-22T08:00:00Z,staging,api-gateway,Partner API call served,492
2026-07-22T09:00:00Z,staging,api-gateway,Partner API call served,603
2026-07-22T10:00:00Z,staging,api-gateway,Partner API call served,572
2026-07-22T11:00:00Z,staging,api-gateway,Partner API call served,631
2026-07-22T12:00:00Z,staging,api-gateway,Partner API call served,634
2026-07-22T13:00:00Z,staging,api-gateway,Partner API call served,738
2026-07-22T14:00:00Z,staging,api-gateway,Partner API call served,726
2026-07-22T15:00:00Z,staging,api-gateway,Partner API call served,682
2026-07-22T16:00:00Z,staging,api-gateway,Partner API call served,588
2026-07-22T17:00:00Z,staging,api-gateway,Partner API call served,579
2026-07-22T18:00:00Z,staging,api-gateway,Partner API call served,519
2026-07-23T07:00:00Z,staging,api-gateway,Partner API call served,452
2026-07-23T08:00:00Z,staging,api-gateway,Partner API call served,506
2026-07-23T09:00:00Z,staging,api-gateway,Partner API call served,536
2026-07-23T10:00:00Z,staging,api-gateway,Partner API call served,629
2026-07-23T11:00:00Z,staging,api-gateway,Partner API call served,691
2026-07-23T12:00:00Z,staging,api-gateway,Partner API call served,690
2026-07-23T13:00:00Z,staging,api-gateway,Partner API call served,656
2026-07-23T14:00:00Z,staging,api-gateway,Partner API call served,712
2026-07-23T15:00:00Z,staging,api-gateway,Partner API call served,593
2026-07-23T16:00:00Z,staging,api-gateway,Partner API call served,612
2026-07-23T17:00:00Z,staging,api-gateway,Partner API call served,539
2026-07-23T18:00:00Z,staging,api-gateway,Partner API call served,444
2026-07-24T07:00:00Z,staging,api-gateway,Partner API call served,409
2026-07-24T08:00:00Z,staging,api-gateway,Partner API call served,452
2026-07-24T09:00:00Z,staging,api-gateway,Partner API call served,546
2026-07-24T10:00:00Z,staging,api-gateway,Partner API call served,615
2026-07-24T11:00:00Z,staging,api-gateway,Partner API call served,639
2026-07-24T12:00:00Z,staging,api-gateway,Partner API call served,706
2026-07-24T13:00:00Z,staging,api-gateway,Partner API call served,624
2026-07-24T14:00:00Z,staging,api-gateway,Partner API call served,700
2026-07-24T15:00:00Z,staging,api-gateway,Partner API call served,644
2026-07-24T16:00:00Z,staging,api-gateway,Partner API call served,591
2026-07-24T17:00:00Z,staging,api-gateway,Partner API call served,534
2026-07-24T18:00:00Z,staging,api-gateway,Partner API call served,505
2026-07-12T16:00:00Z,prod,auth-service,Login completed,633
2026-07-12T17:00:00Z,prod,auth-service,Login completed,508
2026-07-12T18:00:00Z,prod,auth-service,Login completed,453
2026-07-12T19:00:00Z,prod,auth-service,Login completed,456
2026-07-12T20:00:00Z,prod,auth-service,Login completed,406
2026-07-12T21:00:00Z,prod,auth-service,Login completed,411
2026-07-12T22:00:00Z,prod,auth-service,Login completed,386
2026-07-12T23:00:00Z,prod,auth-service,Login completed,399
2026-07-13T00:00:00Z,prod,auth-service,Login completed,547
2026-07-13T01:00:00Z,prod,auth-service,Login completed,579
2026-07-13T02:00:00Z,prod,auth-service,Login completed,609
2026-07-13T03:00:00Z,prod,auth-service,Login completed,579
2026-07-13T04:00:00Z,prod,auth-service,Login completed,547
2026-07-13T05:00:00Z,prod,auth-service,Login completed,547
2026-07-13T06:00:00Z,prod,auth-service,Login completed,563
2026-07-13T07:00:00Z,prod,auth-service,Login completed,519
2026-07-13T08:00:00Z,prod,auth-service,Login completed,580
2026-07-13T09:00:00Z,prod,auth-service,Login completed,748
2026-07-13T10:00:00Z,prod,auth-service,Login completed,860
2026-07-13T11:00:00Z,prod,auth-service,Login completed,898
2026-07-13T12:00:00Z,prod,auth-service,Login completed,824
2026-07-13T13:00:00Z,prod,auth-service,Login completed,928
2026-07-13T14:00:00Z,prod,auth-service,Login completed,807
2026-07-13T15:00:00Z,prod,auth-service,Login completed,878
2026-07-13T16:00:00Z,prod,auth-service,Login completed,735
2026-07-13T17:00:00Z,prod,auth-service,Login completed,742
2026-07-13T18:00:00Z,prod,auth-service,Login completed,579
2026-07-13T19:00:00Z,prod,auth-service,Login completed,560
2026-07-13T20:00:00Z,prod,auth-service,Login completed,613
2026-07-13T21:00:00Z,prod,auth-service,Login completed,561
2026-07-13T22:00:00Z,prod,auth-service,Login completed,504
2026-07-13T23:00:00Z,prod,auth-service,Login completed,527
2026-07-14T00:00:00Z,prod,auth-service,Login completed,507
2026-07-14T01:00:00Z,prod,auth-service,Login completed,608
2026-07-14T02:00:00Z,prod,auth-service,Login completed,510
2026-07-14T03:00:00Z,prod,auth-service,Login completed,511
2026-07-14T04:00:00Z,prod,auth-service,Login completed,529
2026-07-14T05:00:00Z,prod,auth-service,Login completed,611
2026-07-14T06:00:00Z,prod,auth-service,Login completed,555
2026-07-14T07:00:00Z,prod,auth-service,Login completed,598
2026-07-14T08:00:00Z,prod,auth-service,Login completed,669
2026-07-14T09:00:00Z,prod,auth-service,Login completed,701
2026-07-14T10:00:00Z,prod,auth-service,Login completed,851
2026-07-14T11:00:00Z,prod,auth-service,Login completed,861
2026-07-14T12:00:00Z,prod,auth-service,Login completed,912
2026-07-14T13:00:00Z,prod,auth-service,Login completed,824
2026-07-14T14:00:00Z,prod,auth-service,Login completed,788
2026-07-14T15:00:00Z,prod,auth-service,Login completed,802
2026-07-14T16:00:00Z,prod,auth-service,Login completed,823
2026-07-14T17:00:00Z,prod,auth-service,Login completed,733
2026-07-14T18:00:00Z,prod,auth-service,Login completed,697
2026-07-14T19:00:00Z,prod,auth-service,Login completed,505
2026-07-14T20:00:00Z,prod,auth-service,Login completed,517
2026-07-14T21:00:00Z,prod,auth-service,Login completed,610
2026-07-14T22:00:00Z,prod,auth-service,Login completed,577
2026-07-14T23:00:00Z,prod,auth-service,Login completed,551
2026-07-15T00:00:00Z,prod,auth-service,Login completed,551
2026-07-15T01:00:00Z,prod,auth-service,Login completed,502
2026-07-15T02:00:00Z,prod,auth-service,Login completed,577
2026-07-15T03:00:00Z,prod,auth-service,Login completed,536
2026-07-15T04:00:00Z,prod,auth-service,Login completed,530
2026-07-15T05:00:00Z,prod,auth-service,Login completed,571
2026-07-15T06:00:00Z,prod,auth-service,Login completed,508
2026-07-15T07:00:00Z,prod,auth-service,Login completed,504
2026-07-15T08:00:00Z,prod,auth-service,Login completed,656
2026-07-15T09:00:00Z,prod,auth-service,Login completed,687
2026-07-15T10:00:00Z,prod,auth-service,Login completed,812
2026-07-15T11:00:00Z,prod,auth-service,Login completed,804
2026-07-15T12:00:00Z,prod,auth-service,Login completed,920
2026-07-15T13:00:00Z,prod,auth-service,Login completed,873
2026-07-15T14:00:00Z,prod,auth-service,Login completed,806
2026-07-15T15:00:00Z,prod,auth-service,Login completed,839
2026-07-15T16:00:00Z,prod,auth-service,Login completed,742
2026-07-15T17:00:00Z,prod,auth-service,Login completed,699
2026-07-15T18:00:00Z,prod,auth-service,Login completed,604
2026-07-15T19:00:00Z,prod,auth-service,Login completed,558
2026-07-15T20:00:00Z,prod,auth-service,Login completed,508
2026-07-15T21:00:00Z,prod,auth-service,Login completed,542
2026-07-15T22:00:00Z,prod,auth-service,Login completed,566
2026-07-15T23:00:00Z,prod,auth-service,Login completed,501
2026-07-16T00:00:00Z,prod,auth-service,Login completed,559
2026-07-16T01:00:00Z,prod,auth-service,Login completed,562
2026-07-16T02:00:00Z,prod,auth-service,Login completed,516
2026-07-16T03:00:00Z,prod,auth-service,Login completed,517
2026-07-16T04:00:00Z,prod,auth-service,Login completed,555
2026-07-16T05:00:00Z,prod,auth-service,Login completed,589
2026-07-16T06:00:00Z,prod,auth-service,Login completed,514
2026-07-16T07:00:00Z,prod,auth-service,Login completed,547
2026-07-16T08:00:00Z,prod,auth-service,Login completed,689
2026-07-16T09:00:00Z,prod,auth-service,Login completed,732
2026-07-16T10:00:00Z,prod,auth-service,Login completed,735
2026-07-16T11:00:00Z,prod,auth-service,Login completed,875
2026-07-16T12:00:00Z,prod,auth-service,Login completed,854
2026-07-16T13:00:00Z,prod,auth-service,Login completed,820
2026-07-16T14:00:00Z,prod,auth-service,Login completed,789
2026-07-16T15:00:00Z,prod,auth-service,Login completed,863
2026-07-16T16:00:00Z,prod,auth-service,Login completed,759
2026-07-16T17:00:00Z,prod,auth-service,Login completed,654
2026-07-16T18:00:00Z,prod,auth-service,Login completed,670
2026-07-16T19:00:00Z,prod,auth-service,Login completed,503
2026-07-16T20:00:00Z,prod,auth-service,Login completed,513
2026-07-16T21:00:00Z,prod,auth-service,Login completed,576
2026-07-16T22:00:00Z,prod,auth-service,Login completed,573
2026-07-16T23:00:00Z,prod,auth-service,Login completed,571
2026-07-17T00:00:00Z,prod,auth-service,Login completed,567
2026-07-17T01:00:00Z,prod,auth-service,Login completed,545
2026-07-17T02:00:00Z,prod,auth-service,Login completed,605
2026-07-17T03:00:00Z,prod,auth-service,Login completed,564
2026-07-17T04:00:00Z,prod,auth-service,Login completed,571
2026-07-17T05:00:00Z,prod,auth-service,Login completed,558
2026-07-17T06:00:00Z,prod,auth-service,Login completed,583
2026-07-17T07:00:00Z,prod,auth-service,Login completed,508
2026-07-17T08:00:00Z,prod,auth-service,Login completed,634
2026-07-17T09:00:00Z,prod,auth-service,Login completed,741
2026-07-17T10:00:00Z,prod,auth-service,Login completed,730
2026-07-17T11:00:00Z,prod,auth-service,Login completed,782
2026-07-17T12:00:00Z,prod,auth-service,Login completed,857
2026-07-17T13:00:00Z,prod,auth-service,Login completed,890
2026-07-17T14:00:00Z,prod,auth-service,Login completed,875
2026-07-17T15:00:00Z,prod,auth-service,Login completed,907
2026-07-17T16:00:00Z,prod,auth-service,Login completed,812
2026-07-17T17:00:00Z,prod,auth-service,Login completed,744
2026-07-17T18:00:00Z,prod,auth-service,Login completed,672
2026-07-17T19:00:00Z,prod,auth-service,Login completed,583
2026-07-17T20:00:00Z,prod,auth-service,Login completed,536
2026-07-17T21:00:00Z,prod,auth-service,Login completed,552
2026-07-17T22:00:00Z,prod,auth-service,Login completed,520
2026-07-17T23:00:00Z,prod,auth-service,Login completed,509
2026-07-18T00:00:00Z,prod,auth-service,Login completed,444
2026-07-18T01:00:00Z,prod,auth-service,Login completed,399
2026-07-18T02:00:00Z,prod,auth-service,Login completed,393
2026-07-18T03:00:00Z,prod,auth-service,Login completed,438
2026-07-18T04:00:00Z,prod,auth-service,Login completed,416
2026-07-18T05:00:00Z,prod,auth-service,Login completed,443
2026-07-18T06:00:00Z,prod,auth-service,Login completed,398
2026-07-18T07:00:00Z,prod,auth-service,Login completed,450
2026-07-18T08:00:00Z,prod,auth-service,Login completed,506
2026-07-18T09:00:00Z,prod,auth-service,Login completed,557
2026-07-18T10:00:00Z,prod,auth-service,Login completed,580
2026-07-18T11:00:00Z,prod,auth-service,Login completed,570
2026-07-18T12:00:00Z,prod,auth-service,Login completed,691
2026-07-18T13:00:00Z,prod,auth-service,Login completed,640
2026-07-18T14:00:00Z,prod,auth-service,Login completed,669
2026-07-18T15:00:00Z,prod,auth-service,Login completed,603
2026-07-18T16:00:00Z,prod,auth-service,Login completed,626
2026-07-18T17:00:00Z,prod,auth-service,Login completed,534
2026-07-18T18:00:00Z,prod,auth-service,Login completed,434
2026-07-18T19:00:00Z,prod,auth-service,Login completed,427
2026-07-18T20:00:00Z,prod,auth-service,Login completed,432
2026-07-18T21:00:00Z,prod,auth-service,Login completed,386
2026-07-18T22:00:00Z,prod,auth-service,Login completed,383
2026-07-18T23:00:00Z,prod,auth-service,Login completed,450
2026-07-19T00:00:00Z,prod,auth-service,Login completed,444
2026-07-19T01:00:00Z,prod,auth-service,Login completed,445
2026-07-19T02:00:00Z,prod,auth-service,Login completed,389
2026-07-19T03:00:00Z,prod,auth-service,Login completed,451
2026-07-19T04:00:00Z,prod,auth-service,Login completed,388
2026-07-19T05:00:00Z,prod,auth-service,Login completed,379
2026-07-19T06:00:00Z,prod,auth-service,Login completed,420
2026-07-19T07:00:00Z,prod,auth-service,Login completed,379
2026-07-19T08:00:00Z,prod,auth-service,Login completed,488
2026-07-19T09:00:00Z,prod,auth-service,Login completed,516
2026-07-19T10:00:00Z,prod,auth-service,Login completed,568
2026-07-19T11:00:00Z,prod,auth-service,Login completed,648
2026-07-19T12:00:00Z,prod,auth-service,Login completed,609
2026-07-19T13:00:00Z,prod,auth-service,Login completed,650
2026-07-19T14:00:00Z,prod,auth-service,Login completed,671
2026-07-19T15:00:00Z,prod,auth-service,Login completed,673
2026-07-19T16:00:00Z,prod,auth-service,Login completed,533
2026-07-19T17:00:00Z,prod,auth-service,Login completed,549
2026-07-19T18:00:00Z,prod,auth-service,Login completed,513
2026-07-19T19:00:00Z,prod,auth-service,Login completed,445
2026-07-19T20:00:00Z,prod,auth-service,Login completed,401
2026-07-19T21:00:00Z,prod,auth-service,Login completed,449
2026-07-19T22:00:00Z,prod,auth-service,Login completed,390
2026-07-19T23:00:00Z,prod,auth-service,Login completed,435
2026-07-20T00:00:00Z,prod,auth-service,Login completed,544
2026-07-20T01:00:00Z,prod,auth-service,Login completed,520
2026-07-20T02:00:00Z,prod,auth-service,Login completed,571
2026-07-20T03:00:00Z,prod,auth-service,Login completed,575
2026-07-20T04:00:00Z,prod,auth-service,Login completed,507
2026-07-20T05:00:00Z,prod,auth-service,Login completed,595
2026-07-20T06:00:00Z,prod,auth-service,Login completed,591
2026-07-20T07:00:00Z,prod,auth-service,Login completed,510
2026-07-20T08:00:00Z,prod,auth-service,Login completed,573
2026-07-20T09:00:00Z,prod,auth-service,Login completed,641
2026-07-20T10:00:00Z,prod,auth-service,Login completed,707
2026-07-20T11:00:00Z,prod,auth-service,Login completed,823
2026-07-20T12:00:00Z,prod,auth-service,Login completed,845
2026-07-20T13:00:00Z,prod,auth-service,Login completed,859
2026-07-20T14:00:00Z,prod,auth-service,Login completed,934
2026-07-20T15:00:00Z,prod,auth-service,Login completed,768
2026-07-20T16:00:00Z,prod,auth-service,Login completed,779
2026-07-20T17:00:00Z,prod,auth-service,Login completed,668
2026-07-20T18:00:00Z,prod,auth-service,Login completed,682
2026-07-20T19:00:00Z,prod,auth-service,Login completed,530
2026-07-20T20:00:00Z,prod,auth-service,Login completed,497
2026-07-20T21:00:00Z,prod,auth-service,Login completed,562
2026-07-20T22:00:00Z,prod,auth-service,Login completed,520
2026-07-20T23:00:00Z,prod,auth-service,Login completed,531
2026-07-21T00:00:00Z,prod,auth-service,Login completed,546
2026-07-21T01:00:00Z,prod,auth-service,Login completed,582
2026-07-21T02:00:00Z,prod,auth-service,Login completed,599
2026-07-21T03:00:00Z,prod,auth-service,Login completed,535
2026-07-21T04:00:00Z,prod,auth-service,Login completed,495
2026-07-21T05:00:00Z,prod,auth-service,Login completed,520
2026-07-21T06:00:00Z,prod,auth-service,Login completed,521
2026-07-21T07:00:00Z,prod,auth-service,Login completed,592
2026-07-21T08:00:00Z,prod,auth-service,Login completed,660
2026-07-21T09:00:00Z,prod,auth-service,Login completed,708
2026-07-21T10:00:00Z,prod,auth-service,Login completed,756
2026-07-21T11:00:00Z,prod,auth-service,Login completed,896
2026-07-21T12:00:00Z,prod,auth-service,Login completed,928
2026-07-21T13:00:00Z,prod,auth-service,Login completed,825
2026-07-21T14:00:00Z,prod,auth-service,Login completed,821
2026-07-21T15:00:00Z,prod,auth-service,Login completed,807
2026-07-21T16:00:00Z,prod,auth-service,Login completed,781
2026-07-21T17:00:00Z,prod,auth-service,Login completed,727
2026-07-21T18:00:00Z,prod,auth-service,Login completed,658
2026-07-21T19:00:00Z,prod,auth-service,Login completed,600
2026-07-21T20:00:00Z,prod,auth-service,Login completed,550
2026-07-21T21:00:00Z,prod,auth-service,Login completed,519
2026-07-21T22:00:00Z,prod,auth-service,Login completed,562
2026-07-21T23:00:00Z,prod,auth-service,Login completed,583
2026-07-22T00:00:00Z,prod,auth-service,Login completed,580
2026-07-22T01:00:00Z,prod,auth-service,Login completed,561
2026-07-22T02:00:00Z,prod,auth-service,Login completed,555
2026-07-22T03:00:00Z,prod,auth-service,Login completed,569
2026-07-22T04:00:00Z,prod,auth-service,Login completed,526
2026-07-22T05:00:00Z,prod,auth-service,Login completed,592
2026-07-22T06:00:00Z,prod,auth-service,Login completed,534
2026-07-22T07:00:00Z,prod,auth-service,Login completed,522
2026-07-22T08:00:00Z,prod,auth-service,Login completed,569
2026-07-22T09:00:00Z,prod,auth-service,Login completed,645
2026-07-22T10:00:00Z,prod,auth-service,Login completed,699
2026-07-22T11:00:00Z,prod,auth-service,Login completed,844
2026-07-22T12:00:00Z,prod,auth-service,Login completed,833
2026-07-22T13:00:00Z,prod,auth-service,Login completed,786
2026-07-22T14:00:00Z,prod,auth-service,Login completed,841
2026-07-22T15:00:00Z,prod,auth-service,Login completed,820
2026-07-22T16:00:00Z,prod,auth-service,Login completed,719
2026-07-22T17:00:00Z,prod,auth-service,Login completed,718
2026-07-22T18:00:00Z,prod,auth-service,Login completed,644
2026-07-22T19:00:00Z,prod,auth-service,Login completed,556
2026-07-22T20:00:00Z,prod,auth-service,Login completed,560
2026-07-22T21:00:00Z,prod,auth-service,Login completed,506
2026-07-22T22:00:00Z,prod,auth-service,Login completed,599
2026-07-22T23:00:00Z,prod,auth-service,Login completed,548
2026-07-23T00:00:00Z,prod,auth-service,Login completed,583
2026-07-23T01:00:00Z,prod,auth-service,Login completed,555
2026-07-23T02:00:00Z,prod,auth-service,Login completed,569
2026-07-23T03:00:00Z,prod,auth-service,Login completed,532
2026-07-23T04:00:00Z,prod,auth-service,Login completed,544
2026-07-23T05:00:00Z,prod,auth-service,Login completed,553
2026-07-23T06:00:00Z,prod,auth-service,Login completed,500
2026-07-23T07:00:00Z,prod,auth-service,Login completed,536
2026-07-23T08:00:00Z,prod,auth-service,Login completed,636
2026-07-23T09:00:00Z,prod,auth-service,Login completed,647
2026-07-23T10:00:00Z,prod,auth-service,Login completed,834
2026-07-23T11:00:00Z,prod,auth-service,Login completed,740
2026-07-23T12:00:00Z,prod,auth-service,Login completed,814
2026-07-23T13:00:00Z,prod,auth-service,Login completed,779
2026-07-23T14:00:00Z,prod,auth-service,Login completed,914
2026-07-23T15:00:00Z,prod,auth-service,Login completed,738
2026-07-23T16:00:00Z,prod,auth-service,Login completed,720
2026-07-23T17:00:00Z,prod,auth-service,Login completed,639
2026-07-23T18:00:00Z,prod,auth-service,Login completed,576
2026-07-23T19:00:00Z,prod,auth-service,Login completed,581
2026-07-23T20:00:00Z,prod,auth-service,Login completed,523
2026-07-23T21:00:00Z,prod,auth-service,Login completed,547
2026-07-23T22:00:00Z,prod,auth-service,Login completed,586
2026-07-23T23:00:00Z,prod,auth-service,Login completed,592
2026-07-24T00:00:00Z,prod,auth-service,Login completed,545
2026-07-24T01:00:00Z,prod,auth-service,Login completed,530
2026-07-24T02:00:00Z,prod,auth-service,Login completed,557
2026-07-24T03:00:00Z,prod,auth-service,Login completed,593
2026-07-24T04:00:00Z,prod,auth-service,Login completed,524
2026-07-24T05:00:00Z,prod,auth-service,Login completed,549
2026-07-24T06:00:00Z,prod,auth-service,Login completed,573
2026-07-24T07:00:00Z,prod,auth-service,Login completed,568
2026-07-24T08:00:00Z,prod,auth-service,Login completed,618
2026-07-24T09:00:00Z,prod,auth-service,Login completed,635
2026-07-24T10:00:00Z,prod,auth-service,Login completed,820
2026-07-24T11:00:00Z,prod,auth-service,Login completed,790
2026-07-24T12:00:00Z,prod,auth-service,Login completed,780
2026-07-24T13:00:00Z,prod,auth-service,Login completed,932
2026-07-24T14:00:00Z,prod,auth-service,Login completed,906
2026-07-24T15:00:00Z,prod,auth-service,Login completed,771
2026-07-24T16:00:00Z,prod,auth-service,Login completed,755
2026-07-24T17:00:00Z,prod,auth-service,Login completed,665
2026-07-24T18:00:00Z,prod,auth-service,Login completed,634
2026-07-24T19:00:00Z,prod,auth-service,Login completed,503
2026-07-24T20:00:00Z,prod,auth-service,Login completed,535
2026-07-24T21:00:00Z,prod,auth-service,Login completed,542
2026-07-24T22:00:00Z,prod,auth-service,Login completed,556
2026-07-24T23:00:00Z,prod,auth-service,Login completed,515
2026-07-25T00:00:00Z,prod,auth-service,Login completed,425
2026-07-25T01:00:00Z,prod,auth-service,Login completed,380
2026-07-25T02:00:00Z,prod,auth-service,Login completed,369
2026-07-25T03:00:00Z,prod,auth-service,Login completed,404
2026-07-25T04:00:00Z,prod,auth-service,Login completed,404
2026-07-25T05:00:00Z,prod,auth-service,Login completed,399
2026-07-25T06:00:00Z,prod,auth-service,Login completed,397
2026-07-25T07:00:00Z,prod,auth-service,Login completed,446
2026-07-25T08:00:00Z,prod,auth-service,Login completed,475
2026-07-25T09:00:00Z,prod,auth-service,Login completed,555
2026-07-25T10:00:00Z,prod,auth-service,Login completed,598
2026-07-25T11:00:00Z,prod,auth-service,Login completed,589
2026-07-25T12:00:00Z,prod,auth-service,Login completed,635
2026-07-25T13:00:00Z,prod,auth-service,Login completed,672
2026-07-25T14:00:00Z,prod,auth-service,Login completed,617
2026-07-25T15:00:00Z,prod,auth-service,Login completed,608
2026-07-25T16:00:00Z,prod,auth-service,Login completed,557
2026-07-25T17:00:00Z,prod,auth-service,Login completed,521
2026-07-25T18:00:00Z,prod,auth-service,Login completed,423
2026-07-25T19:00:00Z,prod,auth-service,Login completed,396
2026-07-25T20:00:00Z,prod,auth-service,Login completed,370
2026-07-25T21:00:00Z,prod,auth-service,Login completed,391
2026-07-25T22:00:00Z,prod,auth-service,Login completed,393
2026-07-25T23:00:00Z,prod,auth-service,Login completed,447
2026-07-26T00:00:00Z,prod,auth-service,Login completed,384
2026-07-26T01:00:00Z,prod,auth-service,Login completed,410
2026-07-26T02:00:00Z,prod,auth-service,Login completed,408
2026-07-26T03:00:00Z,prod,auth-service,Login completed,408
2026-07-26T04:00:00Z,prod,auth-service,Login completed,429
2026-07-26T05:00:00Z,prod,auth-service,Login completed,421
2026-07-26T06:00:00Z,prod,auth-service,Login completed,380
2026-07-26T07:00:00Z,prod,auth-service,Login completed,420
2026-07-26T08:00:00Z,prod,auth-service,Login completed,509
2026-07-26T09:00:00Z,prod,auth-service,Login completed,470
2026-07-26T10:00:00Z,prod,auth-service,Login completed,595
2026-07-26T11:00:00Z,prod,auth-service,Login completed,640
2026-07-26T12:00:00Z,prod,auth-service,Login completed,658
2026-07-26T13:00:00Z,prod,auth-service,Login completed,652
2026-07-26T14:00:00Z,prod,auth-service,Login completed,655
2026-07-26T15:00:00Z,prod,auth-service,Login completed,546
2026-07-13T07:00:00Z,staging,auth-service,Login completed,27
2026-07-13T08:00:00Z,staging,auth-service,Login completed,31
2026-07-13T09:00:00Z,staging,auth-service,Login completed,37
2026-07-13T10:00:00Z,staging,auth-service,Login completed,37
2026-07-13T11:00:00Z,staging,auth-service,Login completed,45
2026-07-13T12:00:00Z,staging,auth-service,Login completed,39
2026-07-13T13:00:00Z,staging,auth-service,Login completed,42
2026-07-13T14:00:00Z,staging,auth-service,Login completed,39
2026-07-13T15:00:00Z,staging,auth-service,Login completed,43
2026-07-13T16:00:00Z,staging,auth-service,Login completed,35
2026-07-13T17:00:00Z,staging,auth-service,Login completed,39
2026-07-13T18:00:00Z,staging,auth-service,Login completed,32
2026-07-14T07:00:00Z,staging,auth-service,Login completed,29
2026-07-14T08:00:00Z,staging,auth-service,Login completed,33
2026-07-14T09:00:00Z,staging,auth-service,Login completed,36
2026-07-14T10:00:00Z,staging,auth-service,Login completed,38
2026-07-14T11:00:00Z,staging,auth-service,Login completed,45
2026-07-14T12:00:00Z,staging,auth-service,Login completed,40
2026-07-14T13:00:00Z,staging,auth-service,Login completed,42
2026-07-14T14:00:00Z,staging,auth-service,Login completed,40
2026-07-14T15:00:00Z,staging,auth-service,Login completed,39
2026-07-14T16:00:00Z,staging,auth-service,Login completed,35
2026-07-14T17:00:00Z,staging,auth-service,Login completed,33
2026-07-14T18:00:00Z,staging,auth-service,Login completed,34
2026-07-15T07:00:00Z,staging,auth-service,Login completed,28
2026-07-15T08:00:00Z,staging,auth-service,Login completed,34
2026-07-15T09:00:00Z,staging,auth-service,Login completed,34
2026-07-15T10:00:00Z,staging,auth-service,Login completed,41
2026-07-15T11:00:00Z,staging,auth-service,Login completed,44
2026-07-15T12:00:00Z,staging,auth-service,Login completed,40
2026-07-15T13:00:00Z,staging,auth-service,Login completed,47
2026-07-15T14:00:00Z,staging,auth-service,Login completed,41
2026-07-15T15:00:00Z,staging,auth-service,Login completed,39
2026-07-15T16:00:00Z,staging,auth-service,Login completed,41
2026-07-15T17:00:00Z,staging,auth-service,Login completed,35
2026-07-15T18:00:00Z,staging,auth-service,Login completed,32
2026-07-16T07:00:00Z,staging,auth-service,Login completed,30
2026-07-16T08:00:00Z,staging,auth-service,Login completed,35
2026-07-16T09:00:00Z,staging,auth-service,Login completed,36
2026-07-16T10:00:00Z,staging,auth-service,Login completed,42
2026-07-16T11:00:00Z,staging,auth-service,Login completed,44
2026-07-16T12:00:00Z,staging,auth-service,Login completed,44
2026-07-16T13:00:00Z,staging,auth-service,Login completed,40
2026-07-16T14:00:00Z,staging,auth-service,Login completed,39
2026-07-16T15:00:00Z,staging,auth-service,Login completed,39
2026-07-16T16:00:00Z,staging,auth-service,Login completed,41
2026-07-16T17:00:00Z,staging,auth-service,Login completed,33
2026-07-16T18:00:00Z,staging,auth-service,Login completed,33
2026-07-17T07:00:00Z,staging,auth-service,Login completed,27
2026-07-17T08:00:00Z,staging,auth-service,Login completed,33
2026-07-17T09:00:00Z,staging,auth-service,Login completed,34
2026-07-17T10:00:00Z,staging,auth-service,Login completed,36
2026-07-17T11:00:00Z,staging,auth-service,Login completed,43
2026-07-17T12:00:00Z,staging,auth-service,Login completed,41
2026-07-17T13:00:00Z,staging,auth-service,Login completed,43
2026-07-17T14:00:00Z,staging,auth-service,Login completed,47
2026-07-17T15:00:00Z,staging,auth-service,Login completed,40
2026-07-17T16:00:00Z,staging,auth-service,Login completed,38
2026-07-17T17:00:00Z,staging,auth-service,Login completed,35
2026-07-17T18:00:00Z,staging,auth-service,Login completed,34
2026-07-20T07:00:00Z,staging,auth-service,Login completed,27
2026-07-20T08:00:00Z,staging,auth-service,Login completed,34
2026-07-20T09:00:00Z,staging,auth-service,Login completed,38
2026-07-20T10:00:00Z,staging,auth-service,Login completed,36
2026-07-20T11:00:00Z,staging,auth-service,Login completed,37
2026-07-20T12:00:00Z,staging,auth-service,Login completed,44
2026-07-20T13:00:00Z,staging,auth-service,Login completed,45
2026-07-20T14:00:00Z,staging,auth-service,Login completed,42
2026-07-20T15:00:00Z,staging,auth-service,Login completed,38
2026-07-20T16:00:00Z,staging,auth-service,Login completed,35
2026-07-20T17:00:00Z,staging,auth-service,Login completed,33
2026-07-20T18:00:00Z,staging,auth-service,Login completed,31
2026-07-21T07:00:00Z,staging,auth-service,Login completed,29
2026-07-21T08:00:00Z,staging,auth-service,Login completed,29
2026-07-21T09:00:00Z,staging,auth-service,Login completed,34
2026-07-21T10:00:00Z,staging,auth-service,Login completed,39
2026-07-21T11:00:00Z,staging,auth-service,Login completed,42
2026-07-21T12:00:00Z,staging,auth-service,Login completed,42
2026-07-21T13:00:00Z,staging,auth-service,Login completed,43
2026-07-21T14:00:00Z,staging,auth-service,Login completed,41
2026-07-21T15:00:00Z,staging,auth-service,Login completed,43
2026-07-21T16:00:00Z,staging,auth-service,Login completed,39
2026-07-21T17:00:00Z,staging,auth-service,Login completed,34
2026-07-21T18:00:00Z,staging,auth-service,Login completed,31
2026-07-22T07:00:00Z,staging,auth-service,Login completed,28
2026-07-22T08:00:00Z,staging,auth-service,Login completed,34
2026-07-22T09:00:00Z,staging,auth-service,Login completed,35
2026-07-22T10:00:00Z,staging,auth-service,Login completed,41
2026-07-22T11:00:00Z,staging,auth-service,Login completed,40
2026-07-22T12:00:00Z,staging,auth-service,Login completed,45
2026-07-22T13:00:00Z,staging,auth-service,Login completed,39
2026-07-22T14:00:00Z,staging,auth-service,Login completed,45
2026-07-22T15:00:00Z,staging,auth-service,Login completed,41
2026-07-22T16:00:00Z,staging,auth-service,Login completed,42
2026-07-22T17:00:00Z,staging,auth-service,Login completed,32
2026-07-22T18:00:00Z,staging,auth-service,Login completed,30
2026-07-23T07:00:00Z,staging,auth-service,Login completed,25
2026-07-23T08:00:00Z,staging,auth-service,Login completed,34
2026-07-23T09:00:00Z,staging,auth-service,Login completed,38
2026-07-23T10:00:00Z,staging,auth-service,Login completed,35
2026-07-23T11:00:00Z,staging,auth-service,Login completed,44
2026-07-23T12:00:00Z,staging,auth-service,Login completed,41
2026-07-23T13:00:00Z,staging,auth-service,Login completed,43
2026-07-23T14:00:00Z,staging,auth-service,Login completed,41
2026-07-23T15:00:00Z,staging,auth-service,Login completed,40
2026-07-23T16:00:00Z,staging,auth-service,Login completed,40
2026-07-23T17:00:00Z,staging,auth-service,Login completed,33
2026-07-23T18:00:00Z,staging,auth-service,Login completed,29
2026-07-24T07:00:00Z,staging,auth-service,Login completed,27
2026-07-24T08:00:00Z,staging,auth-service,Login completed,33
2026-07-24T09:00:00Z,staging,auth-service,Login completed,32
2026-07-24T10:00:00Z,staging,auth-service,Login completed,39
2026-07-24T11:00:00Z,staging,auth-service,Login completed,38
2026-07-24T12:00:00Z,staging,auth-service,Login completed,41
2026-07-24T13:00:00Z,staging,auth-service,Login completed,42
2026-07-24T14:00:00Z,staging,auth-service,Login completed,39
2026-07-24T15:00:00Z,staging,auth-service,Login completed,43
2026-07-24T16:00:00Z,staging,auth-service,Login completed,40
2026-07-24T17:00:00Z,staging,auth-service,Login completed,34
2026-07-24T18:00:00Z,staging,auth-service,Login completed,33
2026-07-13T07:00:00Z,dev1,auth-service,Login completed,12
2026-07-13T08:00:00Z,dev1,auth-service,Login completed,14
2026-07-13T09:00:00Z,dev1,auth-service,Login completed,15
2026-07-13T10:00:00Z,dev1,auth-service,Login completed,17
2026-07-13T11:00:00Z,dev1,auth-service,Login completed,17
2026-07-13T12:00:00Z,dev1,auth-service,Login completed,17
2026-07-13T13:00:00Z,dev1,auth-service,Login completed,16
2026-07-13T14:00:00Z,dev1,auth-service,Login completed,18
2026-07-13T15:00:00Z,dev1,auth-service,Login completed,17
2026-07-13T16:00:00Z,dev1,auth-service,Login completed,15
2026-07-13T17:00:00Z,dev1,auth-service,Login completed,13
2026-07-13T18:00:00Z,dev1,auth-service,Login completed,13
2026-07-14T07:00:00Z,dev1,auth-service,Login completed,12
2026-07-14T08:00:00Z,dev1,auth-service,Login completed,12
2026-07-14T09:00:00Z,dev1,auth-service,Login completed,13
2026-07-14T10:00:00Z,dev1,auth-service,Login completed,16
2026-07-14T11:00:00Z,dev1,auth-service,Login completed,18
2026-07-14T12:00:00Z,dev1,auth-service,Login completed,17
2026-07-14T13:00:00Z,dev1,auth-service,Login completed,19
2026-07-14T14:00:00Z,dev1,auth-service,Login completed,16
2026-07-14T15:00:00Z,dev1,auth-service,Login completed,17
2026-07-14T16:00:00Z,dev1,auth-service,Login completed,17
2026-07-14T17:00:00Z,dev1,auth-service,Login completed,15
2026-07-14T18:00:00Z,dev1,auth-service,Login completed,12
2026-07-15T07:00:00Z,dev1,auth-service,Login completed,12
2026-07-15T08:00:00Z,dev1,auth-service,Login completed,14
2026-07-15T09:00:00Z,dev1,auth-service,Login completed,13
2026-07-15T10:00:00Z,dev1,auth-service,Login completed,16
2026-07-15T11:00:00Z,dev1,auth-service,Login completed,17
2026-07-15T12:00:00Z,dev1,auth-service,Login completed,16
2026-07-15T13:00:00Z,dev1,auth-service,Login completed,18
2026-07-15T14:00:00Z,dev1,auth-service,Login completed,16
2026-07-15T15:00:00Z,dev1,auth-service,Login completed,16
2026-07-15T16:00:00Z,dev1,auth-service,Login completed,14
2026-07-15T17:00:00Z,dev1,auth-service,Login completed,14
2026-07-15T18:00:00Z,dev1,auth-service,Login completed,13
2026-07-16T07:00:00Z,dev1,auth-service,Login completed,10
2026-07-16T08:00:00Z,dev1,auth-service,Login completed,13
2026-07-16T09:00:00Z,dev1,auth-service,Login completed,14
2026-07-16T10:00:00Z,dev1,auth-service,Login completed,14
2026-07-16T11:00:00Z,dev1,auth-service,Login completed,17
2026-07-16T12:00:00Z,dev1,auth-service,Login completed,16
2026-07-16T13:00:00Z,dev1,auth-service,Login completed,17
2026-07-16T14:00:00Z,dev1,auth-service,Login completed,16
2026-07-16T15:00:00Z,dev1,auth-service,Login completed,17
2026-07-16T16:00:00Z,dev1,auth-service,Login completed,15
2026-07-16T17:00:00Z,dev1,auth-service,Login completed,15
2026-07-16T18:00:00Z,dev1,auth-service,Login completed,12
2026-07-17T07:00:00Z,dev1,auth-service,Login completed,11
2026-07-17T08:00:00Z,dev1,auth-service,Login completed,13
2026-07-17T09:00:00Z,dev1,auth-service,Login completed,14
2026-07-17T10:00:00Z,dev1,auth-service,Login completed,15
2026-07-17T11:00:00Z,dev1,auth-service,Login completed,17
2026-07-17T12:00:00Z,dev1,auth-service,Login completed,18
2026-07-17T13:00:00Z,dev1,auth-service,Login completed,17
2026-07-17T14:00:00Z,dev1,auth-service,Login completed,16
2026-07-17T15:00:00Z,dev1,auth-service,Login completed,16
2026-07-17T16:00:00Z,dev1,auth-service,Login completed,17
2026-07-17T17:00:00Z,dev1,auth-service,Login completed,14
2026-07-17T18:00:00Z,dev1,auth-service,Login completed,12
2026-07-20T07:00:00Z,dev1,auth-service,Login completed,12
2026-07-20T08:00:00Z,dev1,auth-service,Login completed,13
2026-07-20T09:00:00Z,dev1,auth-service,Login completed,14
2026-07-20T10:00:00Z,dev1,auth-service,Login completed,15
2026-07-20T11:00:00Z,dev1,auth-service,Login completed,17
2026-07-20T12:00:00Z,dev1,auth-service,Login completed,16
2026-07-20T13:00:00Z,dev1,auth-service,Login completed,16
2026-07-20T14:00:00Z,dev1,auth-service,Login completed,15
2026-07-20T15:00:00Z,dev1,auth-service,Login completed,16
2026-07-20T16:00:00Z,dev1,auth-service,Login completed,14
2026-07-20T17:00:00Z,dev1,auth-service,Login completed,13
2026-07-20T18:00:00Z,dev1,auth-service,Login completed,12
2026-07-21T07:00:00Z,dev1,auth-service,Login completed,10
2026-07-21T08:00:00Z,dev1,auth-service,Login completed,13
2026-07-21T09:00:00Z,dev1,auth-service,Login completed,15
2026-07-21T10:00:00Z,dev1,auth-service,Login completed,14
2026-07-21T11:00:00Z,dev1,auth-service,Login completed,18
2026-07-21T12:00:00Z,dev1,auth-service,Login completed,17
2026-07-21T13:00:00Z,dev1,auth-service,Login completed,16
2026-07-21T14:00:00Z,dev1,auth-service,Login completed,15
2026-07-21T15:00:00Z,dev1,auth-service,Login completed,16
2026-07-21T16:00:00Z,dev1,auth-service,Login completed,17
2026-07-21T17:00:00Z,dev1,auth-service,Login completed,14
2026-07-21T18:00:00Z,dev1,auth-service,Login completed,12
2026-07-22T07:00:00Z,dev1,auth-service,Login completed,11
2026-07-22T08:00:00Z,dev1,auth-service,Login completed,13
2026-07-22T09:00:00Z,dev1,auth-service,Login completed,15
2026-07-22T10:00:00Z,dev1,auth-service,Login completed,15
2026-07-22T11:00:00Z,dev1,auth-service,Login completed,16
2026-07-22T12:00:00Z,dev1,auth-service,Login completed,17
2026-07-22T13:00:00Z,dev1,auth-service,Login completed,16
2026-07-22T14:00:00Z,dev1,auth-service,Login completed,16
2026-07-22T15:00:00Z,dev1,auth-service,Login completed,17
2026-07-22T16:00:00Z,dev1,auth-service,Login completed,15
2026-07-22T17:00:00Z,dev1,auth-service,Login completed,15
2026-07-22T18:00:00Z,dev1,auth-service,Login completed,13
2026-07-23T07:00:00Z,dev1,auth-service,Login completed,11
2026-07-23T08:00:00Z,dev1,auth-service,Login completed,14
2026-07-23T09:00:00Z,dev1,auth-service,Login completed,13
2026-07-23T10:00:00Z,dev1,auth-service,Login completed,16
2026-07-23T11:00:00Z,dev1,auth-service,Login completed,15
2026-07-23T12:00:00Z,dev1,auth-service,Login completed,16
2026-07-23T13:00:00Z,dev1,auth-service,Login completed,16
2026-07-23T14:00:00Z,dev1,auth-service,Login completed,16
2026-07-23T15:00:00Z,dev1,auth-service,Login completed,16
2026-07-23T16:00:00Z,dev1,auth-service,Login completed,16
2026-07-23T17:00:00Z,dev1,auth-service,Login completed,15
2026-07-23T18:00:00Z,dev1,auth-service,Login completed,12
2026-07-24T07:00:00Z,dev1,auth-service,Login completed,10
2026-07-24T08:00:00Z,dev1,auth-service,Login completed,12
2026-07-24T09:00:00Z,dev1,auth-service,Login completed,13
2026-07-24T10:00:00Z,dev1,auth-service,Login completed,16
2026-07-24T11:00:00Z,dev1,auth-service,Login completed,15
2026-07-24T12:00:00Z,dev1,auth-service,Login completed,18
2026-07-24T13:00:00Z,dev1,auth-service,Login completed,17
2026-07-24T14:00:00Z,dev1,auth-service,Login completed,15
2026-07-24T15:00:00Z,dev1,auth-service,Login completed,15
2026-07-24T16:00:00Z,dev1,auth-service,Login completed,15
2026-07-24T17:00:00Z,dev1,auth-service,Login completed,14
2026-07-24T18:00:00Z,dev1,auth-service,Login completed,14
2026-07-12T16:00:00Z,prod,recommendations,Recommendation served,2243
2026-07-12T17:00:00Z,prod,recommendations,Recommendation served,2193
2026-07-12T18:00:00Z,prod,recommendations,Recommendation served,1830
2026-07-12T19:00:00Z,prod,recommendations,Recommendation served,1713
2026-07-12T20:00:00Z,prod,recommendations,Recommendation served,1610
2026-07-12T21:00:00Z,prod,recommendations,Recommendation served,1467
2026-07-12T22:00:00Z,prod,recommendations,Recommendation served,1466
2026-07-12T23:00:00Z,prod,recommendations,Recommendation served,1656
2026-07-13T00:00:00Z,prod,recommendations,Recommendation served,2253
2026-07-13T01:00:00Z,prod,recommendations,Recommendation served,1942
2026-07-13T02:00:00Z,prod,recommendations,Recommendation served,2224
2026-07-13T03:00:00Z,prod,recommendations,Recommendation served,1908
2026-07-13T04:00:00Z,prod,recommendations,Recommendation served,2233
2026-07-13T05:00:00Z,prod,recommendations,Recommendation served,2144
2026-07-13T06:00:00Z,prod,recommendations,Recommendation served,1928
2026-07-13T07:00:00Z,prod,recommendations,Recommendation served,2108
2026-07-13T08:00:00Z,prod,recommendations,Recommendation served,2491
2026-07-13T09:00:00Z,prod,recommendations,Recommendation served,2439
2026-07-13T10:00:00Z,prod,recommendations,Recommendation served,2831
2026-07-13T11:00:00Z,prod,recommendations,Recommendation served,2800
2026-07-13T12:00:00Z,prod,recommendations,Recommendation served,3047
2026-07-13T13:00:00Z,prod,recommendations,Recommendation served,3462
2026-07-13T14:00:00Z,prod,recommendations,Recommendation served,3254
2026-07-13T15:00:00Z,prod,recommendations,Recommendation served,3381
2026-07-13T16:00:00Z,prod,recommendations,Recommendation served,3129
2026-07-13T17:00:00Z,prod,recommendations,Recommendation served,2973
2026-07-13T18:00:00Z,prod,recommendations,Recommendation served,2206
2026-07-13T19:00:00Z,prod,recommendations,Recommendation served,2305
2026-07-13T20:00:00Z,prod,recommendations,Recommendation served,1954
2026-07-13T21:00:00Z,prod,recommendations,Recommendation served,2035
2026-07-13T22:00:00Z,prod,recommendations,Recommendation served,2186
2026-07-13T23:00:00Z,prod,recommendations,Recommendation served,2034
2026-07-14T00:00:00Z,prod,recommendations,Recommendation served,2029
2026-07-14T01:00:00Z,prod,recommendations,Recommendation served,2201
2026-07-14T02:00:00Z,prod,recommendations,Recommendation served,2049
2026-07-14T03:00:00Z,prod,recommendations,Recommendation served,2294
2026-07-14T04:00:00Z,prod,recommendations,Recommendation served,2056
2026-07-14T05:00:00Z,prod,recommendations,Recommendation served,1953
2026-07-14T06:00:00Z,prod,recommendations,Recommendation served,2255
2026-07-14T07:00:00Z,prod,recommendations,Recommendation served,2112
2026-07-14T08:00:00Z,prod,recommendations,Recommendation served,2407
2026-07-14T09:00:00Z,prod,recommendations,Recommendation served,2522
2026-07-14T10:00:00Z,prod,recommendations,Recommendation served,2754
2026-07-14T11:00:00Z,prod,recommendations,Recommendation served,2891
2026-07-14T12:00:00Z,prod,recommendations,Recommendation served,3549
2026-07-14T13:00:00Z,prod,recommendations,Recommendation served,3040
2026-07-14T14:00:00Z,prod,recommendations,Recommendation served,3316
2026-07-14T15:00:00Z,prod,recommendations,Recommendation served,3407
2026-07-14T16:00:00Z,prod,recommendations,Recommendation served,3210
2026-07-14T17:00:00Z,prod,recommendations,Recommendation served,2494
2026-07-14T18:00:00Z,prod,recommendations,Recommendation served,2578
2026-07-14T19:00:00Z,prod,recommendations,Recommendation served,2218
2026-07-14T20:00:00Z,prod,recommendations,Recommendation served,2076
2026-07-14T21:00:00Z,prod,recommendations,Recommendation served,2261
2026-07-14T22:00:00Z,prod,recommendations,Recommendation served,2300
2026-07-14T23:00:00Z,prod,recommendations,Recommendation served,2088
2026-07-15T00:00:00Z,prod,recommendations,Recommendation served,2180
2026-07-15T01:00:00Z,prod,recommendations,Recommendation served,1941
2026-07-15T02:00:00Z,prod,recommendations,Recommendation served,2068
2026-07-15T03:00:00Z,prod,recommendations,Recommendation served,2196
2026-07-15T04:00:00Z,prod,recommendations,Recommendation served,2239
2026-07-15T05:00:00Z,prod,recommendations,Recommendation served,2275
2026-07-15T06:00:00Z,prod,recommendations,Recommendation served,2022
2026-07-15T07:00:00Z,prod,recommendations,Recommendation served,2184
2026-07-15T08:00:00Z,prod,recommendations,Recommendation served,2698
2026-07-15T09:00:00Z,prod,recommendations,Recommendation served,2776
2026-07-15T10:00:00Z,prod,recommendations,Recommendation served,3125
2026-07-15T11:00:00Z,prod,recommendations,Recommendation served,3341
2026-07-15T12:00:00Z,prod,recommendations,Recommendation served,3071
2026-07-15T13:00:00Z,prod,recommendations,Recommendation served,3332
2026-07-15T14:00:00Z,prod,recommendations,Recommendation served,3359
2026-07-15T15:00:00Z,prod,recommendations,Recommendation served,3247
2026-07-15T16:00:00Z,prod,recommendations,Recommendation served,2978
2026-07-15T17:00:00Z,prod,recommendations,Recommendation served,2995
2026-07-15T18:00:00Z,prod,recommendations,Recommendation served,2715
2026-07-15T19:00:00Z,prod,recommendations,Recommendation served,2121
2026-07-15T20:00:00Z,prod,recommendations,Recommendation served,2099
2026-07-15T21:00:00Z,prod,recommendations,Recommendation served,1960
2026-07-15T22:00:00Z,prod,recommendations,Recommendation served,2153
2026-07-15T23:00:00Z,prod,recommendations,Recommendation served,2257
2026-07-16T00:00:00Z,prod,recommendations,Recommendation served,2151
2026-07-16T01:00:00Z,prod,recommendations,Recommendation served,2258
2026-07-16T02:00:00Z,prod,recommendations,Recommendation served,2039
2026-07-16T03:00:00Z,prod,recommendations,Recommendation served,1997
2026-07-16T04:00:00Z,prod,recommendations,Recommendation served,2007
2026-07-16T05:00:00Z,prod,recommendations,Recommendation served,2316
2026-07-16T06:00:00Z,prod,recommendations,Recommendation served,2053
2026-07-16T07:00:00Z,prod,recommendations,Recommendation served,2132
2026-07-16T08:00:00Z,prod,recommendations,Recommendation served,2357
2026-07-16T09:00:00Z,prod,recommendations,Recommendation served,2622
2026-07-16T10:00:00Z,prod,recommendations,Recommendation served,3097
2026-07-16T11:00:00Z,prod,recommendations,Recommendation served,3195
2026-07-16T12:00:00Z,prod,recommendations,Recommendation served,3037
2026-07-16T13:00:00Z,prod,recommendations,Recommendation served,3417
2026-07-16T14:00:00Z,prod,recommendations,Recommendation served,3461
2026-07-16T15:00:00Z,prod,recommendations,Recommendation served,3110
2026-07-16T16:00:00Z,prod,recommendations,Recommendation served,2985
2026-07-16T17:00:00Z,prod,recommendations,Recommendation served,2799
2026-07-16T18:00:00Z,prod,recommendations,Recommendation served,2321
2026-07-16T19:00:00Z,prod,recommendations,Recommendation served,2258
2026-07-16T20:00:00Z,prod,recommendations,Recommendation served,2063
2026-07-16T21:00:00Z,prod,recommendations,Recommendation served,2229
2026-07-16T22:00:00Z,prod,recommendations,Recommendation served,2173
2026-07-16T23:00:00Z,prod,recommendations,Recommendation served,2045
2026-07-17T00:00:00Z,prod,recommendations,Recommendation served,2292
2026-07-17T01:00:00Z,prod,recommendations,Recommendation served,2318
2026-07-17T02:00:00Z,prod,recommendations,Recommendation served,2069
2026-07-17T03:00:00Z,prod,recommendations,Recommendation served,2270
2026-07-17T04:00:00Z,prod,recommendations,Recommendation served,2264
2026-07-17T05:00:00Z,prod,recommendations,Recommendation served,2166
2026-07-17T06:00:00Z,prod,recommendations,Recommendation served,2199
2026-07-17T07:00:00Z,prod,recommendations,Recommendation served,2161
2026-07-17T08:00:00Z,prod,recommendations,Recommendation served,2415
2026-07-17T09:00:00Z,prod,recommendations,Recommendation served,2761
2026-07-17T10:00:00Z,prod,recommendations,Recommendation served,2937
2026-07-17T11:00:00Z,prod,recommendations,Recommendation served,3299
2026-07-17T12:00:00Z,prod,recommendations,Recommendation served,3254
2026-07-17T13:00:00Z,prod,recommendations,Recommendation served,3149
2026-07-17T14:00:00Z,prod,recommendations,Recommendation served,3076
2026-07-17T15:00:00Z,prod,recommendations,Recommendation served,3166
2026-07-17T16:00:00Z,prod,recommendations,Recommendation served,3219
2026-07-17T17:00:00Z,prod,recommendations,Recommendation served,2971
2026-07-17T18:00:00Z,prod,recommendations,Recommendation served,2711
2026-07-17T19:00:00Z,prod,recommendations,Recommendation served,2223
2026-07-17T20:00:00Z,prod,recommendations,Recommendation served,2290
2026-07-17T21:00:00Z,prod,recommendations,Recommendation served,2407
2026-07-17T22:00:00Z,prod,recommendations,Recommendation served,2080
2026-07-17T23:00:00Z,prod,recommendations,Recommendation served,2148
2026-07-18T00:00:00Z,prod,recommendations,Recommendation served,1561
2026-07-18T01:00:00Z,prod,recommendations,Recommendation served,1608
2026-07-18T02:00:00Z,prod,recommendations,Recommendation served,1564
2026-07-18T03:00:00Z,prod,recommendations,Recommendation served,1536
2026-07-18T04:00:00Z,prod,recommendations,Recommendation served,1704
2026-07-18T05:00:00Z,prod,recommendations,Recommendation served,1801
2026-07-18T06:00:00Z,prod,recommendations,Recommendation served,1759
2026-07-18T07:00:00Z,prod,recommendations,Recommendation served,1558
2026-07-18T08:00:00Z,prod,recommendations,Recommendation served,1765
2026-07-18T09:00:00Z,prod,recommendations,Recommendation served,2094
2026-07-18T10:00:00Z,prod,recommendations,Recommendation served,2500
2026-07-18T11:00:00Z,prod,recommendations,Recommendation served,2523
2026-07-18T12:00:00Z,prod,recommendations,Recommendation served,2777
2026-07-18T13:00:00Z,prod,recommendations,Recommendation served,2375
2026-07-18T14:00:00Z,prod,recommendations,Recommendation served,2411
2026-07-18T15:00:00Z,prod,recommendations,Recommendation served,2709
2026-07-18T16:00:00Z,prod,recommendations,Recommendation served,2300
2026-07-18T17:00:00Z,prod,recommendations,Recommendation served,2378
2026-07-18T18:00:00Z,prod,recommendations,Recommendation served,1890
2026-07-18T19:00:00Z,prod,recommendations,Recommendation served,1590
2026-07-18T20:00:00Z,prod,recommendations,Recommendation served,1569
2026-07-18T21:00:00Z,prod,recommendations,Recommendation served,1651
2026-07-18T22:00:00Z,prod,recommendations,Recommendation served,1702
2026-07-18T23:00:00Z,prod,recommendations,Recommendation served,1861
2026-07-19T00:00:00Z,prod,recommendations,Recommendation served,1832
2026-07-19T01:00:00Z,prod,recommendations,Recommendation served,1834
2026-07-19T02:00:00Z,prod,recommendations,Recommendation served,1766
2026-07-19T03:00:00Z,prod,recommendations,Recommendation served,1815
2026-07-19T04:00:00Z,prod,recommendations,Recommendation served,1777
2026-07-19T05:00:00Z,prod,recommendations,Recommendation served,1691
2026-07-19T06:00:00Z,prod,recommendations,Recommendation served,1822
2026-07-19T07:00:00Z,prod,recommendations,Recommendation served,1599
2026-07-19T08:00:00Z,prod,recommendations,Recommendation served,2084
2026-07-19T09:00:00Z,prod,recommendations,Recommendation served,2038
2026-07-19T10:00:00Z,prod,recommendations,Recommendation served,2310
2026-07-19T11:00:00Z,prod,recommendations,Recommendation served,2675
2026-07-19T12:00:00Z,prod,recommendations,Recommendation served,2604
2026-07-19T13:00:00Z,prod,recommendations,Recommendation served,2576
2026-07-19T14:00:00Z,prod,recommendations,Recommendation served,2436
2026-07-19T15:00:00Z,prod,recommendations,Recommendation served,2435
2026-07-19T16:00:00Z,prod,recommendations,Recommendation served,2454
2026-07-19T17:00:00Z,prod,recommendations,Recommendation served,2252
2026-07-19T18:00:00Z,prod,recommendations,Recommendation served,2143
2026-07-19T19:00:00Z,prod,recommendations,Recommendation served,1625
2026-07-19T20:00:00Z,prod,recommendations,Recommendation served,1880
2026-07-19T21:00:00Z,prod,recommendations,Recommendation served,1767
2026-07-19T22:00:00Z,prod,recommendations,Recommendation served,1738
2026-07-19T23:00:00Z,prod,recommendations,Recommendation served,1714
2026-07-20T00:00:00Z,prod,recommendations,Recommendation served,2130
2026-07-20T01:00:00Z,prod,recommendations,Recommendation served,2130
2026-07-20T02:00:00Z,prod,recommendations,Recommendation served,2282
2026-07-20T03:00:00Z,prod,recommendations,Recommendation served,2140
2026-07-20T04:00:00Z,prod,recommendations,Recommendation served,2226
2026-07-20T05:00:00Z,prod,recommendations,Recommendation served,2077
2026-07-20T06:00:00Z,prod,recommendations,Recommendation served,2485
2026-07-20T07:00:00Z,prod,recommendations,Recommendation served,2184
2026-07-20T08:00:00Z,prod,recommendations,Recommendation served,2602
2026-07-20T09:00:00Z,prod,recommendations,Recommendation served,3214
2026-07-20T10:00:00Z,prod,recommendations,Recommendation served,3235
2026-07-20T11:00:00Z,prod,recommendations,Recommendation served,3442
2026-07-20T12:00:00Z,prod,recommendations,Recommendation served,3386
2026-07-20T13:00:00Z,prod,recommendations,Recommendation served,3490
2026-07-20T14:00:00Z,prod,recommendations,Recommendation served,3893
2026-07-20T15:00:00Z,prod,recommendations,Recommendation served,3148
2026-07-20T16:00:00Z,prod,recommendations,Recommendation served,3281
2026-07-20T17:00:00Z,prod,recommendations,Recommendation served,3118
2026-07-20T18:00:00Z,prod,recommendations,Recommendation served,2743
2026-07-20T19:00:00Z,prod,recommendations,Recommendation served,2197
2026-07-20T20:00:00Z,prod,recommendations,Recommendation served,2464
2026-07-20T21:00:00Z,prod,recommendations,Recommendation served,2188
2026-07-20T22:00:00Z,prod,recommendations,Recommendation served,2250
2026-07-20T23:00:00Z,prod,recommendations,Recommendation served,2562
2026-07-21T00:00:00Z,prod,recommendations,Recommendation served,2234
2026-07-21T01:00:00Z,prod,recommendations,Recommendation served,2103
2026-07-21T02:00:00Z,prod,recommendations,Recommendation served,2488
2026-07-21T03:00:00Z,prod,recommendations,Recommendation served,2193
2026-07-21T04:00:00Z,prod,recommendations,Recommendation served,2399
2026-07-21T05:00:00Z,prod,recommendations,Recommendation served,2362
2026-07-21T06:00:00Z,prod,recommendations,Recommendation served,2398
2026-07-21T07:00:00Z,prod,recommendations,Recommendation served,2297
2026-07-21T08:00:00Z,prod,recommendations,Recommendation served,2931
2026-07-21T09:00:00Z,prod,recommendations,Recommendation served,2959
2026-07-21T10:00:00Z,prod,recommendations,Recommendation served,3552
2026-07-21T11:00:00Z,prod,recommendations,Recommendation served,3186
2026-07-21T12:00:00Z,prod,recommendations,Recommendation served,3354
2026-07-21T13:00:00Z,prod,recommendations,Recommendation served,3827
2026-07-21T14:00:00Z,prod,recommendations,Recommendation served,3498
2026-07-21T15:00:00Z,prod,recommendations,Recommendation served,3731
2026-07-21T16:00:00Z,prod,recommendations,Recommendation served,3340
2026-07-21T17:00:00Z,prod,recommendations,Recommendation served,2852
2026-07-21T18:00:00Z,prod,recommendations,Recommendation served,2591
2026-07-21T19:00:00Z,prod,recommendations,Recommendation served,2367
2026-07-21T20:00:00Z,prod,recommendations,Recommendation served,2249
2026-07-21T21:00:00Z,prod,recommendations,Recommendation served,2298
2026-07-21T22:00:00Z,prod,recommendations,Recommendation served,2180
2026-07-21T23:00:00Z,prod,recommendations,Recommendation served,2358
2026-07-22T00:00:00Z,prod,recommendations,Recommendation served,2153
2026-07-22T01:00:00Z,prod,recommendations,Recommendation served,2439
2026-07-22T02:00:00Z,prod,recommendations,Recommendation served,2316
2026-07-22T03:00:00Z,prod,recommendations,Recommendation served,2507
2026-07-22T04:00:00Z,prod,recommendations,Recommendation served,2405
2026-07-22T05:00:00Z,prod,recommendations,Recommendation served,2494
2026-07-22T06:00:00Z,prod,recommendations,Recommendation served,2359
2026-07-22T07:00:00Z,prod,recommendations,Recommendation served,2411
2026-07-22T08:00:00Z,prod,recommendations,Recommendation served,2569
2026-07-22T09:00:00Z,prod,recommendations,Recommendation served,2881
2026-07-22T10:00:00Z,prod,recommendations,Recommendation served,3017
2026-07-22T11:00:00Z,prod,recommendations,Recommendation served,3596
2026-07-22T12:00:00Z,prod,recommendations,Recommendation served,3848
2026-07-22T13:00:00Z,prod,recommendations,Recommendation served,3486
2026-07-22T14:00:00Z,prod,recommendations,Recommendation served,3450
2026-07-22T15:00:00Z,prod,recommendations,Recommendation served,3339
2026-07-22T16:00:00Z,prod,recommendations,Recommendation served,3474
2026-07-22T17:00:00Z,prod,recommendations,Recommendation served,2967
2026-07-22T18:00:00Z,prod,recommendations,Recommendation served,2490
2026-07-22T19:00:00Z,prod,recommendations,Recommendation served,2308
2026-07-22T20:00:00Z,prod,recommendations,Recommendation served,2213
2026-07-22T21:00:00Z,prod,recommendations,Recommendation served,2529
2026-07-22T22:00:00Z,prod,recommendations,Recommendation served,2476
2026-07-22T23:00:00Z,prod,recommendations,Recommendation served,2384
2026-07-23T00:00:00Z,prod,recommendations,Recommendation served,2603
2026-07-23T01:00:00Z,prod,recommendations,Recommendation served,2334
2026-07-23T02:00:00Z,prod,recommendations,Recommendation served,2220
2026-07-23T03:00:00Z,prod,recommendations,Recommendation served,2531
2026-07-23T04:00:00Z,prod,recommendations,Recommendation served,2390
2026-07-23T05:00:00Z,prod,recommendations,Recommendation served,2446
2026-07-23T06:00:00Z,prod,recommendations,Recommendation served,2617
2026-07-23T07:00:00Z,prod,recommendations,Recommendation served,2312
2026-07-23T08:00:00Z,prod,recommendations,Recommendation served,2732
2026-07-23T09:00:00Z,prod,recommendations,Recommendation served,3000
2026-07-23T10:00:00Z,prod,recommendations,Recommendation served,3388
2026-07-23T11:00:00Z,prod,recommendations,Recommendation served,3280
2026-07-23T12:00:00Z,prod,recommendations,Recommendation served,3987
2026-07-23T13:00:00Z,prod,recommendations,Recommendation served,3457
2026-07-23T14:00:00Z,prod,recommendations,Recommendation served,3528
2026-07-23T15:00:00Z,prod,recommendations,Recommendation served,3648
2026-07-23T16:00:00Z,prod,recommendations,Recommendation served,3256
2026-07-23T17:00:00Z,prod,recommendations,Recommendation served,3071
2026-07-23T18:00:00Z,prod,recommendations,Recommendation served,2993
2026-07-23T19:00:00Z,prod,recommendations,Recommendation served,2207
2026-07-23T20:00:00Z,prod,recommendations,Recommendation served,2484
2026-07-23T21:00:00Z,prod,recommendations,Recommendation served,2325
2026-07-23T22:00:00Z,prod,recommendations,Recommendation served,2665
2026-07-23T23:00:00Z,prod,recommendations,Recommendation served,2550
2026-07-24T00:00:00Z,prod,recommendations,Recommendation served,2218
2026-07-24T01:00:00Z,prod,recommendations,Recommendation served,2287
2026-07-24T02:00:00Z,prod,recommendations,Recommendation served,2247
2026-07-24T03:00:00Z,prod,recommendations,Recommendation served,2516
2026-07-24T04:00:00Z,prod,recommendations,Recommendation served,2460
2026-07-24T05:00:00Z,prod,recommendations,Recommendation served,2665
2026-07-24T06:00:00Z,prod,recommendations,Recommendation served,2608
2026-07-24T07:00:00Z,prod,recommendations,Recommendation served,2342
2026-07-24T08:00:00Z,prod,recommendations,Recommendation served,2547
2026-07-24T09:00:00Z,prod,recommendations,Recommendation served,3151
2026-07-24T10:00:00Z,prod,recommendations,Recommendation served,3099
2026-07-24T11:00:00Z,prod,recommendations,Recommendation served,3508
2026-07-24T12:00:00Z,prod,recommendations,Recommendation served,3509
2026-07-24T13:00:00Z,prod,recommendations,Recommendation served,3639
2026-07-24T14:00:00Z,prod,recommendations,Recommendation served,3716
2026-07-24T15:00:00Z,prod,recommendations,Recommendation served,3960
2026-07-24T16:00:00Z,prod,recommendations,Recommendation served,3697
2026-07-24T17:00:00Z,prod,recommendations,Recommendation served,3188
2026-07-24T18:00:00Z,prod,recommendations,Recommendation served,2997
2026-07-24T19:00:00Z,prod,recommendations,Recommendation served,2488
2026-07-24T20:00:00Z,prod,recommendations,Recommendation served,2557
2026-07-24T21:00:00Z,prod,recommendations,Recommendation served,2216
2026-07-24T22:00:00Z,prod,recommendations,Recommendation served,2642
2026-07-24T23:00:00Z,prod,recommendations,Recommendation served,2228
2026-07-25T00:00:00Z,prod,recommendations,Recommendation served,1983
2026-07-25T01:00:00Z,prod,recommendations,Recommendation served,1819
2026-07-25T02:00:00Z,prod,recommendations,Recommendation served,1858
2026-07-25T03:00:00Z,prod,recommendations,Recommendation served,1787
2026-07-25T04:00:00Z,prod,recommendations,Recommendation served,1824
2026-07-25T05:00:00Z,prod,recommendations,Recommendation served,1958
2026-07-25T06:00:00Z,prod,recommendations,Recommendation served,1728
2026-07-25T07:00:00Z,prod,recommendations,Recommendation served,1682
2026-07-25T08:00:00Z,prod,recommendations,Recommendation served,2046
2026-07-25T09:00:00Z,prod,recommendations,Recommendation served,2389
2026-07-25T10:00:00Z,prod,recommendations,Recommendation served,2510
2026-07-25T11:00:00Z,prod,recommendations,Recommendation served,2807
2026-07-25T12:00:00Z,prod,recommendations,Recommendation served,2824
2026-07-25T13:00:00Z,prod,recommendations,Recommendation served,3075
2026-07-25T14:00:00Z,prod,recommendations,Recommendation served,2562
2026-07-25T15:00:00Z,prod,recommendations,Recommendation served,2478
2026-07-25T16:00:00Z,prod,recommendations,Recommendation served,2718
2026-07-25T17:00:00Z,prod,recommendations,Recommendation served,2352
2026-07-25T18:00:00Z,prod,recommendations,Recommendation served,2048
2026-07-25T19:00:00Z,prod,recommendations,Recommendation served,1871
2026-07-25T20:00:00Z,prod,recommendations,Recommendation served,1956
2026-07-25T21:00:00Z,prod,recommendations,Recommendation served,1864
2026-07-25T22:00:00Z,prod,recommendations,Recommendation served,1880
2026-07-25T23:00:00Z,prod,recommendations,Recommendation served,1952
2026-07-26T00:00:00Z,prod,recommendations,Recommendation served,1896
2026-07-26T01:00:00Z,prod,recommendations,Recommendation served,1851
2026-07-26T02:00:00Z,prod,recommendations,Recommendation served,1983
2026-07-26T03:00:00Z,prod,recommendations,Recommendation served,1720
2026-07-26T04:00:00Z,prod,recommendations,Recommendation served,2036
2026-07-26T05:00:00Z,prod,recommendations,Recommendation served,2012
2026-07-26T06:00:00Z,prod,recommendations,Recommendation served,1736
2026-07-26T07:00:00Z,prod,recommendations,Recommendation served,1893
2026-07-26T08:00:00Z,prod,recommendations,Recommendation served,2296
2026-07-26T09:00:00Z,prod,recommendations,Recommendation served,2268
2026-07-26T10:00:00Z,prod,recommendations,Recommendation served,2521
2026-07-26T11:00:00Z,prod,recommendations,Recommendation served,2613
2026-07-26T12:00:00Z,prod,recommendations,Recommendation served,2974
2026-07-26T13:00:00Z,prod,recommendations,Recommendation served,3147
2026-07-26T14:00:00Z,prod,recommendations,Recommendation served,2739
2026-07-26T15:00:00Z,prod,recommendations,Recommendation served,2900
2026-07-13T07:00:00Z,dev1,recommendations,Recommendation served,63
2026-07-13T08:00:00Z,dev1,recommendations,Recommendation served,74
2026-07-13T09:00:00Z,dev1,recommendations,Recommendation served,86
2026-07-13T10:00:00Z,dev1,recommendations,Recommendation served,80
2026-07-13T11:00:00Z,dev1,recommendations,Recommendation served,94
2026-07-13T12:00:00Z,dev1,recommendations,Recommendation served,90
2026-07-13T13:00:00Z,dev1,recommendations,Recommendation served,95
2026-07-13T14:00:00Z,dev1,recommendations,Recommendation served,90
2026-07-13T15:00:00Z,dev1,recommendations,Recommendation served,96
2026-07-13T16:00:00Z,dev1,recommendations,Recommendation served,81
2026-07-13T17:00:00Z,dev1,recommendations,Recommendation served,76
2026-07-13T18:00:00Z,dev1,recommendations,Recommendation served,69
2026-07-14T07:00:00Z,dev1,recommendations,Recommendation served,66
2026-07-14T08:00:00Z,dev1,recommendations,Recommendation served,74
2026-07-14T09:00:00Z,dev1,recommendations,Recommendation served,77
2026-07-14T10:00:00Z,dev1,recommendations,Recommendation served,80
2026-07-14T11:00:00Z,dev1,recommendations,Recommendation served,103
2026-07-14T12:00:00Z,dev1,recommendations,Recommendation served,88
2026-07-14T13:00:00Z,dev1,recommendations,Recommendation served,97
2026-07-14T14:00:00Z,dev1,recommendations,Recommendation served,106
2026-07-14T15:00:00Z,dev1,recommendations,Recommendation served,88
2026-07-14T16:00:00Z,dev1,recommendations,Recommendation served,97
2026-07-14T17:00:00Z,dev1,recommendations,Recommendation served,78
2026-07-14T18:00:00Z,dev1,recommendations,Recommendation served,79
2026-07-15T07:00:00Z,dev1,recommendations,Recommendation served,58
2026-07-15T08:00:00Z,dev1,recommendations,Recommendation served,78
2026-07-15T09:00:00Z,dev1,recommendations,Recommendation served,84
2026-07-15T10:00:00Z,dev1,recommendations,Recommendation served,95
2026-07-15T11:00:00Z,dev1,recommendations,Recommendation served,105
2026-07-15T12:00:00Z,dev1,recommendations,Recommendation served,108
2026-07-15T13:00:00Z,dev1,recommendations,Recommendation served,108
2026-07-15T14:00:00Z,dev1,recommendations,Recommendation served,93
2026-07-15T15:00:00Z,dev1,recommendations,Recommendation served,95
2026-07-15T16:00:00Z,dev1,recommendations,Recommendation served,83
2026-07-15T17:00:00Z,dev1,recommendations,Recommendation served,83
2026-07-15T18:00:00Z,dev1,recommendations,Recommendation served,69
2026-07-16T07:00:00Z,dev1,recommendations,Recommendation served,64
2026-07-16T08:00:00Z,dev1,recommendations,Recommendation served,81
2026-07-16T09:00:00Z,dev1,recommendations,Recommendation served,87
2026-07-16T10:00:00Z,dev1,recommendations,Recommendation served,88
2026-07-16T11:00:00Z,dev1,recommendations,Recommendation served,101
2026-07-16T12:00:00Z,dev1,recommendations,Recommendation served,93
2026-07-16T13:00:00Z,dev1,recommendations,Recommendation served,110
2026-07-16T14:00:00Z,dev1,recommendations,Recommendation served,104
2026-07-16T15:00:00Z,dev1,recommendations,Recommendation served,88
2026-07-16T16:00:00Z,dev1,recommendations,Recommendation served,96
2026-07-16T17:00:00Z,dev1,recommendations,Recommendation served,77
2026-07-16T18:00:00Z,dev1,recommendations,Recommendation served,83
2026-07-17T07:00:00Z,dev1,recommendations,Recommendation served,72
2026-07-17T08:00:00Z,dev1,recommendations,Recommendation served,71
2026-07-17T09:00:00Z,dev1,recommendations,Recommendation served,84
2026-07-17T10:00:00Z,dev1,recommendations,Recommendation served,84
2026-07-17T11:00:00Z,dev1,recommendations,Recommendation served,97
2026-07-17T12:00:00Z,dev1,recommendations,Recommendation served,93
2026-07-17T13:00:00Z,dev1,recommendations,Recommendation served,101
2026-07-17T14:00:00Z,dev1,recommendations,Recommendation served,97
2026-07-17T15:00:00Z,dev1,recommendations,Recommendation served,92
2026-07-17T16:00:00Z,dev1,recommendations,Recommendation served,92
2026-07-17T17:00:00Z,dev1,recommendations,Recommendation served,80
2026-07-17T18:00:00Z,dev1,recommendations,Recommendation served,78
2026-07-20T07:00:00Z,dev1,recommendations,Recommendation served,66
2026-07-20T08:00:00Z,dev1,recommendations,Recommendation served,83
2026-07-20T09:00:00Z,dev1,recommendations,Recommendation served,89
2026-07-20T10:00:00Z,dev1,recommendations,Recommendation served,101
2026-07-20T11:00:00Z,dev1,recommendations,Recommendation served,102
2026-07-20T12:00:00Z,dev1,recommendations,Recommendation served,106
2026-07-20T13:00:00Z,dev1,recommendations,Recommendation served,118
2026-07-20T14:00:00Z,dev1,recommendations,Recommendation served,100
2026-07-20T15:00:00Z,dev1,recommendations,Recommendation served,110
2026-07-20T16:00:00Z,dev1,recommendations,Recommendation served,93
2026-07-20T17:00:00Z,dev1,recommendations,Recommendation served,92
2026-07-20T18:00:00Z,dev1,recommendations,Recommendation served,85
2026-07-21T07:00:00Z,dev1,recommendations,Recommendation served,74
2026-07-21T08:00:00Z,dev1,recommendations,Recommendation served,79
2026-07-21T09:00:00Z,dev1,recommendations,Recommendation served,93
2026-07-21T10:00:00Z,dev1,recommendations,Recommendation served,106
2026-07-21T11:00:00Z,dev1,recommendations,Recommendation served,98
2026-07-21T12:00:00Z,dev1,recommendations,Recommendation served,105
2026-07-21T13:00:00Z,dev1,recommendations,Recommendation served,117
2026-07-21T14:00:00Z,dev1,recommendations,Recommendation served,117
2026-07-21T15:00:00Z,dev1,recommendations,Recommendation served,96
2026-07-21T16:00:00Z,dev1,recommendations,Recommendation served,96
2026-07-21T17:00:00Z,dev1,recommendations,Recommendation served,95
2026-07-21T18:00:00Z,dev1,recommendations,Recommendation served,86
2026-07-22T07:00:00Z,dev1,recommendations,Recommendation served,72
2026-07-22T08:00:00Z,dev1,recommendations,Recommendation served,82
2026-07-22T09:00:00Z,dev1,recommendations,Recommendation served,89
2026-07-22T10:00:00Z,dev1,recommendations,Recommendation served,103
2026-07-22T11:00:00Z,dev1,recommendations,Recommendation served,108
2026-07-22T12:00:00Z,dev1,recommendations,Recommendation served,120
2026-07-22T13:00:00Z,dev1,recommendations,Recommendation served,102
2026-07-22T14:00:00Z,dev1,recommendations,Recommendation served,117
2026-07-22T15:00:00Z,dev1,recommendations,Recommendation served,95
2026-07-22T16:00:00Z,dev1,recommendations,Recommendation served,98
2026-07-22T17:00:00Z,dev1,recommendations,Recommendation served,88
2026-07-22T18:00:00Z,dev1,recommendations,Recommendation served,77
2026-07-23T07:00:00Z,dev1,recommendations,Recommendation served,70
2026-07-23T08:00:00Z,dev1,recommendations,Recommendation served,89
2026-07-23T09:00:00Z,dev1,recommendations,Recommendation served,85
2026-07-23T10:00:00Z,dev1,recommendations,Recommendation served,98
2026-07-23T11:00:00Z,dev1,recommendations,Recommendation served,103
2026-07-23T12:00:00Z,dev1,recommendations,Recommendation served,110
2026-07-23T13:00:00Z,dev1,recommendations,Recommendation served,120
2026-07-23T14:00:00Z,dev1,recommendations,Recommendation served,116
2026-07-23T15:00:00Z,dev1,recommendations,Recommendation served,113
2026-07-23T16:00:00Z,dev1,recommendations,Recommendation served,110
2026-07-23T17:00:00Z,dev1,recommendations,Recommendation served,85
2026-07-23T18:00:00Z,dev1,recommendations,Recommendation served,88
2026-07-24T07:00:00Z,dev1,recommendations,Recommendation served,67
2026-07-24T08:00:00Z,dev1,recommendations,Recommendation served,80
2026-07-24T09:00:00Z,dev1,recommendations,Recommendation served,95
2026-07-24T10:00:00Z,dev1,recommendations,Recommendation served,109
2026-07-24T11:00:00Z,dev1,recommendations,Recommendation served,110
2026-07-24T12:00:00Z,dev1,recommendations,Recommendation served,121
2026-07-24T13:00:00Z,dev1,recommendations,Recommendation served,104
2026-07-24T14:00:00Z,dev1,recommendations,Recommendation served,119
2026-07-24T15:00:00Z,dev1,recommendations,Recommendation served,105
2026-07-24T16:00:00Z,dev1,recommendations,Recommendation served,112
2026-07-24T17:00:00Z,dev1,recommendations,Recommendation served,95
2026-07-24T18:00:00Z,dev1,recommendations,Recommendation served,86
2026-07-12T16:00:00Z,prod,email-service,Email delivered,584
2026-07-12T17:00:00Z,prod,email-service,Email delivered,444
2026-07-12T18:00:00Z,prod,email-service,Email delivered,416
2026-07-12T19:00:00Z,prod,email-service,Email delivered,351
2026-07-12T20:00:00Z,prod,email-service,Email delivered,403
2026-07-12T21:00:00Z,prod,email-service,Email delivered,397
2026-07-12T22:00:00Z,prod,email-service,Email delivered,395
2026-07-12T23:00:00Z,prod,email-service,Email delivered,348
2026-07-13T00:00:00Z,prod,email-service,Email delivered,554
2026-07-13T01:00:00Z,prod,email-service,Email delivered,476
2026-07-13T02:00:00Z,prod,email-service,Email delivered,521
2026-07-13T03:00:00Z,prod,email-service,Email delivered,538
2026-07-13T04:00:00Z,prod,email-service,Email delivered,507
2026-07-13T05:00:00Z,prod,email-service,Email delivered,509
2026-07-13T06:00:00Z,prod,email-service,Email delivered,555
2026-07-13T07:00:00Z,prod,email-service,Email delivered,471
2026-07-13T08:00:00Z,prod,email-service,Email delivered,532
2026-07-13T09:00:00Z,prod,email-service,Email delivered,631
2026-07-13T10:00:00Z,prod,email-service,Email delivered,721
2026-07-13T11:00:00Z,prod,email-service,Email delivered,700
2026-07-13T12:00:00Z,prod,email-service,Email delivered,786
2026-07-13T13:00:00Z,prod,email-service,Email delivered,775
2026-07-13T14:00:00Z,prod,email-service,Email delivered,794
2026-07-13T15:00:00Z,prod,email-service,Email delivered,728
2026-07-13T16:00:00Z,prod,email-service,Email delivered,753
2026-07-13T17:00:00Z,prod,email-service,Email delivered,678
2026-07-13T18:00:00Z,prod,email-service,Email delivered,545
2026-07-13T19:00:00Z,prod,email-service,Email delivered,547
2026-07-13T20:00:00Z,prod,email-service,Email delivered,544
2026-07-13T21:00:00Z,prod,email-service,Email delivered,487
2026-07-13T22:00:00Z,prod,email-service,Email delivered,559
2026-07-13T23:00:00Z,prod,email-service,Email delivered,530
2026-07-14T00:00:00Z,prod,email-service,Email delivered,548
2026-07-14T01:00:00Z,prod,email-service,Email delivered,494
2026-07-14T02:00:00Z,prod,email-service,Email delivered,569
2026-07-14T03:00:00Z,prod,email-service,Email delivered,528
2026-07-14T04:00:00Z,prod,email-service,Email delivered,552
2026-07-14T05:00:00Z,prod,email-service,Email delivered,516
2026-07-14T06:00:00Z,prod,email-service,Email delivered,511
2026-07-14T07:00:00Z,prod,email-service,Email delivered,545
2026-07-14T08:00:00Z,prod,email-service,Email delivered,654
2026-07-14T09:00:00Z,prod,email-service,Email delivered,672
2026-07-14T10:00:00Z,prod,email-service,Email delivered,661
2026-07-14T11:00:00Z,prod,email-service,Email delivered,699
2026-07-14T12:00:00Z,prod,email-service,Email delivered,824
2026-07-14T13:00:00Z,prod,email-service,Email delivered,823
2026-07-14T14:00:00Z,prod,email-service,Email delivered,786
2026-07-14T15:00:00Z,prod,email-service,Email delivered,762
2026-07-14T16:00:00Z,prod,email-service,Email delivered,705
2026-07-14T17:00:00Z,prod,email-service,Email delivered,729
2026-07-14T18:00:00Z,prod,email-service,Email delivered,568
2026-07-14T19:00:00Z,prod,email-service,Email delivered,558
2026-07-14T20:00:00Z,prod,email-service,Email delivered,536
2026-07-14T21:00:00Z,prod,email-service,Email delivered,527
2026-07-14T22:00:00Z,prod,email-service,Email delivered,511
2026-07-14T23:00:00Z,prod,email-service,Email delivered,502
2026-07-15T00:00:00Z,prod,email-service,Email delivered,526
2026-07-15T01:00:00Z,prod,email-service,Email delivered,567
2026-07-15T02:00:00Z,prod,email-service,Email delivered,513
2026-07-15T03:00:00Z,prod,email-service,Email delivered,533
2026-07-15T04:00:00Z,prod,email-service,Email delivered,556
2026-07-15T05:00:00Z,prod,email-service,Email delivered,484
2026-07-15T06:00:00Z,prod,email-service,Email delivered,540
2026-07-15T07:00:00Z,prod,email-service,Email delivered,555
2026-07-15T08:00:00Z,prod,email-service,Email delivered,633
2026-07-15T09:00:00Z,prod,email-service,Email delivered,737
2026-07-15T10:00:00Z,prod,email-service,Email delivered,733
2026-07-15T11:00:00Z,prod,email-service,Email delivered,720
2026-07-15T12:00:00Z,prod,email-service,Email delivered,821
2026-07-15T13:00:00Z,prod,email-service,Email delivered,875
2026-07-15T14:00:00Z,prod,email-service,Email delivered,826
2026-07-15T15:00:00Z,prod,email-service,Email delivered,830
2026-07-15T16:00:00Z,prod,email-service,Email delivered,698
2026-07-15T17:00:00Z,prod,email-service,Email delivered,721
2026-07-15T18:00:00Z,prod,email-service,Email delivered,666
2026-07-15T19:00:00Z,prod,email-service,Email delivered,492
2026-07-15T20:00:00Z,prod,email-service,Email delivered,535
2026-07-15T21:00:00Z,prod,email-service,Email delivered,537
2026-07-15T22:00:00Z,prod,email-service,Email delivered,564
2026-07-15T23:00:00Z,prod,email-service,Email delivered,586
2026-07-16T00:00:00Z,prod,email-service,Email delivered,531
2026-07-16T01:00:00Z,prod,email-service,Email delivered,546
2026-07-16T02:00:00Z,prod,email-service,Email delivered,483
2026-07-16T03:00:00Z,prod,email-service,Email delivered,507
2026-07-16T04:00:00Z,prod,email-service,Email delivered,540
2026-07-16T05:00:00Z,prod,email-service,Email delivered,484
2026-07-16T06:00:00Z,prod,email-service,Email delivered,533
2026-07-16T07:00:00Z,prod,email-service,Email delivered,496
2026-07-16T08:00:00Z,prod,email-service,Email delivered,591
2026-07-16T09:00:00Z,prod,email-service,Email delivered,652
2026-07-16T10:00:00Z,prod,email-service,Email delivered,692
2026-07-16T11:00:00Z,prod,email-service,Email delivered,873
2026-07-16T12:00:00Z,prod,email-service,Email delivered,873
2026-07-16T13:00:00Z,prod,email-service,Email delivered,780
2026-07-16T14:00:00Z,prod,email-service,Email delivered,747
2026-07-16T15:00:00Z,prod,email-service,Email delivered,823
2026-07-16T16:00:00Z,prod,email-service,Email delivered,762
2026-07-16T17:00:00Z,prod,email-service,Email delivered,688
2026-07-16T18:00:00Z,prod,email-service,Email delivered,638
2026-07-16T19:00:00Z,prod,email-service,Email delivered,549
2026-07-16T20:00:00Z,prod,email-service,Email delivered,514
2026-07-16T21:00:00Z,prod,email-service,Email delivered,569
2026-07-16T22:00:00Z,prod,email-service,Email delivered,585
2026-07-16T23:00:00Z,prod,email-service,Email delivered,510
2026-07-17T00:00:00Z,prod,email-service,Email delivered,527
2026-07-17T01:00:00Z,prod,email-service,Email delivered,549
2026-07-17T02:00:00Z,prod,email-service,Email delivered,509
2026-07-17T03:00:00Z,prod,email-service,Email delivered,553
2026-07-17T04:00:00Z,prod,email-service,Email delivered,584
2026-07-17T05:00:00Z,prod,email-service,Email delivered,568
2026-07-17T06:00:00Z,prod,email-service,Email delivered,561
2026-07-17T07:00:00Z,prod,email-service,Email delivered,561
2026-07-17T08:00:00Z,prod,email-service,Email delivered,641
2026-07-17T09:00:00Z,prod,email-service,Email delivered,739
2026-07-17T10:00:00Z,prod,email-service,Email delivered,787
2026-07-17T11:00:00Z,prod,email-service,Email delivered,771
2026-07-17T12:00:00Z,prod,email-service,Email delivered,837
2026-07-17T13:00:00Z,prod,email-service,Email delivered,791
2026-07-17T14:00:00Z,prod,email-service,Email delivered,784
2026-07-17T15:00:00Z,prod,email-service,Email delivered,873
2026-07-17T16:00:00Z,prod,email-service,Email delivered,791
2026-07-17T17:00:00Z,prod,email-service,Email delivered,700
2026-07-17T18:00:00Z,prod,email-service,Email delivered,592
2026-07-17T19:00:00Z,prod,email-service,Email delivered,591
2026-07-17T20:00:00Z,prod,email-service,Email delivered,557
2026-07-17T21:00:00Z,prod,email-service,Email delivered,555
2026-07-17T22:00:00Z,prod,email-service,Email delivered,548
2026-07-17T23:00:00Z,prod,email-service,Email delivered,507
2026-07-18T00:00:00Z,prod,email-service,Email delivered,448
2026-07-18T01:00:00Z,prod,email-service,Email delivered,377
2026-07-18T02:00:00Z,prod,email-service,Email delivered,428
2026-07-18T03:00:00Z,prod,email-service,Email delivered,377
2026-07-18T04:00:00Z,prod,email-service,Email delivered,427
2026-07-18T05:00:00Z,prod,email-service,Email delivered,435
2026-07-18T06:00:00Z,prod,email-service,Email delivered,450
2026-07-18T07:00:00Z,prod,email-service,Email delivered,386
2026-07-18T08:00:00Z,prod,email-service,Email delivered,483
2026-07-18T09:00:00Z,prod,email-service,Email delivered,509
2026-07-18T10:00:00Z,prod,email-service,Email delivered,616
2026-07-18T11:00:00Z,prod,email-service,Email delivered,599
2026-07-18T12:00:00Z,prod,email-service,Email delivered,700
2026-07-18T13:00:00Z,prod,email-service,Email delivered,694
2026-07-18T14:00:00Z,prod,email-service,Email delivered,646
2026-07-18T15:00:00Z,prod,email-service,Email delivered,621
2026-07-18T16:00:00Z,prod,email-service,Email delivered,539
2026-07-18T17:00:00Z,prod,email-service,Email delivered,511
2026-07-18T18:00:00Z,prod,email-service,Email delivered,468
2026-07-18T19:00:00Z,prod,email-service,Email delivered,445
2026-07-18T20:00:00Z,prod,email-service,Email delivered,435
2026-07-18T21:00:00Z,prod,email-service,Email delivered,392
2026-07-18T22:00:00Z,prod,email-service,Email delivered,452
2026-07-18T23:00:00Z,prod,email-service,Email delivered,393
2026-07-19T00:00:00Z,prod,email-service,Email delivered,390
2026-07-19T01:00:00Z,prod,email-service,Email delivered,398
2026-07-19T02:00:00Z,prod,email-service,Email delivered,390
2026-07-19T03:00:00Z,prod,email-service,Email delivered,418
2026-07-19T04:00:00Z,prod,email-service,Email delivered,424
2026-07-19T05:00:00Z,prod,email-service,Email delivered,408
2026-07-19T06:00:00Z,prod,email-service,Email delivered,394
2026-07-19T07:00:00Z,prod,email-service,Email delivered,408
2026-07-19T08:00:00Z,prod,email-service,Email delivered,483
2026-07-19T09:00:00Z,prod,email-service,Email delivered,546
2026-07-19T10:00:00Z,prod,email-service,Email delivered,582
2026-07-19T11:00:00Z,prod,email-service,Email delivered,606
2026-07-19T12:00:00Z,prod,email-service,Email delivered,673
2026-07-19T13:00:00Z,prod,email-service,Email delivered,591
2026-07-19T14:00:00Z,prod,email-service,Email delivered,650
2026-07-19T15:00:00Z,prod,email-service,Email delivered,566
2026-07-19T16:00:00Z,prod,email-service,Email delivered,571
2026-07-19T17:00:00Z,prod,email-service,Email delivered,498
2026-07-19T18:00:00Z,prod,email-service,Email delivered,478
2026-07-19T19:00:00Z,prod,email-service,Email delivered,404
2026-07-19T20:00:00Z,prod,email-service,Email delivered,388
2026-07-19T21:00:00Z,prod,email-service,Email delivered,421
2026-07-19T22:00:00Z,prod,email-service,Email delivered,428
2026-07-19T23:00:00Z,prod,email-service,Email delivered,439
2026-07-20T00:00:00Z,prod,email-service,Email delivered,611
2026-07-20T01:00:00Z,prod,email-service,Email delivered,566
2026-07-20T02:00:00Z,prod,email-service,Email delivered,539
2026-07-20T03:00:00Z,prod,email-service,Email delivered,610
2026-07-20T04:00:00Z,prod,email-service,Email delivered,523
2026-07-20T05:00:00Z,prod,email-service,Email delivered,543
2026-07-20T06:00:00Z,prod,email-service,Email delivered,517
2026-07-20T07:00:00Z,prod,email-service,Email delivered,527
2026-07-20T08:00:00Z,prod,email-service,Email delivered,589
2026-07-20T09:00:00Z,prod,email-service,Email delivered,712
2026-07-20T10:00:00Z,prod,email-service,Email delivered,849
2026-07-20T11:00:00Z,prod,email-service,Email delivered,818
2026-07-20T12:00:00Z,prod,email-service,Email delivered,856
2026-07-20T13:00:00Z,prod,email-service,Email delivered,831
2026-07-20T14:00:00Z,prod,email-service,Email delivered,904
2026-07-20T15:00:00Z,prod,email-service,Email delivered,800
2026-07-20T16:00:00Z,prod,email-service,Email delivered,768
2026-07-20T17:00:00Z,prod,email-service,Email delivered,735
2026-07-20T18:00:00Z,prod,email-service,Email delivered,624
2026-07-20T19:00:00Z,prod,email-service,Email delivered,564
2026-07-20T20:00:00Z,prod,email-service,Email delivered,518
2026-07-20T21:00:00Z,prod,email-service,Email delivered,516
2026-07-20T22:00:00Z,prod,email-service,Email delivered,555
2026-07-20T23:00:00Z,prod,email-service,Email delivered,533
2026-07-21T00:00:00Z,prod,email-service,Email delivered,580
2026-07-21T01:00:00Z,prod,email-service,Email delivered,615
2026-07-21T02:00:00Z,prod,email-service,Email delivered,627
2026-07-21T03:00:00Z,prod,email-service,Email delivered,576
2026-07-21T04:00:00Z,prod,email-service,Email delivered,585
2026-07-21T05:00:00Z,prod,email-service,Email delivered,553
2026-07-21T06:00:00Z,prod,email-service,Email delivered,610
2026-07-21T07:00:00Z,prod,email-service,Email delivered,601
2026-07-21T08:00:00Z,prod,email-service,Email delivered,712
2026-07-21T09:00:00Z,prod,email-service,Email delivered,781
2026-07-21T10:00:00Z,prod,email-service,Email delivered,845
2026-07-21T11:00:00Z,prod,email-service,Email delivered,864
2026-07-21T12:00:00Z,prod,email-service,Email delivered,934
2026-07-21T13:00:00Z,prod,email-service,Email delivered,917
2026-07-21T14:00:00Z,prod,email-service,Email delivered,897
2026-07-21T15:00:00Z,prod,email-service,Email delivered,785
2026-07-21T16:00:00Z,prod,email-service,Email delivered,761
2026-07-21T17:00:00Z,prod,email-service,Email delivered,789
2026-07-21T18:00:00Z,prod,email-service,Email delivered,667
2026-07-21T19:00:00Z,prod,email-service,Email delivered,624
2026-07-21T20:00:00Z,prod,email-service,Email delivered,622
2026-07-21T21:00:00Z,prod,email-service,Email delivered,599
2026-07-21T22:00:00Z,prod,email-service,Email delivered,621
2026-07-21T23:00:00Z,prod,email-service,Email delivered,586
2026-07-22T00:00:00Z,prod,email-service,Email delivered,599
2026-07-22T01:00:00Z,prod,email-service,Email delivered,535
2026-07-22T02:00:00Z,prod,email-service,Email delivered,607
2026-07-22T03:00:00Z,prod,email-service,Email delivered,638
2026-07-22T04:00:00Z,prod,email-service,Email delivered,635
2026-07-22T05:00:00Z,prod,email-service,Email delivered,553
2026-07-22T06:00:00Z,prod,email-service,Email delivered,609
2026-07-22T07:00:00Z,prod,email-service,Email delivered,543
2026-07-22T08:00:00Z,prod,email-service,Email delivered,729
2026-07-22T09:00:00Z,prod,email-service,Email delivered,772
2026-07-22T10:00:00Z,prod,email-service,Email delivered,764
2026-07-22T11:00:00Z,prod,email-service,Email delivered,806
2026-07-22T12:00:00Z,prod,email-service,Email delivered,929
2026-07-22T13:00:00Z,prod,email-service,Email delivered,821
2026-07-22T14:00:00Z,prod,email-service,Email delivered,813
2026-07-22T15:00:00Z,prod,email-service,Email delivered,867
2026-07-22T16:00:00Z,prod,email-service,Email delivered,869
2026-07-22T17:00:00Z,prod,email-service,Email delivered,744
2026-07-22T18:00:00Z,prod,email-service,Email delivered,650
2026-07-22T19:00:00Z,prod,email-service,Email delivered,630
2026-07-22T20:00:00Z,prod,email-service,Email delivered,592
2026-07-22T21:00:00Z,prod,email-service,Email delivered,625
2026-07-22T22:00:00Z,prod,email-service,Email delivered,561
2026-07-22T23:00:00Z,prod,email-service,Email delivered,602
2026-07-23T00:00:00Z,prod,email-service,Email delivered,588
2026-07-23T01:00:00Z,prod,email-service,Email delivered,559
2026-07-23T02:00:00Z,prod,email-service,Email delivered,557
2026-07-23T03:00:00Z,prod,email-service,Email delivered,638
2026-07-23T04:00:00Z,prod,email-service,Email delivered,619
2026-07-23T05:00:00Z,prod,email-service,Email delivered,577
2026-07-23T06:00:00Z,prod,email-service,Email delivered,550
2026-07-23T07:00:00Z,prod,email-service,Email delivered,566
2026-07-23T08:00:00Z,prod,email-service,Email delivered,699
2026-07-23T09:00:00Z,prod,email-service,Email delivered,699
2026-07-23T10:00:00Z,prod,email-service,Email delivered,791
2026-07-23T11:00:00Z,prod,email-service,Email delivered,814
2026-07-23T12:00:00Z,prod,email-service,Email delivered,875
2026-07-23T13:00:00Z,prod,email-service,Email delivered,965
2026-07-23T14:00:00Z,prod,email-service,Email delivered,950
2026-07-23T15:00:00Z,prod,email-service,Email delivered,876
2026-07-23T16:00:00Z,prod,email-service,Email delivered,845
2026-07-23T17:00:00Z,prod,email-service,Email delivered,780
2026-07-23T18:00:00Z,prod,email-service,Email delivered,748
2026-07-23T19:00:00Z,prod,email-service,Email delivered,542
2026-07-23T20:00:00Z,prod,email-service,Email delivered,638
2026-07-23T21:00:00Z,prod,email-service,Email delivered,569
2026-07-23T22:00:00Z,prod,email-service,Email delivered,630
2026-07-23T23:00:00Z,prod,email-service,Email delivered,569
2026-07-24T00:00:00Z,prod,email-service,Email delivered,577
2026-07-24T01:00:00Z,prod,email-service,Email delivered,584
2026-07-24T02:00:00Z,prod,email-service,Email delivered,587
2026-07-24T03:00:00Z,prod,email-service,Email delivered,537
2026-07-24T04:00:00Z,prod,email-service,Email delivered,573
2026-07-24T05:00:00Z,prod,email-service,Email delivered,537
2026-07-24T06:00:00Z,prod,email-service,Email delivered,629
2026-07-24T07:00:00Z,prod,email-service,Email delivered,617
2026-07-24T08:00:00Z,prod,email-service,Email delivered,713
2026-07-24T09:00:00Z,prod,email-service,Email delivered,772
2026-07-24T10:00:00Z,prod,email-service,Email delivered,798
2026-07-24T11:00:00Z,prod,email-service,Email delivered,952
2026-07-24T12:00:00Z,prod,email-service,Email delivered,919
2026-07-24T13:00:00Z,prod,email-service,Email delivered,1007
2026-07-24T14:00:00Z,prod,email-service,Email delivered,958
2026-07-24T15:00:00Z,prod,email-service,Email delivered,910
2026-07-24T16:00:00Z,prod,email-service,Email delivered,849
2026-07-24T17:00:00Z,prod,email-service,Email delivered,739
2026-07-24T18:00:00Z,prod,email-service,Email delivered,637
2026-07-24T19:00:00Z,prod,email-service,Email delivered,570
2026-07-24T20:00:00Z,prod,email-service,Email delivered,617
2026-07-24T21:00:00Z,prod,email-service,Email delivered,550
2026-07-24T22:00:00Z,prod,email-service,Email delivered,552
2026-07-24T23:00:00Z,prod,email-service,Email delivered,644
2026-07-25T00:00:00Z,prod,email-service,Email delivered,457
2026-07-25T01:00:00Z,prod,email-service,Email delivered,480
2026-07-25T02:00:00Z,prod,email-service,Email delivered,436
2026-07-25T03:00:00Z,prod,email-service,Email delivered,439
2026-07-25T04:00:00Z,prod,email-service,Email delivered,448
2026-07-25T05:00:00Z,prod,email-service,Email delivered,484
2026-07-25T06:00:00Z,prod,email-service,Email delivered,493
2026-07-25T07:00:00Z,prod,email-service,Email delivered,444
2026-07-25T08:00:00Z,prod,email-service,Email delivered,510
2026-07-25T09:00:00Z,prod,email-service,Email delivered,564
2026-07-25T10:00:00Z,prod,email-service,Email delivered,649
2026-07-25T11:00:00Z,prod,email-service,Email delivered,733
2026-07-25T12:00:00Z,prod,email-service,Email delivered,765
2026-07-25T13:00:00Z,prod,email-service,Email delivered,709
2026-07-25T14:00:00Z,prod,email-service,Email delivered,646
2026-07-25T15:00:00Z,prod,email-service,Email delivered,668
2026-07-25T16:00:00Z,prod,email-service,Email delivered,598
2026-07-25T17:00:00Z,prod,email-service,Email delivered,565
2026-07-25T18:00:00Z,prod,email-service,Email delivered,497
2026-07-25T19:00:00Z,prod,email-service,Email delivered,447
2026-07-25T20:00:00Z,prod,email-service,Email delivered,436
2026-07-25T21:00:00Z,prod,email-service,Email delivered,466
2026-07-25T22:00:00Z,prod,email-service,Email delivered,489
2026-07-25T23:00:00Z,prod,email-service,Email delivered,475
2026-07-26T00:00:00Z,prod,email-service,Email delivered,491
2026-07-26T01:00:00Z,prod,email-service,Email delivered,503
2026-07-26T02:00:00Z,prod,email-service,Email delivered,460
2026-07-26T03:00:00Z,prod,email-service,Email delivered,441
2026-07-26T04:00:00Z,prod,email-service,Email delivered,422
2026-07-26T05:00:00Z,prod,email-service,Email delivered,476
2026-07-26T06:00:00Z,prod,email-service,Email delivered,479
2026-07-26T07:00:00Z,prod,email-service,Email delivered,476
2026-07-26T08:00:00Z,prod,email-service,Email delivered,539
2026-07-26T09:00:00Z,prod,email-service,Email delivered,614
2026-07-26T10:00:00Z,prod,email-service,Email delivered,608
2026-07-26T11:00:00Z,prod,email-service,Email delivered,733
2026-07-26T12:00:00Z,prod,email-service,Email delivered,724
2026-07-26T13:00:00Z,prod,email-service,Email delivered,673
2026-07-26T14:00:00Z,prod,email-service,Email delivered,755
2026-07-26T15:00:00Z,prod,email-service,Email delivered,658
