Provider,service_name,application_service,Cost,Environment,Team,Date,Account_ID
AWS,EC2,checkout-api,5.1907,prod,payments,2026-07-12T16:00:00Z,111122223333
AWS,EC2,checkout-api,4.6155,prod,payments,2026-07-12T17:00:00Z,111122223333
AWS,EC2,checkout-api,4.4639,prod,payments,2026-07-12T18:00:00Z,111122223333
AWS,EC2,checkout-api,3.7636,prod,payments,2026-07-12T19:00:00Z,111122223333
AWS,EC2,checkout-api,3.4033,prod,payments,2026-07-12T20:00:00Z,111122223333
AWS,EC2,checkout-api,3.6594,prod,payments,2026-07-12T21:00:00Z,111122223333
AWS,EC2,checkout-api,3.4749,prod,payments,2026-07-12T22:00:00Z,111122223333
AWS,EC2,checkout-api,3.7308,prod,payments,2026-07-12T23:00:00Z,111122223333
AWS,EC2,checkout-api,5.5801,prod,payments,2026-07-13T00:00:00Z,111122223333
AWS,EC2,checkout-api,5.1712,prod,payments,2026-07-13T01:00:00Z,111122223333
AWS,EC2,checkout-api,4.9399,prod,payments,2026-07-13T02:00:00Z,111122223333
AWS,EC2,checkout-api,5.5973,prod,payments,2026-07-13T03:00:00Z,111122223333
AWS,EC2,checkout-api,5.4556,prod,payments,2026-07-13T04:00:00Z,111122223333
AWS,EC2,checkout-api,4.9993,prod,payments,2026-07-13T05:00:00Z,111122223333
AWS,EC2,checkout-api,4.8851,prod,payments,2026-07-13T06:00:00Z,111122223333
AWS,EC2,checkout-api,5.2008,prod,payments,2026-07-13T07:00:00Z,111122223333
AWS,EC2,checkout-api,6.1794,prod,payments,2026-07-13T08:00:00Z,111122223333
AWS,EC2,checkout-api,6.8099,prod,payments,2026-07-13T09:00:00Z,111122223333
AWS,EC2,checkout-api,6.5470,prod,payments,2026-07-13T10:00:00Z,111122223333
AWS,EC2,checkout-api,7.6879,prod,payments,2026-07-13T11:00:00Z,111122223333
AWS,EC2,checkout-api,8.5668,prod,payments,2026-07-13T12:00:00Z,111122223333
AWS,EC2,checkout-api,7.3957,prod,payments,2026-07-13T13:00:00Z,111122223333
AWS,EC2,checkout-api,8.1735,prod,payments,2026-07-13T14:00:00Z,111122223333
AWS,EC2,checkout-api,7.0086,prod,payments,2026-07-13T15:00:00Z,111122223333
AWS,EC2,checkout-api,6.9850,prod,payments,2026-07-13T16:00:00Z,111122223333
AWS,EC2,checkout-api,6.1272,prod,payments,2026-07-13T17:00:00Z,111122223333
AWS,EC2,checkout-api,5.6272,prod,payments,2026-07-13T18:00:00Z,111122223333
AWS,EC2,checkout-api,5.5388,prod,payments,2026-07-13T19:00:00Z,111122223333
AWS,EC2,checkout-api,5.2734,prod,payments,2026-07-13T20:00:00Z,111122223333
AWS,EC2,checkout-api,4.7459,prod,payments,2026-07-13T21:00:00Z,111122223333
AWS,EC2,checkout-api,4.8988,prod,payments,2026-07-13T22:00:00Z,111122223333
AWS,EC2,checkout-api,5.6008,prod,payments,2026-07-13T23:00:00Z,111122223333
AWS,EC2,checkout-api,5.2287,prod,payments,2026-07-14T00:00:00Z,111122223333
AWS,EC2,checkout-api,5.5656,prod,payments,2026-07-14T01:00:00Z,111122223333
AWS,EC2,checkout-api,5.0523,prod,payments,2026-07-14T02:00:00Z,111122223333
AWS,EC2,checkout-api,5.1891,prod,payments,2026-07-14T03:00:00Z,111122223333
AWS,EC2,checkout-api,4.7567,prod,payments,2026-07-14T04:00:00Z,111122223333
AWS,EC2,checkout-api,4.7713,prod,payments,2026-07-14T05:00:00Z,111122223333
AWS,EC2,checkout-api,5.3009,prod,payments,2026-07-14T06:00:00Z,111122223333
AWS,EC2,checkout-api,5.3430,prod,payments,2026-07-14T07:00:00Z,111122223333
AWS,EC2,checkout-api,5.6987,prod,payments,2026-07-14T08:00:00Z,111122223333
AWS,EC2,checkout-api,6.9115,prod,payments,2026-07-14T09:00:00Z,111122223333
AWS,EC2,checkout-api,6.9008,prod,payments,2026-07-14T10:00:00Z,111122223333
AWS,EC2,checkout-api,7.4888,prod,payments,2026-07-14T11:00:00Z,111122223333
AWS,EC2,checkout-api,8.4756,prod,payments,2026-07-14T12:00:00Z,111122223333
AWS,EC2,checkout-api,8.7776,prod,payments,2026-07-14T13:00:00Z,111122223333
AWS,EC2,checkout-api,8.1025,prod,payments,2026-07-14T14:00:00Z,111122223333
AWS,EC2,checkout-api,7.3338,prod,payments,2026-07-14T15:00:00Z,111122223333
AWS,EC2,checkout-api,7.0659,prod,payments,2026-07-14T16:00:00Z,111122223333
AWS,EC2,checkout-api,6.4888,prod,payments,2026-07-14T17:00:00Z,111122223333
AWS,EC2,checkout-api,5.5375,prod,payments,2026-07-14T18:00:00Z,111122223333
AWS,EC2,checkout-api,5.4521,prod,payments,2026-07-14T19:00:00Z,111122223333
AWS,EC2,checkout-api,5.4742,prod,payments,2026-07-14T20:00:00Z,111122223333
AWS,EC2,checkout-api,5.4872,prod,payments,2026-07-14T21:00:00Z,111122223333
AWS,EC2,checkout-api,5.7353,prod,payments,2026-07-14T22:00:00Z,111122223333
AWS,EC2,checkout-api,4.8478,prod,payments,2026-07-14T23:00:00Z,111122223333
AWS,EC2,checkout-api,5.7521,prod,payments,2026-07-15T00:00:00Z,111122223333
AWS,EC2,checkout-api,5.2104,prod,payments,2026-07-15T01:00:00Z,111122223333
AWS,EC2,checkout-api,5.7505,prod,payments,2026-07-15T02:00:00Z,111122223333
AWS,EC2,checkout-api,4.9000,prod,payments,2026-07-15T03:00:00Z,111122223333
AWS,EC2,checkout-api,4.8721,prod,payments,2026-07-15T04:00:00Z,111122223333
AWS,EC2,checkout-api,4.7716,prod,payments,2026-07-15T05:00:00Z,111122223333
AWS,EC2,checkout-api,5.1357,prod,payments,2026-07-15T06:00:00Z,111122223333
AWS,EC2,checkout-api,5.2639,prod,payments,2026-07-15T07:00:00Z,111122223333
AWS,EC2,checkout-api,6.1878,prod,payments,2026-07-15T08:00:00Z,111122223333
AWS,EC2,checkout-api,7.3100,prod,payments,2026-07-15T09:00:00Z,111122223333
AWS,EC2,checkout-api,6.7607,prod,payments,2026-07-15T10:00:00Z,111122223333
AWS,EC2,checkout-api,8.2019,prod,payments,2026-07-15T11:00:00Z,111122223333
AWS,EC2,checkout-api,8.8629,prod,payments,2026-07-15T12:00:00Z,111122223333
AWS,EC2,checkout-api,7.8889,prod,payments,2026-07-15T13:00:00Z,111122223333
AWS,EC2,checkout-api,8.4906,prod,payments,2026-07-15T14:00:00Z,111122223333
AWS,EC2,checkout-api,7.3534,prod,payments,2026-07-15T15:00:00Z,111122223333
AWS,EC2,checkout-api,7.4730,prod,payments,2026-07-15T16:00:00Z,111122223333
AWS,EC2,checkout-api,7.2616,prod,payments,2026-07-15T17:00:00Z,111122223333
AWS,EC2,checkout-api,5.6371,prod,payments,2026-07-15T18:00:00Z,111122223333
AWS,EC2,checkout-api,5.8526,prod,payments,2026-07-15T19:00:00Z,111122223333
AWS,EC2,checkout-api,5.3917,prod,payments,2026-07-15T20:00:00Z,111122223333
AWS,EC2,checkout-api,5.7680,prod,payments,2026-07-15T21:00:00Z,111122223333
AWS,EC2,checkout-api,5.2545,prod,payments,2026-07-15T22:00:00Z,111122223333
AWS,EC2,checkout-api,5.4083,prod,payments,2026-07-15T23:00:00Z,111122223333
AWS,EC2,checkout-api,5.1512,prod,payments,2026-07-16T00:00:00Z,111122223333
AWS,EC2,checkout-api,5.4273,prod,payments,2026-07-16T01:00:00Z,111122223333
AWS,EC2,checkout-api,5.1363,prod,payments,2026-07-16T02:00:00Z,111122223333
AWS,EC2,checkout-api,5.5691,prod,payments,2026-07-16T03:00:00Z,111122223333
AWS,EC2,checkout-api,5.1067,prod,payments,2026-07-16T04:00:00Z,111122223333
AWS,EC2,checkout-api,5.2713,prod,payments,2026-07-16T05:00:00Z,111122223333
AWS,EC2,checkout-api,5.6902,prod,payments,2026-07-16T06:00:00Z,111122223333
AWS,EC2,checkout-api,5.5325,prod,payments,2026-07-16T07:00:00Z,111122223333
AWS,EC2,checkout-api,6.7027,prod,payments,2026-07-16T08:00:00Z,111122223333
AWS,EC2,checkout-api,7.3548,prod,payments,2026-07-16T09:00:00Z,111122223333
AWS,EC2,checkout-api,7.3413,prod,payments,2026-07-16T10:00:00Z,111122223333
AWS,EC2,checkout-api,7.9903,prod,payments,2026-07-16T11:00:00Z,111122223333
AWS,EC2,checkout-api,7.8825,prod,payments,2026-07-16T12:00:00Z,111122223333
AWS,EC2,checkout-api,7.6559,prod,payments,2026-07-16T13:00:00Z,111122223333
AWS,EC2,checkout-api,8.5413,prod,payments,2026-07-16T14:00:00Z,111122223333
AWS,EC2,checkout-api,7.6230,prod,payments,2026-07-16T15:00:00Z,111122223333
AWS,EC2,checkout-api,7.9298,prod,payments,2026-07-16T16:00:00Z,111122223333
AWS,EC2,checkout-api,7.4323,prod,payments,2026-07-16T17:00:00Z,111122223333
AWS,EC2,checkout-api,5.6480,prod,payments,2026-07-16T18:00:00Z,111122223333
AWS,EC2,checkout-api,5.3400,prod,payments,2026-07-16T19:00:00Z,111122223333
AWS,EC2,checkout-api,5.7119,prod,payments,2026-07-16T20:00:00Z,111122223333
AWS,EC2,checkout-api,4.9693,prod,payments,2026-07-16T21:00:00Z,111122223333
AWS,EC2,checkout-api,5.8738,prod,payments,2026-07-16T22:00:00Z,111122223333
AWS,EC2,checkout-api,5.0212,prod,payments,2026-07-16T23:00:00Z,111122223333
AWS,EC2,checkout-api,5.5912,prod,payments,2026-07-17T00:00:00Z,111122223333
AWS,EC2,checkout-api,5.5807,prod,payments,2026-07-17T01:00:00Z,111122223333
AWS,EC2,checkout-api,5.0693,prod,payments,2026-07-17T02:00:00Z,111122223333
AWS,EC2,checkout-api,5.2729,prod,payments,2026-07-17T03:00:00Z,111122223333
AWS,EC2,checkout-api,5.0052,prod,payments,2026-07-17T04:00:00Z,111122223333
AWS,EC2,checkout-api,5.5324,prod,payments,2026-07-17T05:00:00Z,111122223333
AWS,EC2,checkout-api,5.1903,prod,payments,2026-07-17T06:00:00Z,111122223333
AWS,EC2,checkout-api,5.0519,prod,payments,2026-07-17T07:00:00Z,111122223333
AWS,EC2,checkout-api,6.3062,prod,payments,2026-07-17T08:00:00Z,111122223333
AWS,EC2,checkout-api,7.4077,prod,payments,2026-07-17T09:00:00Z,111122223333
AWS,EC2,checkout-api,7.2404,prod,payments,2026-07-17T10:00:00Z,111122223333
AWS,EC2,checkout-api,8.4473,prod,payments,2026-07-17T11:00:00Z,111122223333
AWS,EC2,checkout-api,8.1048,prod,payments,2026-07-17T12:00:00Z,111122223333
AWS,EC2,checkout-api,7.7668,prod,payments,2026-07-17T13:00:00Z,111122223333
AWS,EC2,checkout-api,8.8846,prod,payments,2026-07-17T14:00:00Z,111122223333
AWS,EC2,checkout-api,7.7726,prod,payments,2026-07-17T15:00:00Z,111122223333
AWS,EC2,checkout-api,6.8175,prod,payments,2026-07-17T16:00:00Z,111122223333
AWS,EC2,checkout-api,7.2580,prod,payments,2026-07-17T17:00:00Z,111122223333
AWS,EC2,checkout-api,6.3629,prod,payments,2026-07-17T18:00:00Z,111122223333
AWS,EC2,checkout-api,5.8146,prod,payments,2026-07-17T19:00:00Z,111122223333
AWS,EC2,checkout-api,5.8495,prod,payments,2026-07-17T20:00:00Z,111122223333
AWS,EC2,checkout-api,5.0932,prod,payments,2026-07-17T21:00:00Z,111122223333
AWS,EC2,checkout-api,5.5204,prod,payments,2026-07-17T22:00:00Z,111122223333
AWS,EC2,checkout-api,5.3964,prod,payments,2026-07-17T23:00:00Z,111122223333
AWS,EC2,checkout-api,3.5464,prod,payments,2026-07-18T00:00:00Z,111122223333
AWS,EC2,checkout-api,3.4430,prod,payments,2026-07-18T01:00:00Z,111122223333
AWS,EC2,checkout-api,3.9412,prod,payments,2026-07-18T02:00:00Z,111122223333
AWS,EC2,checkout-api,3.9434,prod,payments,2026-07-18T03:00:00Z,111122223333
AWS,EC2,checkout-api,3.6277,prod,payments,2026-07-18T04:00:00Z,111122223333
AWS,EC2,checkout-api,3.6156,prod,payments,2026-07-18T05:00:00Z,111122223333
AWS,EC2,checkout-api,3.6619,prod,payments,2026-07-18T06:00:00Z,111122223333
AWS,EC2,checkout-api,3.4291,prod,payments,2026-07-18T07:00:00Z,111122223333
AWS,EC2,checkout-api,4.0946,prod,payments,2026-07-18T08:00:00Z,111122223333
AWS,EC2,checkout-api,5.3290,prod,payments,2026-07-18T09:00:00Z,111122223333
AWS,EC2,checkout-api,5.3679,prod,payments,2026-07-18T10:00:00Z,111122223333
AWS,EC2,checkout-api,6.1798,prod,payments,2026-07-18T11:00:00Z,111122223333
AWS,EC2,checkout-api,5.4497,prod,payments,2026-07-18T12:00:00Z,111122223333
AWS,EC2,checkout-api,5.5256,prod,payments,2026-07-18T13:00:00Z,111122223333
AWS,EC2,checkout-api,5.9137,prod,payments,2026-07-18T14:00:00Z,111122223333
AWS,EC2,checkout-api,5.3961,prod,payments,2026-07-18T15:00:00Z,111122223333
AWS,EC2,checkout-api,5.2197,prod,payments,2026-07-18T16:00:00Z,111122223333
AWS,EC2,checkout-api,4.8235,prod,payments,2026-07-18T17:00:00Z,111122223333
AWS,EC2,checkout-api,4.2987,prod,payments,2026-07-18T18:00:00Z,111122223333
AWS,EC2,checkout-api,3.9567,prod,payments,2026-07-18T19:00:00Z,111122223333
AWS,EC2,checkout-api,3.7373,prod,payments,2026-07-18T20:00:00Z,111122223333
AWS,EC2,checkout-api,3.6897,prod,payments,2026-07-18T21:00:00Z,111122223333
AWS,EC2,checkout-api,4.1166,prod,payments,2026-07-18T22:00:00Z,111122223333
AWS,EC2,checkout-api,3.6830,prod,payments,2026-07-18T23:00:00Z,111122223333
AWS,EC2,checkout-api,3.8111,prod,payments,2026-07-19T00:00:00Z,111122223333
AWS,EC2,checkout-api,3.8993,prod,payments,2026-07-19T01:00:00Z,111122223333
AWS,EC2,checkout-api,3.8501,prod,payments,2026-07-19T02:00:00Z,111122223333
AWS,EC2,checkout-api,3.8828,prod,payments,2026-07-19T03:00:00Z,111122223333
AWS,EC2,checkout-api,3.6129,prod,payments,2026-07-19T04:00:00Z,111122223333
AWS,EC2,checkout-api,3.6815,prod,payments,2026-07-19T05:00:00Z,111122223333
AWS,EC2,checkout-api,3.6612,prod,payments,2026-07-19T06:00:00Z,111122223333
AWS,EC2,checkout-api,3.6778,prod,payments,2026-07-19T07:00:00Z,111122223333
AWS,EC2,checkout-api,4.5181,prod,payments,2026-07-19T08:00:00Z,111122223333
AWS,EC2,checkout-api,4.6148,prod,payments,2026-07-19T09:00:00Z,111122223333
AWS,EC2,checkout-api,4.9794,prod,payments,2026-07-19T10:00:00Z,111122223333
AWS,EC2,checkout-api,5.8943,prod,payments,2026-07-19T11:00:00Z,111122223333
AWS,EC2,checkout-api,5.6686,prod,payments,2026-07-19T12:00:00Z,111122223333
AWS,EC2,checkout-api,5.5134,prod,payments,2026-07-19T13:00:00Z,111122223333
AWS,EC2,checkout-api,5.6681,prod,payments,2026-07-19T14:00:00Z,111122223333
AWS,EC2,checkout-api,5.1538,prod,payments,2026-07-19T15:00:00Z,111122223333
AWS,EC2,checkout-api,5.4560,prod,payments,2026-07-19T16:00:00Z,111122223333
AWS,EC2,checkout-api,4.6370,prod,payments,2026-07-19T17:00:00Z,111122223333
AWS,EC2,checkout-api,4.3872,prod,payments,2026-07-19T18:00:00Z,111122223333
AWS,EC2,checkout-api,3.7515,prod,payments,2026-07-19T19:00:00Z,111122223333
AWS,EC2,checkout-api,4.0069,prod,payments,2026-07-19T20:00:00Z,111122223333
AWS,EC2,checkout-api,4.1611,prod,payments,2026-07-19T21:00:00Z,111122223333
AWS,EC2,checkout-api,4.0835,prod,payments,2026-07-19T22:00:00Z,111122223333
AWS,EC2,checkout-api,3.7972,prod,payments,2026-07-19T23:00:00Z,111122223333
AWS,EC2,checkout-api,5.1114,prod,payments,2026-07-20T00:00:00Z,111122223333
AWS,EC2,checkout-api,5.8949,prod,payments,2026-07-20T01:00:00Z,111122223333
AWS,EC2,checkout-api,5.5194,prod,payments,2026-07-20T02:00:00Z,111122223333
AWS,EC2,checkout-api,5.8650,prod,payments,2026-07-20T03:00:00Z,111122223333
AWS,EC2,checkout-api,5.9245,prod,payments,2026-07-20T04:00:00Z,111122223333
AWS,EC2,checkout-api,5.4364,prod,payments,2026-07-20T05:00:00Z,111122223333
AWS,EC2,checkout-api,5.1031,prod,payments,2026-07-20T06:00:00Z,111122223333
AWS,EC2,checkout-api,5.6216,prod,payments,2026-07-20T07:00:00Z,111122223333
AWS,EC2,checkout-api,6.6776,prod,payments,2026-07-20T08:00:00Z,111122223333
AWS,EC2,checkout-api,6.6253,prod,payments,2026-07-20T09:00:00Z,111122223333
AWS,EC2,checkout-api,7.5059,prod,payments,2026-07-20T10:00:00Z,111122223333
AWS,EC2,checkout-api,8.2408,prod,payments,2026-07-20T11:00:00Z,111122223333
AWS,EC2,checkout-api,9.2959,prod,payments,2026-07-20T12:00:00Z,111122223333
AWS,EC2,checkout-api,8.5663,prod,payments,2026-07-20T13:00:00Z,111122223333
AWS,EC2,checkout-api,9.0841,prod,payments,2026-07-20T14:00:00Z,111122223333
AWS,EC2,checkout-api,8.7267,prod,payments,2026-07-20T15:00:00Z,111122223333
AWS,EC2,checkout-api,8.1103,prod,payments,2026-07-20T16:00:00Z,111122223333
AWS,EC2,checkout-api,6.4559,prod,payments,2026-07-20T17:00:00Z,111122223333
AWS,EC2,checkout-api,5.7924,prod,payments,2026-07-20T18:00:00Z,111122223333
AWS,EC2,checkout-api,5.1669,prod,payments,2026-07-20T19:00:00Z,111122223333
AWS,EC2,checkout-api,5.5400,prod,payments,2026-07-20T20:00:00Z,111122223333
AWS,EC2,checkout-api,5.7283,prod,payments,2026-07-20T21:00:00Z,111122223333
AWS,EC2,checkout-api,5.8214,prod,payments,2026-07-20T22:00:00Z,111122223333
AWS,EC2,checkout-api,6.0766,prod,payments,2026-07-20T23:00:00Z,111122223333
AWS,EC2,checkout-api,5.8824,prod,payments,2026-07-21T00:00:00Z,111122223333
AWS,EC2,checkout-api,5.6784,prod,payments,2026-07-21T01:00:00Z,111122223333
AWS,EC2,checkout-api,5.9057,prod,payments,2026-07-21T02:00:00Z,111122223333
AWS,EC2,checkout-api,5.9234,prod,payments,2026-07-21T03:00:00Z,111122223333
AWS,EC2,checkout-api,5.6428,prod,payments,2026-07-21T04:00:00Z,111122223333
AWS,EC2,checkout-api,5.3680,prod,payments,2026-07-21T05:00:00Z,111122223333
AWS,EC2,checkout-api,5.4740,prod,payments,2026-07-21T06:00:00Z,111122223333
AWS,EC2,checkout-api,5.9515,prod,payments,2026-07-21T07:00:00Z,111122223333
AWS,EC2,checkout-api,6.5677,prod,payments,2026-07-21T08:00:00Z,111122223333
AWS,EC2,checkout-api,6.8752,prod,payments,2026-07-21T09:00:00Z,111122223333
AWS,EC2,checkout-api,8.4102,prod,payments,2026-07-21T10:00:00Z,111122223333
AWS,EC2,checkout-api,8.4353,prod,payments,2026-07-21T11:00:00Z,111122223333
AWS,EC2,checkout-api,8.2475,prod,payments,2026-07-21T12:00:00Z,111122223333
AWS,EC2,checkout-api,9.2409,prod,payments,2026-07-21T13:00:00Z,111122223333
AWS,EC2,checkout-api,7.9440,prod,payments,2026-07-21T14:00:00Z,111122223333
AWS,EC2,checkout-api,8.0071,prod,payments,2026-07-21T15:00:00Z,111122223333
AWS,EC2,checkout-api,7.0436,prod,payments,2026-07-21T16:00:00Z,111122223333
AWS,EC2,checkout-api,6.5501,prod,payments,2026-07-21T17:00:00Z,111122223333
AWS,EC2,checkout-api,6.5745,prod,payments,2026-07-21T18:00:00Z,111122223333
AWS,EC2,checkout-api,5.8268,prod,payments,2026-07-21T19:00:00Z,111122223333
AWS,EC2,checkout-api,6.0827,prod,payments,2026-07-21T20:00:00Z,111122223333
AWS,EC2,checkout-api,5.9975,prod,payments,2026-07-21T21:00:00Z,111122223333
AWS,EC2,checkout-api,5.5368,prod,payments,2026-07-21T22:00:00Z,111122223333
AWS,EC2,checkout-api,5.8057,prod,payments,2026-07-21T23:00:00Z,111122223333
AWS,EC2,checkout-api,5.1788,prod,payments,2026-07-22T00:00:00Z,111122223333
AWS,EC2,checkout-api,5.3214,prod,payments,2026-07-22T01:00:00Z,111122223333
AWS,EC2,checkout-api,5.1721,prod,payments,2026-07-22T02:00:00Z,111122223333
AWS,EC2,checkout-api,5.0701,prod,payments,2026-07-22T03:00:00Z,111122223333
AWS,EC2,checkout-api,5.3414,prod,payments,2026-07-22T04:00:00Z,111122223333
AWS,EC2,checkout-api,5.5086,prod,payments,2026-07-22T05:00:00Z,111122223333
AWS,EC2,checkout-api,5.6511,prod,payments,2026-07-22T06:00:00Z,111122223333
AWS,EC2,checkout-api,5.8156,prod,payments,2026-07-22T07:00:00Z,111122223333
AWS,EC2,checkout-api,6.7609,prod,payments,2026-07-22T08:00:00Z,111122223333
AWS,EC2,checkout-api,7.5490,prod,payments,2026-07-22T09:00:00Z,111122223333
AWS,EC2,checkout-api,7.3178,prod,payments,2026-07-22T10:00:00Z,111122223333
AWS,EC2,checkout-api,8.5657,prod,payments,2026-07-22T11:00:00Z,111122223333
AWS,EC2,checkout-api,8.6338,prod,payments,2026-07-22T12:00:00Z,111122223333
AWS,EC2,checkout-api,8.6117,prod,payments,2026-07-22T13:00:00Z,111122223333
AWS,EC2,checkout-api,8.5499,prod,payments,2026-07-22T14:00:00Z,111122223333
AWS,EC2,checkout-api,8.2220,prod,payments,2026-07-22T15:00:00Z,111122223333
AWS,EC2,checkout-api,7.7321,prod,payments,2026-07-22T16:00:00Z,111122223333
AWS,EC2,checkout-api,6.9536,prod,payments,2026-07-22T17:00:00Z,111122223333
AWS,EC2,checkout-api,6.1860,prod,payments,2026-07-22T18:00:00Z,111122223333
AWS,EC2,checkout-api,5.2202,prod,payments,2026-07-22T19:00:00Z,111122223333
AWS,EC2,checkout-api,5.6212,prod,payments,2026-07-22T20:00:00Z,111122223333
AWS,EC2,checkout-api,5.3547,prod,payments,2026-07-22T21:00:00Z,111122223333
AWS,EC2,checkout-api,5.6503,prod,payments,2026-07-22T22:00:00Z,111122223333
AWS,EC2,checkout-api,5.6699,prod,payments,2026-07-22T23:00:00Z,111122223333
AWS,EC2,checkout-api,5.7815,prod,payments,2026-07-23T00:00:00Z,111122223333
AWS,EC2,checkout-api,5.5455,prod,payments,2026-07-23T01:00:00Z,111122223333
AWS,EC2,checkout-api,5.2058,prod,payments,2026-07-23T02:00:00Z,111122223333
AWS,EC2,checkout-api,5.0586,prod,payments,2026-07-23T03:00:00Z,111122223333
AWS,EC2,checkout-api,5.2208,prod,payments,2026-07-23T04:00:00Z,111122223333
AWS,EC2,checkout-api,6.1138,prod,payments,2026-07-23T05:00:00Z,111122223333
AWS,EC2,checkout-api,5.1322,prod,payments,2026-07-23T06:00:00Z,111122223333
AWS,EC2,checkout-api,6.0323,prod,payments,2026-07-23T07:00:00Z,111122223333
AWS,EC2,checkout-api,6.3441,prod,payments,2026-07-23T08:00:00Z,111122223333
AWS,EC2,checkout-api,7.1990,prod,payments,2026-07-23T09:00:00Z,111122223333
AWS,EC2,checkout-api,7.2199,prod,payments,2026-07-23T10:00:00Z,111122223333
AWS,EC2,checkout-api,8.8891,prod,payments,2026-07-23T11:00:00Z,111122223333
AWS,EC2,checkout-api,7.8990,prod,payments,2026-07-23T12:00:00Z,111122223333
AWS,EC2,checkout-api,8.5479,prod,payments,2026-07-23T13:00:00Z,111122223333
AWS,EC2,checkout-api,8.1988,prod,payments,2026-07-23T14:00:00Z,111122223333
AWS,EC2,checkout-api,8.6905,prod,payments,2026-07-23T15:00:00Z,111122223333
AWS,EC2,checkout-api,8.0092,prod,payments,2026-07-23T16:00:00Z,111122223333
AWS,EC2,checkout-api,6.6611,prod,payments,2026-07-23T17:00:00Z,111122223333
AWS,EC2,checkout-api,7.0858,prod,payments,2026-07-23T18:00:00Z,111122223333
AWS,EC2,checkout-api,5.9406,prod,payments,2026-07-23T19:00:00Z,111122223333
AWS,EC2,checkout-api,5.8400,prod,payments,2026-07-23T20:00:00Z,111122223333
AWS,EC2,checkout-api,5.9930,prod,payments,2026-07-23T21:00:00Z,111122223333
AWS,EC2,checkout-api,5.7128,prod,payments,2026-07-23T22:00:00Z,111122223333
AWS,EC2,checkout-api,6.0025,prod,payments,2026-07-23T23:00:00Z,111122223333
AWS,EC2,checkout-api,5.6882,prod,payments,2026-07-24T00:00:00Z,111122223333
AWS,EC2,checkout-api,5.2919,prod,payments,2026-07-24T01:00:00Z,111122223333
AWS,EC2,checkout-api,5.1802,prod,payments,2026-07-24T02:00:00Z,111122223333
AWS,EC2,checkout-api,5.2003,prod,payments,2026-07-24T03:00:00Z,111122223333
AWS,EC2,checkout-api,5.1592,prod,payments,2026-07-24T04:00:00Z,111122223333
AWS,EC2,checkout-api,5.3892,prod,payments,2026-07-24T05:00:00Z,111122223333
AWS,EC2,checkout-api,5.8524,prod,payments,2026-07-24T06:00:00Z,111122223333
AWS,EC2,checkout-api,5.8481,prod,payments,2026-07-24T07:00:00Z,111122223333
AWS,EC2,checkout-api,6.5603,prod,payments,2026-07-24T08:00:00Z,111122223333
AWS,EC2,checkout-api,7.9398,prod,payments,2026-07-24T09:00:00Z,111122223333
AWS,EC2,checkout-api,7.1521,prod,payments,2026-07-24T10:00:00Z,111122223333
AWS,EC2,checkout-api,8.2399,prod,payments,2026-07-24T11:00:00Z,111122223333
AWS,EC2,checkout-api,8.4484,prod,payments,2026-07-24T12:00:00Z,111122223333
AWS,EC2,checkout-api,8.4583,prod,payments,2026-07-24T13:00:00Z,111122223333
AWS,EC2,checkout-api,9.3133,prod,payments,2026-07-24T14:00:00Z,111122223333
AWS,EC2,checkout-api,8.4754,prod,payments,2026-07-24T15:00:00Z,111122223333
AWS,EC2,checkout-api,7.4960,prod,payments,2026-07-24T16:00:00Z,111122223333
AWS,EC2,checkout-api,7.9510,prod,payments,2026-07-24T17:00:00Z,111122223333
AWS,EC2,checkout-api,7.1193,prod,payments,2026-07-24T18:00:00Z,111122223333
AWS,EC2,checkout-api,5.4328,prod,payments,2026-07-24T19:00:00Z,111122223333
AWS,EC2,checkout-api,5.7201,prod,payments,2026-07-24T20:00:00Z,111122223333
AWS,EC2,checkout-api,6.1096,prod,payments,2026-07-24T21:00:00Z,111122223333
AWS,EC2,checkout-api,6.1954,prod,payments,2026-07-24T22:00:00Z,111122223333
AWS,EC2,checkout-api,5.9100,prod,payments,2026-07-24T23:00:00Z,111122223333
AWS,EC2,checkout-api,4.0441,prod,payments,2026-07-25T00:00:00Z,111122223333
AWS,EC2,checkout-api,4.2367,prod,payments,2026-07-25T01:00:00Z,111122223333
AWS,EC2,checkout-api,3.8394,prod,payments,2026-07-25T02:00:00Z,111122223333
AWS,EC2,checkout-api,3.9847,prod,payments,2026-07-25T03:00:00Z,111122223333
AWS,EC2,checkout-api,4.1891,prod,payments,2026-07-25T04:00:00Z,111122223333
AWS,EC2,checkout-api,4.0291,prod,payments,2026-07-25T05:00:00Z,111122223333
AWS,EC2,checkout-api,4.1389,prod,payments,2026-07-25T06:00:00Z,111122223333
AWS,EC2,checkout-api,4.0328,prod,payments,2026-07-25T07:00:00Z,111122223333
AWS,EC2,checkout-api,4.6123,prod,payments,2026-07-25T08:00:00Z,111122223333
AWS,EC2,checkout-api,5.5889,prod,payments,2026-07-25T09:00:00Z,111122223333
AWS,EC2,checkout-api,6.1164,prod,payments,2026-07-25T10:00:00Z,111122223333
AWS,EC2,checkout-api,6.2491,prod,payments,2026-07-25T11:00:00Z,111122223333
AWS,EC2,checkout-api,5.9215,prod,payments,2026-07-25T12:00:00Z,111122223333
AWS,EC2,checkout-api,6.3975,prod,payments,2026-07-25T13:00:00Z,111122223333
AWS,EC2,checkout-api,6.3638,prod,payments,2026-07-25T14:00:00Z,111122223333
AWS,EC2,checkout-api,6.3656,prod,payments,2026-07-25T15:00:00Z,111122223333
AWS,EC2,checkout-api,5.4898,prod,payments,2026-07-25T16:00:00Z,111122223333
AWS,EC2,checkout-api,5.5380,prod,payments,2026-07-25T17:00:00Z,111122223333
AWS,EC2,checkout-api,4.4351,prod,payments,2026-07-25T18:00:00Z,111122223333
AWS,EC2,checkout-api,4.3239,prod,payments,2026-07-25T19:00:00Z,111122223333
AWS,EC2,checkout-api,3.9488,prod,payments,2026-07-25T20:00:00Z,111122223333
AWS,EC2,checkout-api,3.8897,prod,payments,2026-07-25T21:00:00Z,111122223333
AWS,EC2,checkout-api,4.0450,prod,payments,2026-07-25T22:00:00Z,111122223333
AWS,EC2,checkout-api,4.2892,prod,payments,2026-07-25T23:00:00Z,111122223333
AWS,EC2,checkout-api,4.1133,prod,payments,2026-07-26T00:00:00Z,111122223333
AWS,EC2,checkout-api,4.3141,prod,payments,2026-07-26T01:00:00Z,111122223333
AWS,EC2,checkout-api,4.1725,prod,payments,2026-07-26T02:00:00Z,111122223333
AWS,EC2,checkout-api,3.7380,prod,payments,2026-07-26T03:00:00Z,111122223333
AWS,EC2,checkout-api,3.8472,prod,payments,2026-07-26T04:00:00Z,111122223333
AWS,EC2,checkout-api,4.3894,prod,payments,2026-07-26T05:00:00Z,111122223333
AWS,EC2,checkout-api,4.0078,prod,payments,2026-07-26T06:00:00Z,111122223333
AWS,EC2,checkout-api,3.8376,prod,payments,2026-07-26T07:00:00Z,111122223333
AWS,EC2,checkout-api,4.7240,prod,payments,2026-07-26T08:00:00Z,111122223333
AWS,EC2,checkout-api,5.4281,prod,payments,2026-07-26T09:00:00Z,111122223333
AWS,EC2,checkout-api,5.8846,prod,payments,2026-07-26T10:00:00Z,111122223333
AWS,EC2,checkout-api,6.2329,prod,payments,2026-07-26T11:00:00Z,111122223333
AWS,EC2,checkout-api,5.8124,prod,payments,2026-07-26T12:00:00Z,111122223333
AWS,EC2,checkout-api,6.7144,prod,payments,2026-07-26T13:00:00Z,111122223333
AWS,EC2,checkout-api,6.7013,prod,payments,2026-07-26T14:00:00Z,111122223333
AWS,EC2,checkout-api,6.0296,prod,payments,2026-07-26T15:00:00Z,111122223333
AWS,EC2,checkout-api,1.1136,staging,payments,2026-07-13T07:00:00Z,111122223333
AWS,EC2,checkout-api,1.1734,staging,payments,2026-07-13T08:00:00Z,111122223333
AWS,EC2,checkout-api,1.4350,staging,payments,2026-07-13T09:00:00Z,111122223333
AWS,EC2,checkout-api,1.6886,staging,payments,2026-07-13T10:00:00Z,111122223333
AWS,EC2,checkout-api,1.7240,staging,payments,2026-07-13T11:00:00Z,111122223333
AWS,EC2,checkout-api,1.7013,staging,payments,2026-07-13T12:00:00Z,111122223333
AWS,EC2,checkout-api,1.7300,staging,payments,2026-07-13T13:00:00Z,111122223333
AWS,EC2,checkout-api,1.7686,staging,payments,2026-07-13T14:00:00Z,111122223333
AWS,EC2,checkout-api,1.7380,staging,payments,2026-07-13T15:00:00Z,111122223333
AWS,EC2,checkout-api,1.5836,staging,payments,2026-07-13T16:00:00Z,111122223333
AWS,EC2,checkout-api,1.3144,staging,payments,2026-07-13T17:00:00Z,111122223333
AWS,EC2,checkout-api,1.2073,staging,payments,2026-07-13T18:00:00Z,111122223333
AWS,EC2,checkout-api,1.0381,staging,payments,2026-07-14T07:00:00Z,111122223333
AWS,EC2,checkout-api,1.1953,staging,payments,2026-07-14T08:00:00Z,111122223333
AWS,EC2,checkout-api,1.4104,staging,payments,2026-07-14T09:00:00Z,111122223333
AWS,EC2,checkout-api,1.6816,staging,payments,2026-07-14T10:00:00Z,111122223333
AWS,EC2,checkout-api,1.7924,staging,payments,2026-07-14T11:00:00Z,111122223333
AWS,EC2,checkout-api,1.8063,staging,payments,2026-07-14T12:00:00Z,111122223333
AWS,EC2,checkout-api,1.6175,staging,payments,2026-07-14T13:00:00Z,111122223333
AWS,EC2,checkout-api,1.5796,staging,payments,2026-07-14T14:00:00Z,111122223333
AWS,EC2,checkout-api,1.6018,staging,payments,2026-07-14T15:00:00Z,111122223333
AWS,EC2,checkout-api,1.6542,staging,payments,2026-07-14T16:00:00Z,111122223333
AWS,EC2,checkout-api,1.3908,staging,payments,2026-07-14T17:00:00Z,111122223333
AWS,EC2,checkout-api,1.3964,staging,payments,2026-07-14T18:00:00Z,111122223333
AWS,EC2,checkout-api,1.1666,staging,payments,2026-07-15T07:00:00Z,111122223333
AWS,EC2,checkout-api,1.4102,staging,payments,2026-07-15T08:00:00Z,111122223333
AWS,EC2,checkout-api,1.5711,staging,payments,2026-07-15T09:00:00Z,111122223333
AWS,EC2,checkout-api,1.5412,staging,payments,2026-07-15T10:00:00Z,111122223333
AWS,EC2,checkout-api,1.5568,staging,payments,2026-07-15T11:00:00Z,111122223333
AWS,EC2,checkout-api,1.8009,staging,payments,2026-07-15T12:00:00Z,111122223333
AWS,EC2,checkout-api,1.6855,staging,payments,2026-07-15T13:00:00Z,111122223333
AWS,EC2,checkout-api,1.7492,staging,payments,2026-07-15T14:00:00Z,111122223333
AWS,EC2,checkout-api,1.6174,staging,payments,2026-07-15T15:00:00Z,111122223333
AWS,EC2,checkout-api,1.5261,staging,payments,2026-07-15T16:00:00Z,111122223333
AWS,EC2,checkout-api,1.5342,staging,payments,2026-07-15T17:00:00Z,111122223333
AWS,EC2,checkout-api,1.3189,staging,payments,2026-07-15T18:00:00Z,111122223333
AWS,EC2,checkout-api,1.1442,staging,payments,2026-07-16T07:00:00Z,111122223333
AWS,EC2,checkout-api,1.3380,staging,payments,2026-07-16T08:00:00Z,111122223333
AWS,EC2,checkout-api,1.3546,staging,payments,2026-07-16T09:00:00Z,111122223333
AWS,EC2,checkout-api,1.6934,staging,payments,2026-07-16T10:00:00Z,111122223333
AWS,EC2,checkout-api,1.7701,staging,payments,2026-07-16T11:00:00Z,111122223333
AWS,EC2,checkout-api,1.9182,staging,payments,2026-07-16T12:00:00Z,111122223333
AWS,EC2,checkout-api,1.6546,staging,payments,2026-07-16T13:00:00Z,111122223333
AWS,EC2,checkout-api,1.6138,staging,payments,2026-07-16T14:00:00Z,111122223333
AWS,EC2,checkout-api,1.5463,staging,payments,2026-07-16T15:00:00Z,111122223333
AWS,EC2,checkout-api,1.5640,staging,payments,2026-07-16T16:00:00Z,111122223333
AWS,EC2,checkout-api,1.4040,staging,payments,2026-07-16T17:00:00Z,111122223333
AWS,EC2,checkout-api,1.2526,staging,payments,2026-07-16T18:00:00Z,111122223333
AWS,EC2,checkout-api,1.2692,staging,payments,2026-07-17T07:00:00Z,111122223333
AWS,EC2,checkout-api,1.3456,staging,payments,2026-07-17T08:00:00Z,111122223333
AWS,EC2,checkout-api,1.5816,staging,payments,2026-07-17T09:00:00Z,111122223333
AWS,EC2,checkout-api,1.5644,staging,payments,2026-07-17T10:00:00Z,111122223333
AWS,EC2,checkout-api,1.7702,staging,payments,2026-07-17T11:00:00Z,111122223333
AWS,EC2,checkout-api,1.6169,staging,payments,2026-07-17T12:00:00Z,111122223333
AWS,EC2,checkout-api,1.8908,staging,payments,2026-07-17T13:00:00Z,111122223333
AWS,EC2,checkout-api,1.8904,staging,payments,2026-07-17T14:00:00Z,111122223333
AWS,EC2,checkout-api,1.6762,staging,payments,2026-07-17T15:00:00Z,111122223333
AWS,EC2,checkout-api,1.5319,staging,payments,2026-07-17T16:00:00Z,111122223333
AWS,EC2,checkout-api,1.5776,staging,payments,2026-07-17T17:00:00Z,111122223333
AWS,EC2,checkout-api,1.3357,staging,payments,2026-07-17T18:00:00Z,111122223333
AWS,EC2,checkout-api,1.0971,staging,payments,2026-07-20T07:00:00Z,111122223333
AWS,EC2,checkout-api,1.2418,staging,payments,2026-07-20T08:00:00Z,111122223333
AWS,EC2,checkout-api,1.5980,staging,payments,2026-07-20T09:00:00Z,111122223333
AWS,EC2,checkout-api,1.6305,staging,payments,2026-07-20T10:00:00Z,111122223333
AWS,EC2,checkout-api,1.8892,staging,payments,2026-07-20T11:00:00Z,111122223333
AWS,EC2,checkout-api,1.9320,staging,payments,2026-07-20T12:00:00Z,111122223333
AWS,EC2,checkout-api,1.8456,staging,payments,2026-07-20T13:00:00Z,111122223333
AWS,EC2,checkout-api,1.9902,staging,payments,2026-07-20T14:00:00Z,111122223333
AWS,EC2,checkout-api,1.6447,staging,payments,2026-07-20T15:00:00Z,111122223333
AWS,EC2,checkout-api,1.5476,staging,payments,2026-07-20T16:00:00Z,111122223333
AWS,EC2,checkout-api,1.5428,staging,payments,2026-07-20T17:00:00Z,111122223333
AWS,EC2,checkout-api,1.4128,staging,payments,2026-07-20T18:00:00Z,111122223333
AWS,EC2,checkout-api,1.1217,staging,payments,2026-07-21T07:00:00Z,111122223333
AWS,EC2,checkout-api,1.4389,staging,payments,2026-07-21T08:00:00Z,111122223333
AWS,EC2,checkout-api,1.4478,staging,payments,2026-07-21T09:00:00Z,111122223333
AWS,EC2,checkout-api,1.5441,staging,payments,2026-07-21T10:00:00Z,111122223333
AWS,EC2,checkout-api,1.8289,staging,payments,2026-07-21T11:00:00Z,111122223333
AWS,EC2,checkout-api,1.8770,staging,payments,2026-07-21T12:00:00Z,111122223333
AWS,EC2,checkout-api,1.8826,staging,payments,2026-07-21T13:00:00Z,111122223333
AWS,EC2,checkout-api,1.7308,staging,payments,2026-07-21T14:00:00Z,111122223333
AWS,EC2,checkout-api,1.9218,staging,payments,2026-07-21T15:00:00Z,111122223333
AWS,EC2,checkout-api,1.6855,staging,payments,2026-07-21T16:00:00Z,111122223333
AWS,EC2,checkout-api,1.6137,staging,payments,2026-07-21T17:00:00Z,111122223333
AWS,EC2,checkout-api,1.2516,staging,payments,2026-07-21T18:00:00Z,111122223333
AWS,EC2,checkout-api,1.3105,staging,payments,2026-07-22T07:00:00Z,111122223333
AWS,EC2,checkout-api,1.3975,staging,payments,2026-07-22T08:00:00Z,111122223333
AWS,EC2,checkout-api,1.4718,staging,payments,2026-07-22T09:00:00Z,111122223333
AWS,EC2,checkout-api,1.5262,staging,payments,2026-07-22T10:00:00Z,111122223333
AWS,EC2,checkout-api,1.7235,staging,payments,2026-07-22T11:00:00Z,111122223333
AWS,EC2,checkout-api,1.9315,staging,payments,2026-07-22T12:00:00Z,111122223333
AWS,EC2,checkout-api,1.9739,staging,payments,2026-07-22T13:00:00Z,111122223333
AWS,EC2,checkout-api,1.7607,staging,payments,2026-07-22T14:00:00Z,111122223333
AWS,EC2,checkout-api,1.9151,staging,payments,2026-07-22T15:00:00Z,111122223333
AWS,EC2,checkout-api,1.6758,staging,payments,2026-07-22T16:00:00Z,111122223333
AWS,EC2,checkout-api,1.4514,staging,payments,2026-07-22T17:00:00Z,111122223333
AWS,EC2,checkout-api,1.4252,staging,payments,2026-07-22T18:00:00Z,111122223333
AWS,EC2,checkout-api,1.2114,staging,payments,2026-07-23T07:00:00Z,111122223333
AWS,EC2,checkout-api,1.2993,staging,payments,2026-07-23T08:00:00Z,111122223333
AWS,EC2,checkout-api,1.6591,staging,payments,2026-07-23T09:00:00Z,111122223333
AWS,EC2,checkout-api,1.5512,staging,payments,2026-07-23T10:00:00Z,111122223333
AWS,EC2,checkout-api,1.6680,staging,payments,2026-07-23T11:00:00Z,111122223333
AWS,EC2,checkout-api,2.0516,staging,payments,2026-07-23T12:00:00Z,111122223333
AWS,EC2,checkout-api,1.7810,staging,payments,2026-07-23T13:00:00Z,111122223333
AWS,EC2,checkout-api,1.8562,staging,payments,2026-07-23T14:00:00Z,111122223333
AWS,EC2,checkout-api,1.8020,staging,payments,2026-07-23T15:00:00Z,111122223333
AWS,EC2,checkout-api,1.7440,staging,payments,2026-07-23T16:00:00Z,111122223333
AWS,EC2,checkout-api,1.5565,staging,payments,2026-07-23T17:00:00Z,111122223333
AWS,EC2,checkout-api,1.4446,staging,payments,2026-07-23T18:00:00Z,111122223333
AWS,EC2,checkout-api,1.1353,staging,payments,2026-07-24T07:00:00Z,111122223333
AWS,EC2,checkout-api,1.5297,staging,payments,2026-07-24T08:00:00Z,111122223333
AWS,EC2,checkout-api,1.6641,staging,payments,2026-07-24T09:00:00Z,111122223333
AWS,EC2,checkout-api,1.6509,staging,payments,2026-07-24T10:00:00Z,111122223333
AWS,EC2,checkout-api,1.7052,staging,payments,2026-07-24T11:00:00Z,111122223333
AWS,EC2,checkout-api,1.8875,staging,payments,2026-07-24T12:00:00Z,111122223333
AWS,EC2,checkout-api,2.0038,staging,payments,2026-07-24T13:00:00Z,111122223333
AWS,EC2,checkout-api,1.8603,staging,payments,2026-07-24T14:00:00Z,111122223333
AWS,EC2,checkout-api,1.8068,staging,payments,2026-07-24T15:00:00Z,111122223333
AWS,EC2,checkout-api,1.6307,staging,payments,2026-07-24T16:00:00Z,111122223333
AWS,EC2,checkout-api,1.5726,staging,payments,2026-07-24T17:00:00Z,111122223333
AWS,EC2,checkout-api,1.2754,staging,payments,2026-07-24T18:00:00Z,111122223333
AWS,EC2,checkout-api,0.4718,dev1,payments,2026-07-13T07:00:00Z,111122223333
AWS,EC2,checkout-api,0.4903,dev1,payments,2026-07-13T08:00:00Z,111122223333
AWS,EC2,checkout-api,0.5554,dev1,payments,2026-07-13T09:00:00Z,111122223333
AWS,EC2,checkout-api,0.5844,dev1,payments,2026-07-13T10:00:00Z,111122223333
AWS,EC2,checkout-api,0.6549,dev1,payments,2026-07-13T11:00:00Z,111122223333
AWS,EC2,checkout-api,0.6167,dev1,payments,2026-07-13T12:00:00Z,111122223333
AWS,EC2,checkout-api,0.7103,dev1,payments,2026-07-13T13:00:00Z,111122223333
AWS,EC2,checkout-api,0.6200,dev1,payments,2026-07-13T14:00:00Z,111122223333
AWS,EC2,checkout-api,0.7068,dev1,payments,2026-07-13T15:00:00Z,111122223333
AWS,EC2,checkout-api,0.6526,dev1,payments,2026-07-13T16:00:00Z,111122223333
AWS,EC2,checkout-api,0.5862,dev1,payments,2026-07-13T17:00:00Z,111122223333
AWS,EC2,checkout-api,0.5396,dev1,payments,2026-07-13T18:00:00Z,111122223333
AWS,EC2,checkout-api,0.4039,dev1,payments,2026-07-14T07:00:00Z,111122223333
AWS,EC2,checkout-api,0.5169,dev1,payments,2026-07-14T08:00:00Z,111122223333
AWS,EC2,checkout-api,0.5738,dev1,payments,2026-07-14T09:00:00Z,111122223333
AWS,EC2,checkout-api,0.6177,dev1,payments,2026-07-14T10:00:00Z,111122223333
AWS,EC2,checkout-api,0.6612,dev1,payments,2026-07-14T11:00:00Z,111122223333
AWS,EC2,checkout-api,0.6811,dev1,payments,2026-07-14T12:00:00Z,111122223333
AWS,EC2,checkout-api,0.6861,dev1,payments,2026-07-14T13:00:00Z,111122223333
AWS,EC2,checkout-api,0.6951,dev1,payments,2026-07-14T14:00:00Z,111122223333
AWS,EC2,checkout-api,0.5958,dev1,payments,2026-07-14T15:00:00Z,111122223333
AWS,EC2,checkout-api,0.6509,dev1,payments,2026-07-14T16:00:00Z,111122223333
AWS,EC2,checkout-api,0.5159,dev1,payments,2026-07-14T17:00:00Z,111122223333
AWS,EC2,checkout-api,0.5317,dev1,payments,2026-07-14T18:00:00Z,111122223333
AWS,EC2,checkout-api,0.4187,dev1,payments,2026-07-15T07:00:00Z,111122223333
AWS,EC2,checkout-api,0.4987,dev1,payments,2026-07-15T08:00:00Z,111122223333
AWS,EC2,checkout-api,0.5986,dev1,payments,2026-07-15T09:00:00Z,111122223333
AWS,EC2,checkout-api,0.6787,dev1,payments,2026-07-15T10:00:00Z,111122223333
AWS,EC2,checkout-api,0.6354,dev1,payments,2026-07-15T11:00:00Z,111122223333
AWS,EC2,checkout-api,0.7062,dev1,payments,2026-07-15T12:00:00Z,111122223333
AWS,EC2,checkout-api,0.7547,dev1,payments,2026-07-15T13:00:00Z,111122223333
AWS,EC2,checkout-api,0.6847,dev1,payments,2026-07-15T14:00:00Z,111122223333
AWS,EC2,checkout-api,0.6044,dev1,payments,2026-07-15T15:00:00Z,111122223333
AWS,EC2,checkout-api,0.6383,dev1,payments,2026-07-15T16:00:00Z,111122223333
AWS,EC2,checkout-api,0.5767,dev1,payments,2026-07-15T17:00:00Z,111122223333
AWS,EC2,checkout-api,0.5102,dev1,payments,2026-07-15T18:00:00Z,111122223333
AWS,EC2,checkout-api,0.4477,dev1,payments,2026-07-16T07:00:00Z,111122223333
AWS,EC2,checkout-api,0.5424,dev1,payments,2026-07-16T08:00:00Z,111122223333
AWS,EC2,checkout-api,0.5336,dev1,payments,2026-07-16T09:00:00Z,111122223333
AWS,EC2,checkout-api,0.6568,dev1,payments,2026-07-16T10:00:00Z,111122223333
AWS,EC2,checkout-api,0.6828,dev1,payments,2026-07-16T11:00:00Z,111122223333
AWS,EC2,checkout-api,0.7573,dev1,payments,2026-07-16T12:00:00Z,111122223333
AWS,EC2,checkout-api,0.7509,dev1,payments,2026-07-16T13:00:00Z,111122223333
AWS,EC2,checkout-api,0.6925,dev1,payments,2026-07-16T14:00:00Z,111122223333
AWS,EC2,checkout-api,0.6041,dev1,payments,2026-07-16T15:00:00Z,111122223333
AWS,EC2,checkout-api,0.6868,dev1,payments,2026-07-16T16:00:00Z,111122223333
AWS,EC2,checkout-api,0.5309,dev1,payments,2026-07-16T17:00:00Z,111122223333
AWS,EC2,checkout-api,0.5219,dev1,payments,2026-07-16T18:00:00Z,111122223333
AWS,EC2,checkout-api,0.4529,dev1,payments,2026-07-17T07:00:00Z,111122223333
AWS,EC2,checkout-api,0.5391,dev1,payments,2026-07-17T08:00:00Z,111122223333
AWS,EC2,checkout-api,0.5882,dev1,payments,2026-07-17T09:00:00Z,111122223333
AWS,EC2,checkout-api,0.6487,dev1,payments,2026-07-17T10:00:00Z,111122223333
AWS,EC2,checkout-api,0.7228,dev1,payments,2026-07-17T11:00:00Z,111122223333
AWS,EC2,checkout-api,0.7238,dev1,payments,2026-07-17T12:00:00Z,111122223333
AWS,EC2,checkout-api,0.7782,dev1,payments,2026-07-17T13:00:00Z,111122223333
AWS,EC2,checkout-api,0.7680,dev1,payments,2026-07-17T14:00:00Z,111122223333
AWS,EC2,checkout-api,0.7384,dev1,payments,2026-07-17T15:00:00Z,111122223333
AWS,EC2,checkout-api,0.6795,dev1,payments,2026-07-17T16:00:00Z,111122223333
AWS,EC2,checkout-api,0.6399,dev1,payments,2026-07-17T17:00:00Z,111122223333
AWS,EC2,checkout-api,0.5569,dev1,payments,2026-07-17T18:00:00Z,111122223333
AWS,EC2,checkout-api,0.4330,dev1,payments,2026-07-20T07:00:00Z,111122223333
AWS,EC2,checkout-api,0.4886,dev1,payments,2026-07-20T08:00:00Z,111122223333
AWS,EC2,checkout-api,0.6540,dev1,payments,2026-07-20T09:00:00Z,111122223333
AWS,EC2,checkout-api,0.5890,dev1,payments,2026-07-20T10:00:00Z,111122223333
AWS,EC2,checkout-api,0.6898,dev1,payments,2026-07-20T11:00:00Z,111122223333
AWS,EC2,checkout-api,0.7708,dev1,payments,2026-07-20T12:00:00Z,111122223333
AWS,EC2,checkout-api,0.7520,dev1,payments,2026-07-20T13:00:00Z,111122223333
AWS,EC2,checkout-api,0.7567,dev1,payments,2026-07-20T14:00:00Z,111122223333
AWS,EC2,checkout-api,0.6672,dev1,payments,2026-07-20T15:00:00Z,111122223333
AWS,EC2,checkout-api,0.6989,dev1,payments,2026-07-20T16:00:00Z,111122223333
AWS,EC2,checkout-api,0.5943,dev1,payments,2026-07-20T17:00:00Z,111122223333
AWS,EC2,checkout-api,0.5817,dev1,payments,2026-07-20T18:00:00Z,111122223333
AWS,EC2,checkout-api,0.4827,dev1,payments,2026-07-21T07:00:00Z,111122223333
AWS,EC2,checkout-api,0.5096,dev1,payments,2026-07-21T08:00:00Z,111122223333
AWS,EC2,checkout-api,0.5586,dev1,payments,2026-07-21T09:00:00Z,111122223333
AWS,EC2,checkout-api,0.6379,dev1,payments,2026-07-21T10:00:00Z,111122223333
AWS,EC2,checkout-api,0.7275,dev1,payments,2026-07-21T11:00:00Z,111122223333
AWS,EC2,checkout-api,0.6576,dev1,payments,2026-07-21T12:00:00Z,111122223333
AWS,EC2,checkout-api,0.6785,dev1,payments,2026-07-21T13:00:00Z,111122223333
AWS,EC2,checkout-api,0.6849,dev1,payments,2026-07-21T14:00:00Z,111122223333
AWS,EC2,checkout-api,0.7131,dev1,payments,2026-07-21T15:00:00Z,111122223333
AWS,EC2,checkout-api,0.6427,dev1,payments,2026-07-21T16:00:00Z,111122223333
AWS,EC2,checkout-api,0.6207,dev1,payments,2026-07-21T17:00:00Z,111122223333
AWS,EC2,checkout-api,0.5916,dev1,payments,2026-07-21T18:00:00Z,111122223333
AWS,EC2,checkout-api,0.4631,dev1,payments,2026-07-22T07:00:00Z,111122223333
AWS,EC2,checkout-api,0.5720,dev1,payments,2026-07-22T08:00:00Z,111122223333
AWS,EC2,checkout-api,0.6333,dev1,payments,2026-07-22T09:00:00Z,111122223333
AWS,EC2,checkout-api,0.5955,dev1,payments,2026-07-22T10:00:00Z,111122223333
AWS,EC2,checkout-api,0.7273,dev1,payments,2026-07-22T11:00:00Z,111122223333
AWS,EC2,checkout-api,0.7826,dev1,payments,2026-07-22T12:00:00Z,111122223333
AWS,EC2,checkout-api,0.7008,dev1,payments,2026-07-22T13:00:00Z,111122223333
AWS,EC2,checkout-api,0.7414,dev1,payments,2026-07-22T14:00:00Z,111122223333
AWS,EC2,checkout-api,0.7575,dev1,payments,2026-07-22T15:00:00Z,111122223333
AWS,EC2,checkout-api,0.6598,dev1,payments,2026-07-22T16:00:00Z,111122223333
AWS,EC2,checkout-api,0.5944,dev1,payments,2026-07-22T17:00:00Z,111122223333
AWS,EC2,checkout-api,0.5816,dev1,payments,2026-07-22T18:00:00Z,111122223333
AWS,EC2,checkout-api,0.4877,dev1,payments,2026-07-23T07:00:00Z,111122223333
AWS,EC2,checkout-api,0.5243,dev1,payments,2026-07-23T08:00:00Z,111122223333
AWS,EC2,checkout-api,0.6045,dev1,payments,2026-07-23T09:00:00Z,111122223333
AWS,EC2,checkout-api,0.6681,dev1,payments,2026-07-23T10:00:00Z,111122223333
AWS,EC2,checkout-api,0.7768,dev1,payments,2026-07-23T11:00:00Z,111122223333
AWS,EC2,checkout-api,0.6854,dev1,payments,2026-07-23T12:00:00Z,111122223333
AWS,EC2,checkout-api,0.7565,dev1,payments,2026-07-23T13:00:00Z,111122223333
AWS,EC2,checkout-api,0.6710,dev1,payments,2026-07-23T14:00:00Z,111122223333
AWS,EC2,checkout-api,0.7271,dev1,payments,2026-07-23T15:00:00Z,111122223333
AWS,EC2,checkout-api,0.7087,dev1,payments,2026-07-23T16:00:00Z,111122223333
AWS,EC2,checkout-api,0.6052,dev1,payments,2026-07-23T17:00:00Z,111122223333
AWS,EC2,checkout-api,0.5590,dev1,payments,2026-07-23T18:00:00Z,111122223333
AWS,EC2,checkout-api,0.5108,dev1,payments,2026-07-24T07:00:00Z,111122223333
AWS,EC2,checkout-api,0.5366,dev1,payments,2026-07-24T08:00:00Z,111122223333
AWS,EC2,checkout-api,0.6243,dev1,payments,2026-07-24T09:00:00Z,111122223333
AWS,EC2,checkout-api,0.6248,dev1,payments,2026-07-24T10:00:00Z,111122223333
AWS,EC2,checkout-api,0.7798,dev1,payments,2026-07-24T11:00:00Z,111122223333
AWS,EC2,checkout-api,0.6917,dev1,payments,2026-07-24T12:00:00Z,111122223333
AWS,EC2,checkout-api,0.7748,dev1,payments,2026-07-24T13:00:00Z,111122223333
AWS,EC2,checkout-api,0.7696,dev1,payments,2026-07-24T14:00:00Z,111122223333
AWS,EC2,checkout-api,0.7214,dev1,payments,2026-07-24T15:00:00Z,111122223333
AWS,EC2,checkout-api,0.6803,dev1,payments,2026-07-24T16:00:00Z,111122223333
AWS,EC2,checkout-api,0.6340,dev1,payments,2026-07-24T17:00:00Z,111122223333
AWS,EC2,checkout-api,0.5962,dev1,payments,2026-07-24T18:00:00Z,111122223333
AWS,RDS,checkout-api,3.2051,prod,payments,2026-07-12T16:00:00Z,111122223333
AWS,RDS,checkout-api,2.7361,prod,payments,2026-07-12T17:00:00Z,111122223333
AWS,RDS,checkout-api,2.7727,prod,payments,2026-07-12T18:00:00Z,111122223333
AWS,RDS,checkout-api,2.7941,prod,payments,2026-07-12T19:00:00Z,111122223333
AWS,RDS,checkout-api,3.2890,prod,payments,2026-07-12T20:00:00Z,111122223333
AWS,RDS,checkout-api,2.7360,prod,payments,2026-07-12T21:00:00Z,111122223333
AWS,RDS,checkout-api,2.7571,prod,payments,2026-07-12T22:00:00Z,111122223333
AWS,RDS,checkout-api,3.0546,prod,payments,2026-07-12T23:00:00Z,111122223333
AWS,RDS,checkout-api,2.9168,prod,payments,2026-07-13T00:00:00Z,111122223333
AWS,RDS,checkout-api,3.3569,prod,payments,2026-07-13T01:00:00Z,111122223333
AWS,RDS,checkout-api,3.2858,prod,payments,2026-07-13T02:00:00Z,111122223333
AWS,RDS,checkout-api,2.8811,prod,payments,2026-07-13T03:00:00Z,111122223333
AWS,RDS,checkout-api,3.1397,prod,payments,2026-07-13T04:00:00Z,111122223333
AWS,RDS,checkout-api,3.4086,prod,payments,2026-07-13T05:00:00Z,111122223333
AWS,RDS,checkout-api,3.1012,prod,payments,2026-07-13T06:00:00Z,111122223333
AWS,RDS,checkout-api,3.0069,prod,payments,2026-07-13T07:00:00Z,111122223333
AWS,RDS,checkout-api,3.3553,prod,payments,2026-07-13T08:00:00Z,111122223333
AWS,RDS,checkout-api,3.2977,prod,payments,2026-07-13T09:00:00Z,111122223333
AWS,RDS,checkout-api,2.9119,prod,payments,2026-07-13T10:00:00Z,111122223333
AWS,RDS,checkout-api,3.2807,prod,payments,2026-07-13T11:00:00Z,111122223333
AWS,RDS,checkout-api,3.2574,prod,payments,2026-07-13T12:00:00Z,111122223333
AWS,RDS,checkout-api,3.4247,prod,payments,2026-07-13T13:00:00Z,111122223333
AWS,RDS,checkout-api,3.2512,prod,payments,2026-07-13T14:00:00Z,111122223333
AWS,RDS,checkout-api,3.1457,prod,payments,2026-07-13T15:00:00Z,111122223333
AWS,RDS,checkout-api,3.2825,prod,payments,2026-07-13T16:00:00Z,111122223333
AWS,RDS,checkout-api,3.1683,prod,payments,2026-07-13T17:00:00Z,111122223333
AWS,RDS,checkout-api,3.2839,prod,payments,2026-07-13T18:00:00Z,111122223333
AWS,RDS,checkout-api,3.0286,prod,payments,2026-07-13T19:00:00Z,111122223333
AWS,RDS,checkout-api,2.9902,prod,payments,2026-07-13T20:00:00Z,111122223333
AWS,RDS,checkout-api,3.3593,prod,payments,2026-07-13T21:00:00Z,111122223333
AWS,RDS,checkout-api,3.3757,prod,payments,2026-07-13T22:00:00Z,111122223333
AWS,RDS,checkout-api,3.0849,prod,payments,2026-07-13T23:00:00Z,111122223333
AWS,RDS,checkout-api,3.4987,prod,payments,2026-07-14T00:00:00Z,111122223333
AWS,RDS,checkout-api,3.5116,prod,payments,2026-07-14T01:00:00Z,111122223333
AWS,RDS,checkout-api,3.1811,prod,payments,2026-07-14T02:00:00Z,111122223333
AWS,RDS,checkout-api,3.2877,prod,payments,2026-07-14T03:00:00Z,111122223333
AWS,RDS,checkout-api,3.1212,prod,payments,2026-07-14T04:00:00Z,111122223333
AWS,RDS,checkout-api,3.3328,prod,payments,2026-07-14T05:00:00Z,111122223333
AWS,RDS,checkout-api,3.5345,prod,payments,2026-07-14T06:00:00Z,111122223333
AWS,RDS,checkout-api,3.4780,prod,payments,2026-07-14T07:00:00Z,111122223333
AWS,RDS,checkout-api,3.3502,prod,payments,2026-07-14T08:00:00Z,111122223333
AWS,RDS,checkout-api,3.1245,prod,payments,2026-07-14T09:00:00Z,111122223333
AWS,RDS,checkout-api,3.4896,prod,payments,2026-07-14T10:00:00Z,111122223333
AWS,RDS,checkout-api,3.2311,prod,payments,2026-07-14T11:00:00Z,111122223333
AWS,RDS,checkout-api,3.4949,prod,payments,2026-07-14T12:00:00Z,111122223333
AWS,RDS,checkout-api,3.0535,prod,payments,2026-07-14T13:00:00Z,111122223333
AWS,RDS,checkout-api,3.0003,prod,payments,2026-07-14T14:00:00Z,111122223333
AWS,RDS,checkout-api,3.1094,prod,payments,2026-07-14T15:00:00Z,111122223333
AWS,RDS,checkout-api,3.5650,prod,payments,2026-07-14T16:00:00Z,111122223333
AWS,RDS,checkout-api,3.2549,prod,payments,2026-07-14T17:00:00Z,111122223333
AWS,RDS,checkout-api,3.5607,prod,payments,2026-07-14T18:00:00Z,111122223333
AWS,RDS,checkout-api,2.9399,prod,payments,2026-07-14T19:00:00Z,111122223333
AWS,RDS,checkout-api,3.3499,prod,payments,2026-07-14T20:00:00Z,111122223333
AWS,RDS,checkout-api,3.3185,prod,payments,2026-07-14T21:00:00Z,111122223333
AWS,RDS,checkout-api,3.5690,prod,payments,2026-07-14T22:00:00Z,111122223333
AWS,RDS,checkout-api,3.0890,prod,payments,2026-07-14T23:00:00Z,111122223333
AWS,RDS,checkout-api,3.5524,prod,payments,2026-07-15T00:00:00Z,111122223333
AWS,RDS,checkout-api,3.0717,prod,payments,2026-07-15T01:00:00Z,111122223333
AWS,RDS,checkout-api,3.5410,prod,payments,2026-07-15T02:00:00Z,111122223333
AWS,RDS,checkout-api,3.1252,prod,payments,2026-07-15T03:00:00Z,111122223333
AWS,RDS,checkout-api,3.2593,prod,payments,2026-07-15T04:00:00Z,111122223333
AWS,RDS,checkout-api,3.1796,prod,payments,2026-07-15T05:00:00Z,111122223333
AWS,RDS,checkout-api,3.0671,prod,payments,2026-07-15T06:00:00Z,111122223333
AWS,RDS,checkout-api,3.1132,prod,payments,2026-07-15T07:00:00Z,111122223333
AWS,RDS,checkout-api,3.5401,prod,payments,2026-07-15T08:00:00Z,111122223333
AWS,RDS,checkout-api,3.3338,prod,payments,2026-07-15T09:00:00Z,111122223333
AWS,RDS,checkout-api,3.1315,prod,payments,2026-07-15T10:00:00Z,111122223333
AWS,RDS,checkout-api,3.2581,prod,payments,2026-07-15T11:00:00Z,111122223333
AWS,RDS,checkout-api,3.1631,prod,payments,2026-07-15T12:00:00Z,111122223333
AWS,RDS,checkout-api,3.2161,prod,payments,2026-07-15T13:00:00Z,111122223333
AWS,RDS,checkout-api,3.0407,prod,payments,2026-07-15T14:00:00Z,111122223333
AWS,RDS,checkout-api,3.2969,prod,payments,2026-07-15T15:00:00Z,111122223333
AWS,RDS,checkout-api,3.5388,prod,payments,2026-07-15T16:00:00Z,111122223333
AWS,RDS,checkout-api,3.3811,prod,payments,2026-07-15T17:00:00Z,111122223333
AWS,RDS,checkout-api,3.3034,prod,payments,2026-07-15T18:00:00Z,111122223333
AWS,RDS,checkout-api,3.5314,prod,payments,2026-07-15T19:00:00Z,111122223333
AWS,RDS,checkout-api,3.3340,prod,payments,2026-07-15T20:00:00Z,111122223333
AWS,RDS,checkout-api,3.5089,prod,payments,2026-07-15T21:00:00Z,111122223333
AWS,RDS,checkout-api,3.2399,prod,payments,2026-07-15T22:00:00Z,111122223333
AWS,RDS,checkout-api,3.3626,prod,payments,2026-07-15T23:00:00Z,111122223333
AWS,RDS,checkout-api,3.2472,prod,payments,2026-07-16T00:00:00Z,111122223333
AWS,RDS,checkout-api,3.3345,prod,payments,2026-07-16T01:00:00Z,111122223333
AWS,RDS,checkout-api,3.3819,prod,payments,2026-07-16T02:00:00Z,111122223333
AWS,RDS,checkout-api,3.3591,prod,payments,2026-07-16T03:00:00Z,111122223333
AWS,RDS,checkout-api,3.2170,prod,payments,2026-07-16T04:00:00Z,111122223333
AWS,RDS,checkout-api,3.0625,prod,payments,2026-07-16T05:00:00Z,111122223333
AWS,RDS,checkout-api,2.9527,prod,payments,2026-07-16T06:00:00Z,111122223333
AWS,RDS,checkout-api,3.4145,prod,payments,2026-07-16T07:00:00Z,111122223333
AWS,RDS,checkout-api,3.1996,prod,payments,2026-07-16T08:00:00Z,111122223333
AWS,RDS,checkout-api,3.1631,prod,payments,2026-07-16T09:00:00Z,111122223333
AWS,RDS,checkout-api,2.9615,prod,payments,2026-07-16T10:00:00Z,111122223333
AWS,RDS,checkout-api,3.0311,prod,payments,2026-07-16T11:00:00Z,111122223333
AWS,RDS,checkout-api,3.3745,prod,payments,2026-07-16T12:00:00Z,111122223333
AWS,RDS,checkout-api,3.1334,prod,payments,2026-07-16T13:00:00Z,111122223333
AWS,RDS,checkout-api,2.9773,prod,payments,2026-07-16T14:00:00Z,111122223333
AWS,RDS,checkout-api,3.2503,prod,payments,2026-07-16T15:00:00Z,111122223333
AWS,RDS,checkout-api,3.4343,prod,payments,2026-07-16T16:00:00Z,111122223333
AWS,RDS,checkout-api,3.0624,prod,payments,2026-07-16T17:00:00Z,111122223333
AWS,RDS,checkout-api,3.4400,prod,payments,2026-07-16T18:00:00Z,111122223333
AWS,RDS,checkout-api,3.1143,prod,payments,2026-07-16T19:00:00Z,111122223333
AWS,RDS,checkout-api,3.1563,prod,payments,2026-07-16T20:00:00Z,111122223333
AWS,RDS,checkout-api,3.3821,prod,payments,2026-07-16T21:00:00Z,111122223333
AWS,RDS,checkout-api,3.1969,prod,payments,2026-07-16T22:00:00Z,111122223333
AWS,RDS,checkout-api,3.2033,prod,payments,2026-07-16T23:00:00Z,111122223333
AWS,RDS,checkout-api,3.3790,prod,payments,2026-07-17T00:00:00Z,111122223333
AWS,RDS,checkout-api,3.2811,prod,payments,2026-07-17T01:00:00Z,111122223333
AWS,RDS,checkout-api,3.5111,prod,payments,2026-07-17T02:00:00Z,111122223333
AWS,RDS,checkout-api,3.0278,prod,payments,2026-07-17T03:00:00Z,111122223333
AWS,RDS,checkout-api,3.1039,prod,payments,2026-07-17T04:00:00Z,111122223333
AWS,RDS,checkout-api,3.2005,prod,payments,2026-07-17T05:00:00Z,111122223333
AWS,RDS,checkout-api,3.5565,prod,payments,2026-07-17T06:00:00Z,111122223333
AWS,RDS,checkout-api,3.5392,prod,payments,2026-07-17T07:00:00Z,111122223333
AWS,RDS,checkout-api,3.6015,prod,payments,2026-07-17T08:00:00Z,111122223333
AWS,RDS,checkout-api,3.2798,prod,payments,2026-07-17T09:00:00Z,111122223333
AWS,RDS,checkout-api,3.0872,prod,payments,2026-07-17T10:00:00Z,111122223333
AWS,RDS,checkout-api,3.4090,prod,payments,2026-07-17T11:00:00Z,111122223333
AWS,RDS,checkout-api,3.3764,prod,payments,2026-07-17T12:00:00Z,111122223333
AWS,RDS,checkout-api,3.4689,prod,payments,2026-07-17T13:00:00Z,111122223333
AWS,RDS,checkout-api,3.5932,prod,payments,2026-07-17T14:00:00Z,111122223333
AWS,RDS,checkout-api,3.2398,prod,payments,2026-07-17T15:00:00Z,111122223333
AWS,RDS,checkout-api,3.2455,prod,payments,2026-07-17T16:00:00Z,111122223333
AWS,RDS,checkout-api,3.1033,prod,payments,2026-07-17T17:00:00Z,111122223333
AWS,RDS,checkout-api,3.5954,prod,payments,2026-07-17T18:00:00Z,111122223333
AWS,RDS,checkout-api,3.3768,prod,payments,2026-07-17T19:00:00Z,111122223333
AWS,RDS,checkout-api,3.1109,prod,payments,2026-07-17T20:00:00Z,111122223333
AWS,RDS,checkout-api,3.0184,prod,payments,2026-07-17T21:00:00Z,111122223333
AWS,RDS,checkout-api,3.5659,prod,payments,2026-07-17T22:00:00Z,111122223333
AWS,RDS,checkout-api,3.0584,prod,payments,2026-07-17T23:00:00Z,111122223333
AWS,RDS,checkout-api,3.1834,prod,payments,2026-07-18T00:00:00Z,111122223333
AWS,RDS,checkout-api,3.1760,prod,payments,2026-07-18T01:00:00Z,111122223333
AWS,RDS,checkout-api,3.2236,prod,payments,2026-07-18T02:00:00Z,111122223333
AWS,RDS,checkout-api,3.4627,prod,payments,2026-07-18T03:00:00Z,111122223333
AWS,RDS,checkout-api,3.1780,prod,payments,2026-07-18T04:00:00Z,111122223333
AWS,RDS,checkout-api,3.2723,prod,payments,2026-07-18T05:00:00Z,111122223333
AWS,RDS,checkout-api,3.1770,prod,payments,2026-07-18T06:00:00Z,111122223333
AWS,RDS,checkout-api,3.4150,prod,payments,2026-07-18T07:00:00Z,111122223333
AWS,RDS,checkout-api,3.4046,prod,payments,2026-07-18T08:00:00Z,111122223333
AWS,RDS,checkout-api,2.9011,prod,payments,2026-07-18T09:00:00Z,111122223333
AWS,RDS,checkout-api,2.9878,prod,payments,2026-07-18T10:00:00Z,111122223333
AWS,RDS,checkout-api,3.4273,prod,payments,2026-07-18T11:00:00Z,111122223333
AWS,RDS,checkout-api,3.0908,prod,payments,2026-07-18T12:00:00Z,111122223333
AWS,RDS,checkout-api,3.2901,prod,payments,2026-07-18T13:00:00Z,111122223333
AWS,RDS,checkout-api,3.1845,prod,payments,2026-07-18T14:00:00Z,111122223333
AWS,RDS,checkout-api,3.1241,prod,payments,2026-07-18T15:00:00Z,111122223333
AWS,RDS,checkout-api,3.0741,prod,payments,2026-07-18T16:00:00Z,111122223333
AWS,RDS,checkout-api,3.1043,prod,payments,2026-07-18T17:00:00Z,111122223333
AWS,RDS,checkout-api,3.0814,prod,payments,2026-07-18T18:00:00Z,111122223333
AWS,RDS,checkout-api,3.2783,prod,payments,2026-07-18T19:00:00Z,111122223333
AWS,RDS,checkout-api,3.4227,prod,payments,2026-07-18T20:00:00Z,111122223333
AWS,RDS,checkout-api,3.4289,prod,payments,2026-07-18T21:00:00Z,111122223333
AWS,RDS,checkout-api,3.0192,prod,payments,2026-07-18T22:00:00Z,111122223333
AWS,RDS,checkout-api,3.2431,prod,payments,2026-07-18T23:00:00Z,111122223333
AWS,RDS,checkout-api,3.1811,prod,payments,2026-07-19T00:00:00Z,111122223333
AWS,RDS,checkout-api,3.1966,prod,payments,2026-07-19T01:00:00Z,111122223333
AWS,RDS,checkout-api,3.3317,prod,payments,2026-07-19T02:00:00Z,111122223333
AWS,RDS,checkout-api,3.2316,prod,payments,2026-07-19T03:00:00Z,111122223333
AWS,RDS,checkout-api,3.1277,prod,payments,2026-07-19T04:00:00Z,111122223333
AWS,RDS,checkout-api,3.5027,prod,payments,2026-07-19T05:00:00Z,111122223333
AWS,RDS,checkout-api,3.0086,prod,payments,2026-07-19T06:00:00Z,111122223333
AWS,RDS,checkout-api,3.1407,prod,payments,2026-07-19T07:00:00Z,111122223333
AWS,RDS,checkout-api,2.8943,prod,payments,2026-07-19T08:00:00Z,111122223333
AWS,RDS,checkout-api,2.9658,prod,payments,2026-07-19T09:00:00Z,111122223333
AWS,RDS,checkout-api,2.8982,prod,payments,2026-07-19T10:00:00Z,111122223333
AWS,RDS,checkout-api,2.9446,prod,payments,2026-07-19T11:00:00Z,111122223333
AWS,RDS,checkout-api,3.0833,prod,payments,2026-07-19T12:00:00Z,111122223333
AWS,RDS,checkout-api,3.3552,prod,payments,2026-07-19T13:00:00Z,111122223333
AWS,RDS,checkout-api,3.2031,prod,payments,2026-07-19T14:00:00Z,111122223333
AWS,RDS,checkout-api,3.1550,prod,payments,2026-07-19T15:00:00Z,111122223333
AWS,RDS,checkout-api,3.1326,prod,payments,2026-07-19T16:00:00Z,111122223333
AWS,RDS,checkout-api,3.5294,prod,payments,2026-07-19T17:00:00Z,111122223333
AWS,RDS,checkout-api,3.3553,prod,payments,2026-07-19T18:00:00Z,111122223333
AWS,RDS,checkout-api,3.1708,prod,payments,2026-07-19T19:00:00Z,111122223333
AWS,RDS,checkout-api,3.1130,prod,payments,2026-07-19T20:00:00Z,111122223333
AWS,RDS,checkout-api,3.3703,prod,payments,2026-07-19T21:00:00Z,111122223333
AWS,RDS,checkout-api,3.0764,prod,payments,2026-07-19T22:00:00Z,111122223333
AWS,RDS,checkout-api,3.2643,prod,payments,2026-07-19T23:00:00Z,111122223333
AWS,RDS,checkout-api,3.2197,prod,payments,2026-07-20T00:00:00Z,111122223333
AWS,RDS,checkout-api,3.1175,prod,payments,2026-07-20T01:00:00Z,111122223333
AWS,RDS,checkout-api,3.6120,prod,payments,2026-07-20T02:00:00Z,111122223333
AWS,RDS,checkout-api,3.2966,prod,payments,2026-07-20T03:00:00Z,111122223333
AWS,RDS,checkout-api,3.1210,prod,payments,2026-07-20T04:00:00Z,111122223333
AWS,RDS,checkout-api,3.6822,prod,payments,2026-07-20T05:00:00Z,111122223333
AWS,RDS,checkout-api,3.0708,prod,payments,2026-07-20T06:00:00Z,111122223333
AWS,RDS,checkout-api,3.5497,prod,payments,2026-07-20T07:00:00Z,111122223333
AWS,RDS,checkout-api,3.4300,prod,payments,2026-07-20T08:00:00Z,111122223333
AWS,RDS,checkout-api,3.0855,prod,payments,2026-07-20T09:00:00Z,111122223333
AWS,RDS,checkout-api,3.4601,prod,payments,2026-07-20T10:00:00Z,111122223333
AWS,RDS,checkout-api,3.6334,prod,payments,2026-07-20T11:00:00Z,111122223333
AWS,RDS,checkout-api,3.1695,prod,payments,2026-07-20T12:00:00Z,111122223333
AWS,RDS,checkout-api,3.6108,prod,payments,2026-07-20T13:00:00Z,111122223333
AWS,RDS,checkout-api,3.1897,prod,payments,2026-07-20T14:00:00Z,111122223333
AWS,RDS,checkout-api,3.6982,prod,payments,2026-07-20T15:00:00Z,111122223333
AWS,RDS,checkout-api,3.3714,prod,payments,2026-07-20T16:00:00Z,111122223333
AWS,RDS,checkout-api,3.3486,prod,payments,2026-07-20T17:00:00Z,111122223333
AWS,RDS,checkout-api,3.0786,prod,payments,2026-07-20T18:00:00Z,111122223333
AWS,RDS,checkout-api,3.3332,prod,payments,2026-07-20T19:00:00Z,111122223333
AWS,RDS,checkout-api,3.1001,prod,payments,2026-07-20T20:00:00Z,111122223333
AWS,RDS,checkout-api,3.3250,prod,payments,2026-07-20T21:00:00Z,111122223333
AWS,RDS,checkout-api,3.3925,prod,payments,2026-07-20T22:00:00Z,111122223333
AWS,RDS,checkout-api,3.3371,prod,payments,2026-07-20T23:00:00Z,111122223333
AWS,RDS,checkout-api,3.0755,prod,payments,2026-07-21T00:00:00Z,111122223333
AWS,RDS,checkout-api,3.7196,prod,payments,2026-07-21T01:00:00Z,111122223333
AWS,RDS,checkout-api,3.5857,prod,payments,2026-07-21T02:00:00Z,111122223333
AWS,RDS,checkout-api,3.2208,prod,payments,2026-07-21T03:00:00Z,111122223333
AWS,RDS,checkout-api,3.1491,prod,payments,2026-07-21T04:00:00Z,111122223333
AWS,RDS,checkout-api,3.1937,prod,payments,2026-07-21T05:00:00Z,111122223333
AWS,RDS,checkout-api,3.5336,prod,payments,2026-07-21T06:00:00Z,111122223333
AWS,RDS,checkout-api,3.6042,prod,payments,2026-07-21T07:00:00Z,111122223333
AWS,RDS,checkout-api,3.7288,prod,payments,2026-07-21T08:00:00Z,111122223333
AWS,RDS,checkout-api,3.6445,prod,payments,2026-07-21T09:00:00Z,111122223333
AWS,RDS,checkout-api,3.6686,prod,payments,2026-07-21T10:00:00Z,111122223333
AWS,RDS,checkout-api,3.2318,prod,payments,2026-07-21T11:00:00Z,111122223333
AWS,RDS,checkout-api,3.5454,prod,payments,2026-07-21T12:00:00Z,111122223333
AWS,RDS,checkout-api,3.4110,prod,payments,2026-07-21T13:00:00Z,111122223333
AWS,RDS,checkout-api,3.6246,prod,payments,2026-07-21T14:00:00Z,111122223333
AWS,RDS,checkout-api,3.2082,prod,payments,2026-07-21T15:00:00Z,111122223333
AWS,RDS,checkout-api,3.0885,prod,payments,2026-07-21T16:00:00Z,111122223333
AWS,RDS,checkout-api,3.6647,prod,payments,2026-07-21T17:00:00Z,111122223333
AWS,RDS,checkout-api,3.7104,prod,payments,2026-07-21T18:00:00Z,111122223333
AWS,RDS,checkout-api,3.7267,prod,payments,2026-07-21T19:00:00Z,111122223333
AWS,RDS,checkout-api,3.2428,prod,payments,2026-07-21T20:00:00Z,111122223333
AWS,RDS,checkout-api,3.1803,prod,payments,2026-07-21T21:00:00Z,111122223333
AWS,RDS,checkout-api,3.0947,prod,payments,2026-07-21T22:00:00Z,111122223333
AWS,RDS,checkout-api,3.7419,prod,payments,2026-07-21T23:00:00Z,111122223333
AWS,RDS,checkout-api,3.5481,prod,payments,2026-07-22T00:00:00Z,111122223333
AWS,RDS,checkout-api,3.5216,prod,payments,2026-07-22T01:00:00Z,111122223333
AWS,RDS,checkout-api,3.1496,prod,payments,2026-07-22T02:00:00Z,111122223333
AWS,RDS,checkout-api,3.5229,prod,payments,2026-07-22T03:00:00Z,111122223333
AWS,RDS,checkout-api,3.5594,prod,payments,2026-07-22T04:00:00Z,111122223333
AWS,RDS,checkout-api,3.6319,prod,payments,2026-07-22T05:00:00Z,111122223333
AWS,RDS,checkout-api,3.0975,prod,payments,2026-07-22T06:00:00Z,111122223333
AWS,RDS,checkout-api,3.6688,prod,payments,2026-07-22T07:00:00Z,111122223333
AWS,RDS,checkout-api,3.2427,prod,payments,2026-07-22T08:00:00Z,111122223333
AWS,RDS,checkout-api,3.4479,prod,payments,2026-07-22T09:00:00Z,111122223333
AWS,RDS,checkout-api,3.3408,prod,payments,2026-07-22T10:00:00Z,111122223333
AWS,RDS,checkout-api,3.1407,prod,payments,2026-07-22T11:00:00Z,111122223333
AWS,RDS,checkout-api,3.2756,prod,payments,2026-07-22T12:00:00Z,111122223333
AWS,RDS,checkout-api,3.7049,prod,payments,2026-07-22T13:00:00Z,111122223333
AWS,RDS,checkout-api,3.7679,prod,payments,2026-07-22T14:00:00Z,111122223333
AWS,RDS,checkout-api,3.4694,prod,payments,2026-07-22T15:00:00Z,111122223333
AWS,RDS,checkout-api,3.2525,prod,payments,2026-07-22T16:00:00Z,111122223333
AWS,RDS,checkout-api,3.1337,prod,payments,2026-07-22T17:00:00Z,111122223333
AWS,RDS,checkout-api,3.6706,prod,payments,2026-07-22T18:00:00Z,111122223333
AWS,RDS,checkout-api,3.1378,prod,payments,2026-07-22T19:00:00Z,111122223333
AWS,RDS,checkout-api,3.7506,prod,payments,2026-07-22T20:00:00Z,111122223333
AWS,RDS,checkout-api,3.3434,prod,payments,2026-07-22T21:00:00Z,111122223333
AWS,RDS,checkout-api,3.7687,prod,payments,2026-07-22T22:00:00Z,111122223333
AWS,RDS,checkout-api,3.7667,prod,payments,2026-07-22T23:00:00Z,111122223333
AWS,RDS,checkout-api,3.6416,prod,payments,2026-07-23T00:00:00Z,111122223333
AWS,RDS,checkout-api,3.2123,prod,payments,2026-07-23T01:00:00Z,111122223333
AWS,RDS,checkout-api,3.3594,prod,payments,2026-07-23T02:00:00Z,111122223333
AWS,RDS,checkout-api,3.3055,prod,payments,2026-07-23T03:00:00Z,111122223333
AWS,RDS,checkout-api,3.1580,prod,payments,2026-07-23T04:00:00Z,111122223333
AWS,RDS,checkout-api,3.5513,prod,payments,2026-07-23T05:00:00Z,111122223333
AWS,RDS,checkout-api,3.4863,prod,payments,2026-07-23T06:00:00Z,111122223333
AWS,RDS,checkout-api,3.5253,prod,payments,2026-07-23T07:00:00Z,111122223333
AWS,RDS,checkout-api,3.5652,prod,payments,2026-07-23T08:00:00Z,111122223333
AWS,RDS,checkout-api,3.5186,prod,payments,2026-07-23T09:00:00Z,111122223333
AWS,RDS,checkout-api,3.1546,prod,payments,2026-07-23T10:00:00Z,111122223333
AWS,RDS,checkout-api,3.7204,prod,payments,2026-07-23T11:00:00Z,111122223333
AWS,RDS,checkout-api,3.5836,prod,payments,2026-07-23T12:00:00Z,111122223333
AWS,RDS,checkout-api,3.5417,prod,payments,2026-07-23T13:00:00Z,111122223333
AWS,RDS,checkout-api,3.3990,prod,payments,2026-07-23T14:00:00Z,111122223333
AWS,RDS,checkout-api,3.6690,prod,payments,2026-07-23T15:00:00Z,111122223333
AWS,RDS,checkout-api,3.2897,prod,payments,2026-07-23T16:00:00Z,111122223333
AWS,RDS,checkout-api,3.4296,prod,payments,2026-07-23T17:00:00Z,111122223333
AWS,RDS,checkout-api,3.2049,prod,payments,2026-07-23T18:00:00Z,111122223333
AWS,RDS,checkout-api,3.7871,prod,payments,2026-07-23T19:00:00Z,111122223333
AWS,RDS,checkout-api,3.2721,prod,payments,2026-07-23T20:00:00Z,111122223333
AWS,RDS,checkout-api,3.2942,prod,payments,2026-07-23T21:00:00Z,111122223333
AWS,RDS,checkout-api,3.5558,prod,payments,2026-07-23T22:00:00Z,111122223333
AWS,RDS,checkout-api,3.5574,prod,payments,2026-07-23T23:00:00Z,111122223333
AWS,RDS,checkout-api,3.5224,prod,payments,2026-07-24T00:00:00Z,111122223333
AWS,RDS,checkout-api,3.4305,prod,payments,2026-07-24T01:00:00Z,111122223333
AWS,RDS,checkout-api,3.4157,prod,payments,2026-07-24T02:00:00Z,111122223333
AWS,RDS,checkout-api,3.3786,prod,payments,2026-07-24T03:00:00Z,111122223333
AWS,RDS,checkout-api,3.4322,prod,payments,2026-07-24T04:00:00Z,111122223333
AWS,RDS,checkout-api,3.6378,prod,payments,2026-07-24T05:00:00Z,111122223333
AWS,RDS,checkout-api,3.1896,prod,payments,2026-07-24T06:00:00Z,111122223333
AWS,RDS,checkout-api,3.5669,prod,payments,2026-07-24T07:00:00Z,111122223333
AWS,RDS,checkout-api,3.5858,prod,payments,2026-07-24T08:00:00Z,111122223333
AWS,RDS,checkout-api,3.5850,prod,payments,2026-07-24T09:00:00Z,111122223333
AWS,RDS,checkout-api,3.7448,prod,payments,2026-07-24T10:00:00Z,111122223333
AWS,RDS,checkout-api,3.7285,prod,payments,2026-07-24T11:00:00Z,111122223333
AWS,RDS,checkout-api,3.4716,prod,payments,2026-07-24T12:00:00Z,111122223333
AWS,RDS,checkout-api,3.6753,prod,payments,2026-07-24T13:00:00Z,111122223333
AWS,RDS,checkout-api,3.2357,prod,payments,2026-07-24T14:00:00Z,111122223333
AWS,RDS,checkout-api,3.4530,prod,payments,2026-07-24T15:00:00Z,111122223333
AWS,RDS,checkout-api,3.6146,prod,payments,2026-07-24T16:00:00Z,111122223333
AWS,RDS,checkout-api,3.4373,prod,payments,2026-07-24T17:00:00Z,111122223333
AWS,RDS,checkout-api,3.2930,prod,payments,2026-07-24T18:00:00Z,111122223333
AWS,RDS,checkout-api,3.8431,prod,payments,2026-07-24T19:00:00Z,111122223333
AWS,RDS,checkout-api,3.8033,prod,payments,2026-07-24T20:00:00Z,111122223333
AWS,RDS,checkout-api,3.4599,prod,payments,2026-07-24T21:00:00Z,111122223333
AWS,RDS,checkout-api,3.8046,prod,payments,2026-07-24T22:00:00Z,111122223333
AWS,RDS,checkout-api,3.7918,prod,payments,2026-07-24T23:00:00Z,111122223333
AWS,RDS,checkout-api,3.0632,prod,payments,2026-07-25T00:00:00Z,111122223333
AWS,RDS,checkout-api,3.3296,prod,payments,2026-07-25T01:00:00Z,111122223333
AWS,RDS,checkout-api,3.5754,prod,payments,2026-07-25T02:00:00Z,111122223333
AWS,RDS,checkout-api,3.1792,prod,payments,2026-07-25T03:00:00Z,111122223333
AWS,RDS,checkout-api,3.3273,prod,payments,2026-07-25T04:00:00Z,111122223333
AWS,RDS,checkout-api,3.5307,prod,payments,2026-07-25T05:00:00Z,111122223333
AWS,RDS,checkout-api,3.2278,prod,payments,2026-07-25T06:00:00Z,111122223333
AWS,RDS,checkout-api,3.4809,prod,payments,2026-07-25T07:00:00Z,111122223333
AWS,RDS,checkout-api,3.2354,prod,payments,2026-07-25T08:00:00Z,111122223333
AWS,RDS,checkout-api,3.6365,prod,payments,2026-07-25T09:00:00Z,111122223333
AWS,RDS,checkout-api,3.0399,prod,payments,2026-07-25T10:00:00Z,111122223333
AWS,RDS,checkout-api,3.6309,prod,payments,2026-07-25T11:00:00Z,111122223333
AWS,RDS,checkout-api,3.4923,prod,payments,2026-07-25T12:00:00Z,111122223333
AWS,RDS,checkout-api,3.3051,prod,payments,2026-07-25T13:00:00Z,111122223333
AWS,RDS,checkout-api,3.1964,prod,payments,2026-07-25T14:00:00Z,111122223333
AWS,RDS,checkout-api,3.1771,prod,payments,2026-07-25T15:00:00Z,111122223333
AWS,RDS,checkout-api,3.2677,prod,payments,2026-07-25T16:00:00Z,111122223333
AWS,RDS,checkout-api,3.2016,prod,payments,2026-07-25T17:00:00Z,111122223333
AWS,RDS,checkout-api,3.1596,prod,payments,2026-07-25T18:00:00Z,111122223333
AWS,RDS,checkout-api,3.0404,prod,payments,2026-07-25T19:00:00Z,111122223333
AWS,RDS,checkout-api,3.4966,prod,payments,2026-07-25T20:00:00Z,111122223333
AWS,RDS,checkout-api,3.1249,prod,payments,2026-07-25T21:00:00Z,111122223333
AWS,RDS,checkout-api,3.1933,prod,payments,2026-07-25T22:00:00Z,111122223333
AWS,RDS,checkout-api,3.0462,prod,payments,2026-07-25T23:00:00Z,111122223333
AWS,RDS,checkout-api,3.5559,prod,payments,2026-07-26T00:00:00Z,111122223333
AWS,RDS,checkout-api,3.0806,prod,payments,2026-07-26T01:00:00Z,111122223333
AWS,RDS,checkout-api,3.5128,prod,payments,2026-07-26T02:00:00Z,111122223333
AWS,RDS,checkout-api,3.3894,prod,payments,2026-07-26T03:00:00Z,111122223333
AWS,RDS,checkout-api,3.3246,prod,payments,2026-07-26T04:00:00Z,111122223333
AWS,RDS,checkout-api,3.2456,prod,payments,2026-07-26T05:00:00Z,111122223333
AWS,RDS,checkout-api,3.4520,prod,payments,2026-07-26T06:00:00Z,111122223333
AWS,RDS,checkout-api,3.4174,prod,payments,2026-07-26T07:00:00Z,111122223333
AWS,RDS,checkout-api,3.2224,prod,payments,2026-07-26T08:00:00Z,111122223333
AWS,RDS,checkout-api,3.5453,prod,payments,2026-07-26T09:00:00Z,111122223333
AWS,RDS,checkout-api,3.6063,prod,payments,2026-07-26T10:00:00Z,111122223333
AWS,RDS,checkout-api,3.5171,prod,payments,2026-07-26T11:00:00Z,111122223333
AWS,RDS,checkout-api,3.4676,prod,payments,2026-07-26T12:00:00Z,111122223333
AWS,RDS,checkout-api,3.3437,prod,payments,2026-07-26T13:00:00Z,111122223333
AWS,RDS,checkout-api,3.2672,prod,payments,2026-07-26T14:00:00Z,111122223333
AWS,RDS,checkout-api,3.4222,prod,payments,2026-07-26T15:00:00Z,111122223333
Datadog,apm_fargate_task,checkout-api,0.9440,prod,payments,2026-07-12T16:00:00Z,dd-org-main
Datadog,apm_fargate_task,checkout-api,0.7575,prod,payments,2026-07-12T17:00:00Z,dd-org-main
Datadog,apm_fargate_task,checkout-api,0.6931,prod,payments,2026-07-12T18:00:00Z,dd-org-main
Datadog,apm_fargate_task,checkout-api,0.6051,prod,payments,2026-07-12T19:00:00Z,dd-org-main
Datadog,apm_fargate_task,checkout-api,0.5904,prod,payments,2026-07-12T20:00:00Z,dd-org-main
Datadog,apm_fargate_task,checkout-api,0.6381,prod,payments,2026-07-12T21:00:00Z,dd-org-main
Datadog,apm_fargate_task,checkout-api,0.5981,prod,payments,2026-07-12T22:00:00Z,dd-org-main
Datadog,apm_fargate_task,checkout-api,0.5778,prod,payments,2026-07-12T23:00:00Z,dd-org-main
Datadog,apm_fargate_task,checkout-api,0.9054,prod,payments,2026-07-13T00:00:00Z,dd-org-main
Datadog,apm_fargate_task,checkout-api,0.9312,prod,payments,2026-07-13T01:00:00Z,dd-org-main
Datadog,apm_fargate_task,checkout-api,0.8907,prod,payments,2026-07-13T02:00:00Z,dd-org-main
Datadog,apm_fargate_task,checkout-api,0.9660,prod,payments,2026-07-13T03:00:00Z,dd-org-main
Datadog,apm_fargate_task,checkout-api,0.9452,prod,payments,2026-07-13T04:00:00Z,dd-org-main
Datadog,apm_fargate_task,checkout-api,0.9514,prod,payments,2026-07-13T05:00:00Z,dd-org-main
Datadog,apm_fargate_task,checkout-api,0.8967,prod,payments,2026-07-13T06:00:00Z,dd-org-main
Datadog,apm_fargate_task,checkout-api,0.8815,prod,payments,2026-07-13T07:00:00Z,dd-org-main
Datadog,apm_fargate_task,checkout-api,0.9857,prod,payments,2026-07-13T08:00:00Z,dd-org-main
Datadog,apm_fargate_task,checkout-api,1.2076,prod,payments,2026-07-13T09:00:00Z,dd-org-main
Datadog,apm_fargate_task,checkout-api,1.1690,prod,payments,2026-07-13T10:00:00Z,dd-org-main
Datadog,apm_fargate_task,checkout-api,1.1936,prod,payments,2026-07-13T11:00:00Z,dd-org-main
Datadog,apm_fargate_task,checkout-api,1.3869,prod,payments,2026-07-13T12:00:00Z,dd-org-main
Datadog,apm_fargate_task,checkout-api,1.2427,prod,payments,2026-07-13T13:00:00Z,dd-org-main
Datadog,apm_fargate_task,checkout-api,1.2576,prod,payments,2026-07-13T14:00:00Z,dd-org-main
Datadog,apm_fargate_task,checkout-api,1.3681,prod,payments,2026-07-13T15:00:00Z,dd-org-main
Datadog,apm_fargate_task,checkout-api,1.1576,prod,payments,2026-07-13T16:00:00Z,dd-org-main
Datadog,apm_fargate_task,checkout-api,1.0770,prod,payments,2026-07-13T17:00:00Z,dd-org-main
Datadog,apm_fargate_task,checkout-api,0.9497,prod,payments,2026-07-13T18:00:00Z,dd-org-main
Datadog,apm_fargate_task,checkout-api,0.8663,prod,payments,2026-07-13T19:00:00Z,dd-org-main
Datadog,apm_fargate_task,checkout-api,0.9702,prod,payments,2026-07-13T20:00:00Z,dd-org-main
Datadog,apm_fargate_task,checkout-api,0.8837,prod,payments,2026-07-13T21:00:00Z,dd-org-main
Datadog,apm_fargate_task,checkout-api,0.9255,prod,payments,2026-07-13T22:00:00Z,dd-org-main
Datadog,apm_fargate_task,checkout-api,0.9506,prod,payments,2026-07-13T23:00:00Z,dd-org-main
Datadog,apm_fargate_task,checkout-api,0.9421,prod,payments,2026-07-14T00:00:00Z,dd-org-main
Datadog,apm_fargate_task,checkout-api,0.8455,prod,payments,2026-07-14T01:00:00Z,dd-org-main
Datadog,apm_fargate_task,checkout-api,0.9446,prod,payments,2026-07-14T02:00:00Z,dd-org-main
Datadog,apm_fargate_task,checkout-api,0.8631,prod,payments,2026-07-14T03:00:00Z,dd-org-main
Datadog,apm_fargate_task,checkout-api,0.8437,prod,payments,2026-07-14T04:00:00Z,dd-org-main
Datadog,apm_fargate_task,checkout-api,0.8087,prod,payments,2026-07-14T05:00:00Z,dd-org-main
Datadog,apm_fargate_task,checkout-api,0.9266,prod,payments,2026-07-14T06:00:00Z,dd-org-main
Datadog,apm_fargate_task,checkout-api,0.9318,prod,payments,2026-07-14T07:00:00Z,dd-org-main
Datadog,apm_fargate_task,checkout-api,1.0956,prod,payments,2026-07-14T08:00:00Z,dd-org-main
Datadog,apm_fargate_task,checkout-api,1.1341,prod,payments,2026-07-14T09:00:00Z,dd-org-main
Datadog,apm_fargate_task,checkout-api,1.1785,prod,payments,2026-07-14T10:00:00Z,dd-org-main
Datadog,apm_fargate_task,checkout-api,1.3498,prod,payments,2026-07-14T11:00:00Z,dd-org-main
Datadog,apm_fargate_task,checkout-api,1.4061,prod,payments,2026-07-14T12:00:00Z,dd-org-main
Datadog,apm_fargate_task,checkout-api,1.3236,prod,payments,2026-07-14T13:00:00Z,dd-org-main
Datadog,apm_fargate_task,checkout-api,1.4765,prod,payments,2026-07-14T14:00:00Z,dd-org-main
Datadog,apm_fargate_task,checkout-api,1.3974,prod,payments,2026-07-14T15:00:00Z,dd-org-main
Datadog,apm_fargate_task,checkout-api,1.2815,prod,payments,2026-07-14T16:00:00Z,dd-org-main
Datadog,apm_fargate_task,checkout-api,1.1744,prod,payments,2026-07-14T17:00:00Z,dd-org-main
Datadog,apm_fargate_task,checkout-api,1.0268,prod,payments,2026-07-14T18:00:00Z,dd-org-main
Datadog,apm_fargate_task,checkout-api,0.9679,prod,payments,2026-07-14T19:00:00Z,dd-org-main
Datadog,apm_fargate_task,checkout-api,0.8775,prod,payments,2026-07-14T20:00:00Z,dd-org-main
Datadog,apm_fargate_task,checkout-api,0.9760,prod,payments,2026-07-14T21:00:00Z,dd-org-main
Datadog,apm_fargate_task,checkout-api,0.9511,prod,payments,2026-07-14T22:00:00Z,dd-org-main
Datadog,apm_fargate_task,checkout-api,0.8201,prod,payments,2026-07-14T23:00:00Z,dd-org-main
Datadog,apm_fargate_task,checkout-api,0.9613,prod,payments,2026-07-15T00:00:00Z,dd-org-main
Datadog,apm_fargate_task,checkout-api,0.9332,prod,payments,2026-07-15T01:00:00Z,dd-org-main
Datadog,apm_fargate_task,checkout-api,0.9540,prod,payments,2026-07-15T02:00:00Z,dd-org-main
Datadog,apm_fargate_task,checkout-api,0.8481,prod,payments,2026-07-15T03:00:00Z,dd-org-main
Datadog,apm_fargate_task,checkout-api,0.8259,prod,payments,2026-07-15T04:00:00Z,dd-org-main
Datadog,apm_fargate_task,checkout-api,0.9547,prod,payments,2026-07-15T05:00:00Z,dd-org-main
Datadog,apm_fargate_task,checkout-api,0.8748,prod,payments,2026-07-15T06:00:00Z,dd-org-main
Datadog,apm_fargate_task,checkout-api,0.9060,prod,payments,2026-07-15T07:00:00Z,dd-org-main
Datadog,apm_fargate_task,checkout-api,1.0992,prod,payments,2026-07-15T08:00:00Z,dd-org-main
Datadog,apm_fargate_task,checkout-api,1.1248,prod,payments,2026-07-15T09:00:00Z,dd-org-main
Datadog,apm_fargate_task,checkout-api,1.2164,prod,payments,2026-07-15T10:00:00Z,dd-org-main
Datadog,apm_fargate_task,checkout-api,1.3389,prod,payments,2026-07-15T11:00:00Z,dd-org-main
Datadog,apm_fargate_task,checkout-api,1.2541,prod,payments,2026-07-15T12:00:00Z,dd-org-main
Datadog,apm_fargate_task,checkout-api,1.3377,prod,payments,2026-07-15T13:00:00Z,dd-org-main
Datadog,apm_fargate_task,checkout-api,1.5086,prod,payments,2026-07-15T14:00:00Z,dd-org-main
Datadog,apm_fargate_task,checkout-api,1.4521,prod,payments,2026-07-15T15:00:00Z,dd-org-main
Datadog,apm_fargate_task,checkout-api,1.2766,prod,payments,2026-07-15T16:00:00Z,dd-org-main
Datadog,apm_fargate_task,checkout-api,1.1618,prod,payments,2026-07-15T17:00:00Z,dd-org-main
Datadog,apm_fargate_task,checkout-api,0.9696,prod,payments,2026-07-15T18:00:00Z,dd-org-main
Datadog,apm_fargate_task,checkout-api,0.8265,prod,payments,2026-07-15T19:00:00Z,dd-org-main
Datadog,apm_fargate_task,checkout-api,0.9692,prod,payments,2026-07-15T20:00:00Z,dd-org-main
Datadog,apm_fargate_task,checkout-api,0.8626,prod,payments,2026-07-15T21:00:00Z,dd-org-main
Datadog,apm_fargate_task,checkout-api,0.8629,prod,payments,2026-07-15T22:00:00Z,dd-org-main
Datadog,apm_fargate_task,checkout-api,0.9906,prod,payments,2026-07-15T23:00:00Z,dd-org-main
Datadog,apm_fargate_task,checkout-api,0.9302,prod,payments,2026-07-16T00:00:00Z,dd-org-main
Datadog,apm_fargate_task,checkout-api,0.8555,prod,payments,2026-07-16T01:00:00Z,dd-org-main
Datadog,apm_fargate_task,checkout-api,0.8659,prod,payments,2026-07-16T02:00:00Z,dd-org-main
Datadog,apm_fargate_task,checkout-api,0.8484,prod,payments,2026-07-16T03:00:00Z,dd-org-main
Datadog,apm_fargate_task,checkout-api,0.8516,prod,payments,2026-07-16T04:00:00Z,dd-org-main
Datadog,apm_fargate_task,checkout-api,0.9724,prod,payments,2026-07-16T05:00:00Z,dd-org-main
Datadog,apm_fargate_task,checkout-api,0.9891,prod,payments,2026-07-16T06:00:00Z,dd-org-main
Datadog,apm_fargate_task,checkout-api,0.9268,prod,payments,2026-07-16T07:00:00Z,dd-org-main
Datadog,apm_fargate_task,checkout-api,1.0089,prod,payments,2026-07-16T08:00:00Z,dd-org-main
Datadog,apm_fargate_task,checkout-api,1.2132,prod,payments,2026-07-16T09:00:00Z,dd-org-main
Datadog,apm_fargate_task,checkout-api,1.1777,prod,payments,2026-07-16T10:00:00Z,dd-org-main
Datadog,apm_fargate_task,checkout-api,1.3607,prod,payments,2026-07-16T11:00:00Z,dd-org-main
Datadog,apm_fargate_task,checkout-api,1.3798,prod,payments,2026-07-16T12:00:00Z,dd-org-main
Datadog,apm_fargate_task,checkout-api,1.4342,prod,payments,2026-07-16T13:00:00Z,dd-org-main
Datadog,apm_fargate_task,checkout-api,1.3500,prod,payments,2026-07-16T14:00:00Z,dd-org-main
Datadog,apm_fargate_task,checkout-api,1.3372,prod,payments,2026-07-16T15:00:00Z,dd-org-main
Datadog,apm_fargate_task,checkout-api,1.2632,prod,payments,2026-07-16T16:00:00Z,dd-org-main
Datadog,apm_fargate_task,checkout-api,1.1612,prod,payments,2026-07-16T17:00:00Z,dd-org-main
Datadog,apm_fargate_task,checkout-api,1.0737,prod,payments,2026-07-16T18:00:00Z,dd-org-main
Datadog,apm_fargate_task,checkout-api,0.8568,prod,payments,2026-07-16T19:00:00Z,dd-org-main
Datadog,apm_fargate_task,checkout-api,0.9415,prod,payments,2026-07-16T20:00:00Z,dd-org-main
Datadog,apm_fargate_task,checkout-api,0.9645,prod,payments,2026-07-16T21:00:00Z,dd-org-main
Datadog,apm_fargate_task,checkout-api,0.9296,prod,payments,2026-07-16T22:00:00Z,dd-org-main
Datadog,apm_fargate_task,checkout-api,0.8421,prod,payments,2026-07-16T23:00:00Z,dd-org-main
Datadog,apm_fargate_task,checkout-api,0.8774,prod,payments,2026-07-17T00:00:00Z,dd-org-main
Datadog,apm_fargate_task,checkout-api,0.8490,prod,payments,2026-07-17T01:00:00Z,dd-org-main
Datadog,apm_fargate_task,checkout-api,0.9760,prod,payments,2026-07-17T02:00:00Z,dd-org-main
Datadog,apm_fargate_task,checkout-api,0.8355,prod,payments,2026-07-17T03:00:00Z,dd-org-main
Datadog,apm_fargate_task,checkout-api,0.9138,prod,payments,2026-07-17T04:00:00Z,dd-org-main
Datadog,apm_fargate_task,checkout-api,0.9547,prod,payments,2026-07-17T05:00:00Z,dd-org-main
Datadog,apm_fargate_task,checkout-api,0.8679,prod,payments,2026-07-17T06:00:00Z,dd-org-main
Datadog,apm_fargate_task,checkout-api,0.8227,prod,payments,2026-07-17T07:00:00Z,dd-org-main
Datadog,apm_fargate_task,checkout-api,1.0402,prod,payments,2026-07-17T08:00:00Z,dd-org-main
Datadog,apm_fargate_task,checkout-api,1.0635,prod,payments,2026-07-17T09:00:00Z,dd-org-main
Datadog,apm_fargate_task,checkout-api,1.3435,prod,payments,2026-07-17T10:00:00Z,dd-org-main
Datadog,apm_fargate_task,checkout-api,1.3441,prod,payments,2026-07-17T11:00:00Z,dd-org-main
Datadog,apm_fargate_task,checkout-api,1.3275,prod,payments,2026-07-17T12:00:00Z,dd-org-main
Datadog,apm_fargate_task,checkout-api,1.4530,prod,payments,2026-07-17T13:00:00Z,dd-org-main
Datadog,apm_fargate_task,checkout-api,1.4185,prod,payments,2026-07-17T14:00:00Z,dd-org-main
Datadog,apm_fargate_task,checkout-api,1.3576,prod,payments,2026-07-17T15:00:00Z,dd-org-main
Datadog,apm_fargate_task,checkout-api,1.3660,prod,payments,2026-07-17T16:00:00Z,dd-org-main
Datadog,apm_fargate_task,checkout-api,1.2849,prod,payments,2026-07-17T17:00:00Z,dd-org-main
Datadog,apm_fargate_task,checkout-api,0.9794,prod,payments,2026-07-17T18:00:00Z,dd-org-main
Datadog,apm_fargate_task,checkout-api,0.8241,prod,payments,2026-07-17T19:00:00Z,dd-org-main
Datadog,apm_fargate_task,checkout-api,0.9748,prod,payments,2026-07-17T20:00:00Z,dd-org-main
Datadog,apm_fargate_task,checkout-api,0.9679,prod,payments,2026-07-17T21:00:00Z,dd-org-main
Datadog,apm_fargate_task,checkout-api,0.9195,prod,payments,2026-07-17T22:00:00Z,dd-org-main
Datadog,apm_fargate_task,checkout-api,0.8385,prod,payments,2026-07-17T23:00:00Z,dd-org-main
Datadog,apm_fargate_task,checkout-api,0.6114,prod,payments,2026-07-18T00:00:00Z,dd-org-main
Datadog,apm_fargate_task,checkout-api,0.6070,prod,payments,2026-07-18T01:00:00Z,dd-org-main
Datadog,apm_fargate_task,checkout-api,0.6799,prod,payments,2026-07-18T02:00:00Z,dd-org-main
Datadog,apm_fargate_task,checkout-api,0.6359,prod,payments,2026-07-18T03:00:00Z,dd-org-main
Datadog,apm_fargate_task,checkout-api,0.5934,prod,payments,2026-07-18T04:00:00Z,dd-org-main
Datadog,apm_fargate_task,checkout-api,0.6132,prod,payments,2026-07-18T05:00:00Z,dd-org-main
Datadog,apm_fargate_task,checkout-api,0.6564,prod,payments,2026-07-18T06:00:00Z,dd-org-main
Datadog,apm_fargate_task,checkout-api,0.6701,prod,payments,2026-07-18T07:00:00Z,dd-org-main
Datadog,apm_fargate_task,checkout-api,0.7682,prod,payments,2026-07-18T08:00:00Z,dd-org-main
Datadog,apm_fargate_task,checkout-api,0.8970,prod,payments,2026-07-18T09:00:00Z,dd-org-main
Datadog,apm_fargate_task,checkout-api,0.8943,prod,payments,2026-07-18T10:00:00Z,dd-org-main
Datadog,apm_fargate_task,checkout-api,1.0210,prod,payments,2026-07-18T11:00:00Z,dd-org-main
Datadog,apm_fargate_task,checkout-api,1.0702,prod,payments,2026-07-18T12:00:00Z,dd-org-main
Datadog,apm_fargate_task,checkout-api,1.0418,prod,payments,2026-07-18T13:00:00Z,dd-org-main
Datadog,apm_fargate_task,checkout-api,1.0588,prod,payments,2026-07-18T14:00:00Z,dd-org-main
Datadog,apm_fargate_task,checkout-api,0.9266,prod,payments,2026-07-18T15:00:00Z,dd-org-main
Datadog,apm_fargate_task,checkout-api,0.8473,prod,payments,2026-07-18T16:00:00Z,dd-org-main
Datadog,apm_fargate_task,checkout-api,0.7543,prod,payments,2026-07-18T17:00:00Z,dd-org-main
Datadog,apm_fargate_task,checkout-api,0.7405,prod,payments,2026-07-18T18:00:00Z,dd-org-main
Datadog,apm_fargate_task,checkout-api,0.6613,prod,payments,2026-07-18T19:00:00Z,dd-org-main
Datadog,apm_fargate_task,checkout-api,0.6169,prod,payments,2026-07-18T20:00:00Z,dd-org-main
Datadog,apm_fargate_task,checkout-api,0.7061,prod,payments,2026-07-18T21:00:00Z,dd-org-main
Datadog,apm_fargate_task,checkout-api,0.7061,prod,payments,2026-07-18T22:00:00Z,dd-org-main
Datadog,apm_fargate_task,checkout-api,0.6744,prod,payments,2026-07-18T23:00:00Z,dd-org-main
Datadog,apm_fargate_task,checkout-api,0.7073,prod,payments,2026-07-19T00:00:00Z,dd-org-main
Datadog,apm_fargate_task,checkout-api,0.6123,prod,payments,2026-07-19T01:00:00Z,dd-org-main
Datadog,apm_fargate_task,checkout-api,0.6837,prod,payments,2026-07-19T02:00:00Z,dd-org-main
Datadog,apm_fargate_task,checkout-api,0.5901,prod,payments,2026-07-19T03:00:00Z,dd-org-main
Datadog,apm_fargate_task,checkout-api,0.6198,prod,payments,2026-07-19T04:00:00Z,dd-org-main
Datadog,apm_fargate_task,checkout-api,0.6476,prod,payments,2026-07-19T05:00:00Z,dd-org-main
Datadog,apm_fargate_task,checkout-api,0.6630,prod,payments,2026-07-19T06:00:00Z,dd-org-main
Datadog,apm_fargate_task,checkout-api,0.7101,prod,payments,2026-07-19T07:00:00Z,dd-org-main
Datadog,apm_fargate_task,checkout-api,0.7781,prod,payments,2026-07-19T08:00:00Z,dd-org-main
Datadog,apm_fargate_task,checkout-api,0.8682,prod,payments,2026-07-19T09:00:00Z,dd-org-main
Datadog,apm_fargate_task,checkout-api,0.9586,prod,payments,2026-07-19T10:00:00Z,dd-org-main
Datadog,apm_fargate_task,checkout-api,1.0549,prod,payments,2026-07-19T11:00:00Z,dd-org-main
Datadog,apm_fargate_task,checkout-api,1.0568,prod,payments,2026-07-19T12:00:00Z,dd-org-main
Datadog,apm_fargate_task,checkout-api,1.0812,prod,payments,2026-07-19T13:00:00Z,dd-org-main
Datadog,apm_fargate_task,checkout-api,1.0164,prod,payments,2026-07-19T14:00:00Z,dd-org-main
Datadog,apm_fargate_task,checkout-api,1.0378,prod,payments,2026-07-19T15:00:00Z,dd-org-main
Datadog,apm_fargate_task,checkout-api,0.8864,prod,payments,2026-07-19T16:00:00Z,dd-org-main
Datadog,apm_fargate_task,checkout-api,0.8429,prod,payments,2026-07-19T17:00:00Z,dd-org-main
Datadog,apm_fargate_task,checkout-api,0.6769,prod,payments,2026-07-19T18:00:00Z,dd-org-main
Datadog,apm_fargate_task,checkout-api,0.6334,prod,payments,2026-07-19T19:00:00Z,dd-org-main
Datadog,apm_fargate_task,checkout-api,0.6115,prod,payments,2026-07-19T20:00:00Z,dd-org-main
Datadog,apm_fargate_task,checkout-api,0.6816,prod,payments,2026-07-19T21:00:00Z,dd-org-main
Datadog,apm_fargate_task,checkout-api,0.6127,prod,payments,2026-07-19T22:00:00Z,dd-org-main
Datadog,apm_fargate_task,checkout-api,0.6735,prod,payments,2026-07-19T23:00:00Z,dd-org-main
Datadog,apm_fargate_task,checkout-api,0.8775,prod,payments,2026-07-20T00:00:00Z,dd-org-main
Datadog,apm_fargate_task,checkout-api,0.9811,prod,payments,2026-07-20T01:00:00Z,dd-org-main
Datadog,apm_fargate_task,checkout-api,0.8917,prod,payments,2026-07-20T02:00:00Z,dd-org-main
Datadog,apm_fargate_task,checkout-api,0.8402,prod,payments,2026-07-20T03:00:00Z,dd-org-main
Datadog,apm_fargate_task,checkout-api,0.8636,prod,payments,2026-07-20T04:00:00Z,dd-org-main
Datadog,apm_fargate_task,checkout-api,0.8716,prod,payments,2026-07-20T05:00:00Z,dd-org-main
Datadog,apm_fargate_task,checkout-api,1.0117,prod,payments,2026-07-20T06:00:00Z,dd-org-main
Datadog,apm_fargate_task,checkout-api,1.0166,prod,payments,2026-07-20T07:00:00Z,dd-org-main
Datadog,apm_fargate_task,checkout-api,1.0312,prod,payments,2026-07-20T08:00:00Z,dd-org-main
Datadog,apm_fargate_task,checkout-api,1.1502,prod,payments,2026-07-20T09:00:00Z,dd-org-main
Datadog,apm_fargate_task,checkout-api,1.4023,prod,payments,2026-07-20T10:00:00Z,dd-org-main
Datadog,apm_fargate_task,checkout-api,1.4494,prod,payments,2026-07-20T11:00:00Z,dd-org-main
Datadog,apm_fargate_task,checkout-api,1.3555,prod,payments,2026-07-20T12:00:00Z,dd-org-main
Datadog,apm_fargate_task,checkout-api,1.4032,prod,payments,2026-07-20T13:00:00Z,dd-org-main
Datadog,apm_fargate_task,checkout-api,1.3396,prod,payments,2026-07-20T14:00:00Z,dd-org-main
Datadog,apm_fargate_task,checkout-api,1.4043,prod,payments,2026-07-20T15:00:00Z,dd-org-main
Datadog,apm_fargate_task,checkout-api,1.4130,prod,payments,2026-07-20T16:00:00Z,dd-org-main
Datadog,apm_fargate_task,checkout-api,1.2481,prod,payments,2026-07-20T17:00:00Z,dd-org-main
Datadog,apm_fargate_task,checkout-api,1.1375,prod,payments,2026-07-20T18:00:00Z,dd-org-main
Datadog,apm_fargate_task,checkout-api,0.9996,prod,payments,2026-07-20T19:00:00Z,dd-org-main
Datadog,apm_fargate_task,checkout-api,0.9729,prod,payments,2026-07-20T20:00:00Z,dd-org-main
Datadog,apm_fargate_task,checkout-api,0.9774,prod,payments,2026-07-20T21:00:00Z,dd-org-main
Datadog,apm_fargate_task,checkout-api,0.8886,prod,payments,2026-07-20T22:00:00Z,dd-org-main
Datadog,apm_fargate_task,checkout-api,0.8913,prod,payments,2026-07-20T23:00:00Z,dd-org-main
Datadog,apm_fargate_task,checkout-api,0.9198,prod,payments,2026-07-21T00:00:00Z,dd-org-main
Datadog,apm_fargate_task,checkout-api,0.8852,prod,payments,2026-07-21T01:00:00Z,dd-org-main
Datadog,apm_fargate_task,checkout-api,1.0224,prod,payments,2026-07-21T02:00:00Z,dd-org-main
Datadog,apm_fargate_task,checkout-api,0.8722,prod,payments,2026-07-21T03:00:00Z,dd-org-main
Datadog,apm_fargate_task,checkout-api,0.9480,prod,payments,2026-07-21T04:00:00Z,dd-org-main
Datadog,apm_fargate_task,checkout-api,0.9966,prod,payments,2026-07-21T05:00:00Z,dd-org-main
Datadog,apm_fargate_task,checkout-api,0.9058,prod,payments,2026-07-21T06:00:00Z,dd-org-main
Datadog,apm_fargate_task,checkout-api,1.0127,prod,payments,2026-07-21T07:00:00Z,dd-org-main
Datadog,apm_fargate_task,checkout-api,1.1685,prod,payments,2026-07-21T08:00:00Z,dd-org-main
Datadog,apm_fargate_task,checkout-api,1.2513,prod,payments,2026-07-21T09:00:00Z,dd-org-main
Datadog,apm_fargate_task,checkout-api,1.2260,prod,payments,2026-07-21T10:00:00Z,dd-org-main
Datadog,apm_fargate_task,checkout-api,1.3084,prod,payments,2026-07-21T11:00:00Z,dd-org-main
Datadog,apm_fargate_task,checkout-api,1.4474,prod,payments,2026-07-21T12:00:00Z,dd-org-main
Datadog,apm_fargate_task,checkout-api,1.5763,prod,payments,2026-07-21T13:00:00Z,dd-org-main
Datadog,apm_fargate_task,checkout-api,1.4162,prod,payments,2026-07-21T14:00:00Z,dd-org-main
Datadog,apm_fargate_task,checkout-api,1.4847,prod,payments,2026-07-21T15:00:00Z,dd-org-main
Datadog,apm_fargate_task,checkout-api,1.2035,prod,payments,2026-07-21T16:00:00Z,dd-org-main
Datadog,apm_fargate_task,checkout-api,1.0975,prod,payments,2026-07-21T17:00:00Z,dd-org-main
Datadog,apm_fargate_task,checkout-api,1.1058,prod,payments,2026-07-21T18:00:00Z,dd-org-main
Datadog,apm_fargate_task,checkout-api,0.9219,prod,payments,2026-07-21T19:00:00Z,dd-org-main
Datadog,apm_fargate_task,checkout-api,0.8736,prod,payments,2026-07-21T20:00:00Z,dd-org-main
Datadog,apm_fargate_task,checkout-api,0.9678,prod,payments,2026-07-21T21:00:00Z,dd-org-main
Datadog,apm_fargate_task,checkout-api,1.0139,prod,payments,2026-07-21T22:00:00Z,dd-org-main
Datadog,apm_fargate_task,checkout-api,0.8868,prod,payments,2026-07-21T23:00:00Z,dd-org-main
Datadog,apm_fargate_task,checkout-api,0.8634,prod,payments,2026-07-22T00:00:00Z,dd-org-main
Datadog,apm_fargate_task,checkout-api,0.8555,prod,payments,2026-07-22T01:00:00Z,dd-org-main
Datadog,apm_fargate_task,checkout-api,0.8856,prod,payments,2026-07-22T02:00:00Z,dd-org-main
Datadog,apm_fargate_task,checkout-api,0.8949,prod,payments,2026-07-22T03:00:00Z,dd-org-main
Datadog,apm_fargate_task,checkout-api,1.0261,prod,payments,2026-07-22T04:00:00Z,dd-org-main
Datadog,apm_fargate_task,checkout-api,1.0187,prod,payments,2026-07-22T05:00:00Z,dd-org-main
Datadog,apm_fargate_task,checkout-api,0.9238,prod,payments,2026-07-22T06:00:00Z,dd-org-main
Datadog,apm_fargate_task,checkout-api,0.9428,prod,payments,2026-07-22T07:00:00Z,dd-org-main
Datadog,apm_fargate_task,checkout-api,1.0446,prod,payments,2026-07-22T08:00:00Z,dd-org-main
Datadog,apm_fargate_task,checkout-api,1.2100,prod,payments,2026-07-22T09:00:00Z,dd-org-main
Datadog,apm_fargate_task,checkout-api,1.2471,prod,payments,2026-07-22T10:00:00Z,dd-org-main
Datadog,apm_fargate_task,checkout-api,1.3363,prod,payments,2026-07-22T11:00:00Z,dd-org-main
Datadog,apm_fargate_task,checkout-api,1.5108,prod,payments,2026-07-22T12:00:00Z,dd-org-main
Datadog,apm_fargate_task,checkout-api,1.4659,prod,payments,2026-07-22T13:00:00Z,dd-org-main
Datadog,apm_fargate_task,checkout-api,1.4503,prod,payments,2026-07-22T14:00:00Z,dd-org-main
Datadog,apm_fargate_task,checkout-api,1.5359,prod,payments,2026-07-22T15:00:00Z,dd-org-main
Datadog,apm_fargate_task,checkout-api,1.3378,prod,payments,2026-07-22T16:00:00Z,dd-org-main
Datadog,apm_fargate_task,checkout-api,1.1113,prod,payments,2026-07-22T17:00:00Z,dd-org-main
Datadog,apm_fargate_task,checkout-api,1.1747,prod,payments,2026-07-22T18:00:00Z,dd-org-main
Datadog,apm_fargate_task,checkout-api,0.9524,prod,payments,2026-07-22T19:00:00Z,dd-org-main
Datadog,apm_fargate_task,checkout-api,0.9792,prod,payments,2026-07-22T20:00:00Z,dd-org-main
Datadog,apm_fargate_task,checkout-api,0.8776,prod,payments,2026-07-22T21:00:00Z,dd-org-main
Datadog,apm_fargate_task,checkout-api,0.8830,prod,payments,2026-07-22T22:00:00Z,dd-org-main
Datadog,apm_fargate_task,checkout-api,0.9599,prod,payments,2026-07-22T23:00:00Z,dd-org-main
Datadog,apm_fargate_task,checkout-api,1.0409,prod,payments,2026-07-23T00:00:00Z,dd-org-main
Datadog,apm_fargate_task,checkout-api,0.9174,prod,payments,2026-07-23T01:00:00Z,dd-org-main
Datadog,apm_fargate_task,checkout-api,0.8996,prod,payments,2026-07-23T02:00:00Z,dd-org-main
Datadog,apm_fargate_task,checkout-api,0.8970,prod,payments,2026-07-23T03:00:00Z,dd-org-main
Datadog,apm_fargate_task,checkout-api,0.9468,prod,payments,2026-07-23T04:00:00Z,dd-org-main
Datadog,apm_fargate_task,checkout-api,0.9321,prod,payments,2026-07-23T05:00:00Z,dd-org-main
Datadog,apm_fargate_task,checkout-api,0.9199,prod,payments,2026-07-23T06:00:00Z,dd-org-main
Datadog,apm_fargate_task,checkout-api,0.9548,prod,payments,2026-07-23T07:00:00Z,dd-org-main
Datadog,apm_fargate_task,checkout-api,1.0774,prod,payments,2026-07-23T08:00:00Z,dd-org-main
Datadog,apm_fargate_task,checkout-api,1.1130,prod,payments,2026-07-23T09:00:00Z,dd-org-main
Datadog,apm_fargate_task,checkout-api,1.3272,prod,payments,2026-07-23T10:00:00Z,dd-org-main
Datadog,apm_fargate_task,checkout-api,1.4821,prod,payments,2026-07-23T11:00:00Z,dd-org-main
Datadog,apm_fargate_task,checkout-api,1.3592,prod,payments,2026-07-23T12:00:00Z,dd-org-main
Datadog,apm_fargate_task,checkout-api,1.3436,prod,payments,2026-07-23T13:00:00Z,dd-org-main
Datadog,apm_fargate_task,checkout-api,1.4029,prod,payments,2026-07-23T14:00:00Z,dd-org-main
Datadog,apm_fargate_task,checkout-api,1.3358,prod,payments,2026-07-23T15:00:00Z,dd-org-main
Datadog,apm_fargate_task,checkout-api,1.3206,prod,payments,2026-07-23T16:00:00Z,dd-org-main
Datadog,apm_fargate_task,checkout-api,1.3299,prod,payments,2026-07-23T17:00:00Z,dd-org-main
Datadog,apm_fargate_task,checkout-api,1.1797,prod,payments,2026-07-23T18:00:00Z,dd-org-main
Datadog,apm_fargate_task,checkout-api,0.9823,prod,payments,2026-07-23T19:00:00Z,dd-org-main
Datadog,apm_fargate_task,checkout-api,0.9415,prod,payments,2026-07-23T20:00:00Z,dd-org-main
Datadog,apm_fargate_task,checkout-api,0.9831,prod,payments,2026-07-23T21:00:00Z,dd-org-main
Datadog,apm_fargate_task,checkout-api,0.9036,prod,payments,2026-07-23T22:00:00Z,dd-org-main
Datadog,apm_fargate_task,checkout-api,1.0373,prod,payments,2026-07-23T23:00:00Z,dd-org-main
Datadog,apm_fargate_task,checkout-api,0.8997,prod,payments,2026-07-24T00:00:00Z,dd-org-main
Datadog,apm_fargate_task,checkout-api,0.9951,prod,payments,2026-07-24T01:00:00Z,dd-org-main
Datadog,apm_fargate_task,checkout-api,1.0196,prod,payments,2026-07-24T02:00:00Z,dd-org-main
Datadog,apm_fargate_task,checkout-api,0.9603,prod,payments,2026-07-24T03:00:00Z,dd-org-main
Datadog,apm_fargate_task,checkout-api,0.9791,prod,payments,2026-07-24T04:00:00Z,dd-org-main
Datadog,apm_fargate_task,checkout-api,0.9273,prod,payments,2026-07-24T05:00:00Z,dd-org-main
Datadog,apm_fargate_task,checkout-api,0.9874,prod,payments,2026-07-24T06:00:00Z,dd-org-main
Datadog,apm_fargate_task,checkout-api,0.9710,prod,payments,2026-07-24T07:00:00Z,dd-org-main
Datadog,apm_fargate_task,checkout-api,1.0428,prod,payments,2026-07-24T08:00:00Z,dd-org-main
Datadog,apm_fargate_task,checkout-api,1.2244,prod,payments,2026-07-24T09:00:00Z,dd-org-main
Datadog,apm_fargate_task,checkout-api,1.2652,prod,payments,2026-07-24T10:00:00Z,dd-org-main
Datadog,apm_fargate_task,checkout-api,1.3872,prod,payments,2026-07-24T11:00:00Z,dd-org-main
Datadog,apm_fargate_task,checkout-api,1.4660,prod,payments,2026-07-24T12:00:00Z,dd-org-main
Datadog,apm_fargate_task,checkout-api,1.3869,prod,payments,2026-07-24T13:00:00Z,dd-org-main
Datadog,apm_fargate_task,checkout-api,1.4764,prod,payments,2026-07-24T14:00:00Z,dd-org-main
Datadog,apm_fargate_task,checkout-api,1.3775,prod,payments,2026-07-24T15:00:00Z,dd-org-main
Datadog,apm_fargate_task,checkout-api,1.2777,prod,payments,2026-07-24T16:00:00Z,dd-org-main
Datadog,apm_fargate_task,checkout-api,1.2023,prod,payments,2026-07-24T17:00:00Z,dd-org-main
Datadog,apm_fargate_task,checkout-api,1.0651,prod,payments,2026-07-24T18:00:00Z,dd-org-main
Datadog,apm_fargate_task,checkout-api,0.9149,prod,payments,2026-07-24T19:00:00Z,dd-org-main
Datadog,apm_fargate_task,checkout-api,1.0187,prod,payments,2026-07-24T20:00:00Z,dd-org-main
Datadog,apm_fargate_task,checkout-api,0.8764,prod,payments,2026-07-24T21:00:00Z,dd-org-main
Datadog,apm_fargate_task,checkout-api,0.9513,prod,payments,2026-07-24T22:00:00Z,dd-org-main
Datadog,apm_fargate_task,checkout-api,1.0270,prod,payments,2026-07-24T23:00:00Z,dd-org-main
Datadog,apm_fargate_task,checkout-api,0.6970,prod,payments,2026-07-25T00:00:00Z,dd-org-main
Datadog,apm_fargate_task,checkout-api,0.6694,prod,payments,2026-07-25T01:00:00Z,dd-org-main
Datadog,apm_fargate_task,checkout-api,0.6195,prod,payments,2026-07-25T02:00:00Z,dd-org-main
Datadog,apm_fargate_task,checkout-api,0.6836,prod,payments,2026-07-25T03:00:00Z,dd-org-main
Datadog,apm_fargate_task,checkout-api,0.6247,prod,payments,2026-07-25T04:00:00Z,dd-org-main
Datadog,apm_fargate_task,checkout-api,0.6327,prod,payments,2026-07-25T05:00:00Z,dd-org-main
Datadog,apm_fargate_task,checkout-api,0.7192,prod,payments,2026-07-25T06:00:00Z,dd-org-main
Datadog,apm_fargate_task,checkout-api,0.6378,prod,payments,2026-07-25T07:00:00Z,dd-org-main
Datadog,apm_fargate_task,checkout-api,0.7829,prod,payments,2026-07-25T08:00:00Z,dd-org-main
Datadog,apm_fargate_task,checkout-api,0.8488,prod,payments,2026-07-25T09:00:00Z,dd-org-main
Datadog,apm_fargate_task,checkout-api,0.9945,prod,payments,2026-07-25T10:00:00Z,dd-org-main
Datadog,apm_fargate_task,checkout-api,1.0184,prod,payments,2026-07-25T11:00:00Z,dd-org-main
Datadog,apm_fargate_task,checkout-api,1.0407,prod,payments,2026-07-25T12:00:00Z,dd-org-main
Datadog,apm_fargate_task,checkout-api,1.1234,prod,payments,2026-07-25T13:00:00Z,dd-org-main
Datadog,apm_fargate_task,checkout-api,1.0674,prod,payments,2026-07-25T14:00:00Z,dd-org-main
Datadog,apm_fargate_task,checkout-api,0.9818,prod,payments,2026-07-25T15:00:00Z,dd-org-main
Datadog,apm_fargate_task,checkout-api,0.9008,prod,payments,2026-07-25T16:00:00Z,dd-org-main
Datadog,apm_fargate_task,checkout-api,0.9040,prod,payments,2026-07-25T17:00:00Z,dd-org-main
Datadog,apm_fargate_task,checkout-api,0.8458,prod,payments,2026-07-25T18:00:00Z,dd-org-main
Datadog,apm_fargate_task,checkout-api,0.7391,prod,payments,2026-07-25T19:00:00Z,dd-org-main
Datadog,apm_fargate_task,checkout-api,0.7167,prod,payments,2026-07-25T20:00:00Z,dd-org-main
Datadog,apm_fargate_task,checkout-api,0.7210,prod,payments,2026-07-25T21:00:00Z,dd-org-main
Datadog,apm_fargate_task,checkout-api,0.6993,prod,payments,2026-07-25T22:00:00Z,dd-org-main
Datadog,apm_fargate_task,checkout-api,0.6375,prod,payments,2026-07-25T23:00:00Z,dd-org-main
Datadog,apm_fargate_task,checkout-api,0.6371,prod,payments,2026-07-26T00:00:00Z,dd-org-main
Datadog,apm_fargate_task,checkout-api,0.6287,prod,payments,2026-07-26T01:00:00Z,dd-org-main
Datadog,apm_fargate_task,checkout-api,0.7361,prod,payments,2026-07-26T02:00:00Z,dd-org-main
Datadog,apm_fargate_task,checkout-api,0.7092,prod,payments,2026-07-26T03:00:00Z,dd-org-main
Datadog,apm_fargate_task,checkout-api,0.6779,prod,payments,2026-07-26T04:00:00Z,dd-org-main
Datadog,apm_fargate_task,checkout-api,0.6866,prod,payments,2026-07-26T05:00:00Z,dd-org-main
Datadog,apm_fargate_task,checkout-api,0.6515,prod,payments,2026-07-26T06:00:00Z,dd-org-main
Datadog,apm_fargate_task,checkout-api,0.6944,prod,payments,2026-07-26T07:00:00Z,dd-org-main
Datadog,apm_fargate_task,checkout-api,0.8373,prod,payments,2026-07-26T08:00:00Z,dd-org-main
Datadog,apm_fargate_task,checkout-api,0.8390,prod,payments,2026-07-26T09:00:00Z,dd-org-main
Datadog,apm_fargate_task,checkout-api,0.9346,prod,payments,2026-07-26T10:00:00Z,dd-org-main
Datadog,apm_fargate_task,checkout-api,1.1114,prod,payments,2026-07-26T11:00:00Z,dd-org-main
Datadog,apm_fargate_task,checkout-api,1.1284,prod,payments,2026-07-26T12:00:00Z,dd-org-main
Datadog,apm_fargate_task,checkout-api,1.1123,prod,payments,2026-07-26T13:00:00Z,dd-org-main
Datadog,apm_fargate_task,checkout-api,0.9472,prod,payments,2026-07-26T14:00:00Z,dd-org-main
Datadog,apm_fargate_task,checkout-api,1.0169,prod,payments,2026-07-26T15:00:00Z,dd-org-main
MongoDB,atlas_cluster,checkout-api,2.4711,prod,payments,2026-07-12T16:00:00Z,atlas-org-payments
MongoDB,atlas_cluster,checkout-api,2.1587,prod,payments,2026-07-12T17:00:00Z,atlas-org-payments
MongoDB,atlas_cluster,checkout-api,2.1006,prod,payments,2026-07-12T18:00:00Z,atlas-org-payments
MongoDB,atlas_cluster,checkout-api,2.0768,prod,payments,2026-07-12T19:00:00Z,atlas-org-payments
MongoDB,atlas_cluster,checkout-api,2.2463,prod,payments,2026-07-12T20:00:00Z,atlas-org-payments
MongoDB,atlas_cluster,checkout-api,2.1800,prod,payments,2026-07-12T21:00:00Z,atlas-org-payments
MongoDB,atlas_cluster,checkout-api,2.4330,prod,payments,2026-07-12T22:00:00Z,atlas-org-payments
MongoDB,atlas_cluster,checkout-api,2.4425,prod,payments,2026-07-12T23:00:00Z,atlas-org-payments
MongoDB,atlas_cluster,checkout-api,2.4502,prod,payments,2026-07-13T00:00:00Z,atlas-org-payments
MongoDB,atlas_cluster,checkout-api,2.1870,prod,payments,2026-07-13T01:00:00Z,atlas-org-payments
MongoDB,atlas_cluster,checkout-api,2.6083,prod,payments,2026-07-13T02:00:00Z,atlas-org-payments
MongoDB,atlas_cluster,checkout-api,2.3217,prod,payments,2026-07-13T03:00:00Z,atlas-org-payments
MongoDB,atlas_cluster,checkout-api,2.4525,prod,payments,2026-07-13T04:00:00Z,atlas-org-payments
MongoDB,atlas_cluster,checkout-api,2.3192,prod,payments,2026-07-13T05:00:00Z,atlas-org-payments
MongoDB,atlas_cluster,checkout-api,2.3916,prod,payments,2026-07-13T06:00:00Z,atlas-org-payments
MongoDB,atlas_cluster,checkout-api,2.5418,prod,payments,2026-07-13T07:00:00Z,atlas-org-payments
MongoDB,atlas_cluster,checkout-api,2.5112,prod,payments,2026-07-13T08:00:00Z,atlas-org-payments
MongoDB,atlas_cluster,checkout-api,2.5676,prod,payments,2026-07-13T09:00:00Z,atlas-org-payments
MongoDB,atlas_cluster,checkout-api,2.3118,prod,payments,2026-07-13T10:00:00Z,atlas-org-payments
MongoDB,atlas_cluster,checkout-api,2.2466,prod,payments,2026-07-13T11:00:00Z,atlas-org-payments
MongoDB,atlas_cluster,checkout-api,2.2091,prod,payments,2026-07-13T12:00:00Z,atlas-org-payments
MongoDB,atlas_cluster,checkout-api,2.3966,prod,payments,2026-07-13T13:00:00Z,atlas-org-payments
MongoDB,atlas_cluster,checkout-api,2.2631,prod,payments,2026-07-13T14:00:00Z,atlas-org-payments
MongoDB,atlas_cluster,checkout-api,2.5324,prod,payments,2026-07-13T15:00:00Z,atlas-org-payments
MongoDB,atlas_cluster,checkout-api,2.4451,prod,payments,2026-07-13T16:00:00Z,atlas-org-payments
MongoDB,atlas_cluster,checkout-api,2.4686,prod,payments,2026-07-13T17:00:00Z,atlas-org-payments
MongoDB,atlas_cluster,checkout-api,2.6264,prod,payments,2026-07-13T18:00:00Z,atlas-org-payments
MongoDB,atlas_cluster,checkout-api,2.4838,prod,payments,2026-07-13T19:00:00Z,atlas-org-payments
MongoDB,atlas_cluster,checkout-api,2.5350,prod,payments,2026-07-13T20:00:00Z,atlas-org-payments
MongoDB,atlas_cluster,checkout-api,2.3159,prod,payments,2026-07-13T21:00:00Z,atlas-org-payments
MongoDB,atlas_cluster,checkout-api,2.2541,prod,payments,2026-07-13T22:00:00Z,atlas-org-payments
MongoDB,atlas_cluster,checkout-api,2.2034,prod,payments,2026-07-13T23:00:00Z,atlas-org-payments
MongoDB,atlas_cluster,checkout-api,2.1872,prod,payments,2026-07-14T00:00:00Z,atlas-org-payments
MongoDB,atlas_cluster,checkout-api,2.5511,prod,payments,2026-07-14T01:00:00Z,atlas-org-payments
MongoDB,atlas_cluster,checkout-api,2.2078,prod,payments,2026-07-14T02:00:00Z,atlas-org-payments
MongoDB,atlas_cluster,checkout-api,2.1987,prod,payments,2026-07-14T03:00:00Z,atlas-org-payments
MongoDB,atlas_cluster,checkout-api,2.2147,prod,payments,2026-07-14T04:00:00Z,atlas-org-payments
MongoDB,atlas_cluster,checkout-api,2.3165,prod,payments,2026-07-14T05:00:00Z,atlas-org-payments
MongoDB,atlas_cluster,checkout-api,2.4144,prod,payments,2026-07-14T06:00:00Z,atlas-org-payments
MongoDB,atlas_cluster,checkout-api,2.3956,prod,payments,2026-07-14T07:00:00Z,atlas-org-payments
MongoDB,atlas_cluster,checkout-api,2.2242,prod,payments,2026-07-14T08:00:00Z,atlas-org-payments
MongoDB,atlas_cluster,checkout-api,2.5349,prod,payments,2026-07-14T09:00:00Z,atlas-org-payments
MongoDB,atlas_cluster,checkout-api,2.6432,prod,payments,2026-07-14T10:00:00Z,atlas-org-payments
MongoDB,atlas_cluster,checkout-api,2.4094,prod,payments,2026-07-14T11:00:00Z,atlas-org-payments
MongoDB,atlas_cluster,checkout-api,2.4056,prod,payments,2026-07-14T12:00:00Z,atlas-org-payments
MongoDB,atlas_cluster,checkout-api,2.3592,prod,payments,2026-07-14T13:00:00Z,atlas-org-payments
MongoDB,atlas_cluster,checkout-api,2.2186,prod,payments,2026-07-14T14:00:00Z,atlas-org-payments
MongoDB,atlas_cluster,checkout-api,2.6558,prod,payments,2026-07-14T15:00:00Z,atlas-org-payments
MongoDB,atlas_cluster,checkout-api,2.4752,prod,payments,2026-07-14T16:00:00Z,atlas-org-payments
MongoDB,atlas_cluster,checkout-api,2.2356,prod,payments,2026-07-14T17:00:00Z,atlas-org-payments
MongoDB,atlas_cluster,checkout-api,2.2730,prod,payments,2026-07-14T18:00:00Z,atlas-org-payments
MongoDB,atlas_cluster,checkout-api,2.2334,prod,payments,2026-07-14T19:00:00Z,atlas-org-payments
MongoDB,atlas_cluster,checkout-api,2.2115,prod,payments,2026-07-14T20:00:00Z,atlas-org-payments
MongoDB,atlas_cluster,checkout-api,2.2874,prod,payments,2026-07-14T21:00:00Z,atlas-org-payments
MongoDB,atlas_cluster,checkout-api,2.5498,prod,payments,2026-07-14T22:00:00Z,atlas-org-payments
MongoDB,atlas_cluster,checkout-api,2.5441,prod,payments,2026-07-14T23:00:00Z,atlas-org-payments
MongoDB,atlas_cluster,checkout-api,2.3814,prod,payments,2026-07-15T00:00:00Z,atlas-org-payments
MongoDB,atlas_cluster,checkout-api,2.2970,prod,payments,2026-07-15T01:00:00Z,atlas-org-payments
MongoDB,atlas_cluster,checkout-api,2.3922,prod,payments,2026-07-15T02:00:00Z,atlas-org-payments
MongoDB,atlas_cluster,checkout-api,2.5626,prod,payments,2026-07-15T03:00:00Z,atlas-org-payments
MongoDB,atlas_cluster,checkout-api,2.2514,prod,payments,2026-07-15T04:00:00Z,atlas-org-payments
MongoDB,atlas_cluster,checkout-api,2.2749,prod,payments,2026-07-15T05:00:00Z,atlas-org-payments
MongoDB,atlas_cluster,checkout-api,2.4109,prod,payments,2026-07-15T06:00:00Z,atlas-org-payments
MongoDB,atlas_cluster,checkout-api,2.6558,prod,payments,2026-07-15T07:00:00Z,atlas-org-payments
MongoDB,atlas_cluster,checkout-api,2.3918,prod,payments,2026-07-15T08:00:00Z,atlas-org-payments
MongoDB,atlas_cluster,checkout-api,2.2273,prod,payments,2026-07-15T09:00:00Z,atlas-org-payments
MongoDB,atlas_cluster,checkout-api,2.2441,prod,payments,2026-07-15T10:00:00Z,atlas-org-payments
MongoDB,atlas_cluster,checkout-api,2.6661,prod,payments,2026-07-15T11:00:00Z,atlas-org-payments
MongoDB,atlas_cluster,checkout-api,2.4788,prod,payments,2026-07-15T12:00:00Z,atlas-org-payments
MongoDB,atlas_cluster,checkout-api,2.6819,prod,payments,2026-07-15T13:00:00Z,atlas-org-payments
MongoDB,atlas_cluster,checkout-api,2.4200,prod,payments,2026-07-15T14:00:00Z,atlas-org-payments
MongoDB,atlas_cluster,checkout-api,2.3998,prod,payments,2026-07-15T15:00:00Z,atlas-org-payments
MongoDB,atlas_cluster,checkout-api,2.4152,prod,payments,2026-07-15T16:00:00Z,atlas-org-payments
MongoDB,atlas_cluster,checkout-api,2.2622,prod,payments,2026-07-15T17:00:00Z,atlas-org-payments
MongoDB,atlas_cluster,checkout-api,2.6035,prod,payments,2026-07-15T18:00:00Z,atlas-org-payments
MongoDB,atlas_cluster,checkout-api,2.5412,prod,payments,2026-07-15T19:00:00Z,atlas-org-payments
MongoDB,atlas_cluster,checkout-api,2.3002,prod,payments,2026-07-15T20:00:00Z,atlas-org-payments
MongoDB,atlas_cluster,checkout-api,2.6614,prod,payments,2026-07-15T21:00:00Z,atlas-org-payments
MongoDB,atlas_cluster,checkout-api,2.6732,prod,payments,2026-07-15T22:00:00Z,atlas-org-payments
MongoDB,atlas_cluster,checkout-api,2.5105,prod,payments,2026-07-15T23:00:00Z,atlas-org-payments
MongoDB,atlas_cluster,checkout-api,2.4228,prod,payments,2026-07-16T00:00:00Z,atlas-org-payments
MongoDB,atlas_cluster,checkout-api,2.3483,prod,payments,2026-07-16T01:00:00Z,atlas-org-payments
MongoDB,atlas_cluster,checkout-api,2.5555,prod,payments,2026-07-16T02:00:00Z,atlas-org-payments
MongoDB,atlas_cluster,checkout-api,2.3165,prod,payments,2026-07-16T03:00:00Z,atlas-org-payments
MongoDB,atlas_cluster,checkout-api,2.3029,prod,payments,2026-07-16T04:00:00Z,atlas-org-payments
MongoDB,atlas_cluster,checkout-api,2.5381,prod,payments,2026-07-16T05:00:00Z,atlas-org-payments
MongoDB,atlas_cluster,checkout-api,2.6675,prod,payments,2026-07-16T06:00:00Z,atlas-org-payments
MongoDB,atlas_cluster,checkout-api,2.3986,prod,payments,2026-07-16T07:00:00Z,atlas-org-payments
MongoDB,atlas_cluster,checkout-api,2.6736,prod,payments,2026-07-16T08:00:00Z,atlas-org-payments
MongoDB,atlas_cluster,checkout-api,2.2995,prod,payments,2026-07-16T09:00:00Z,atlas-org-payments
MongoDB,atlas_cluster,checkout-api,2.6570,prod,payments,2026-07-16T10:00:00Z,atlas-org-payments
MongoDB,atlas_cluster,checkout-api,2.3894,prod,payments,2026-07-16T11:00:00Z,atlas-org-payments
MongoDB,atlas_cluster,checkout-api,2.4079,prod,payments,2026-07-16T12:00:00Z,atlas-org-payments
MongoDB,atlas_cluster,checkout-api,2.4076,prod,payments,2026-07-16T13:00:00Z,atlas-org-payments
MongoDB,atlas_cluster,checkout-api,2.3902,prod,payments,2026-07-16T14:00:00Z,atlas-org-payments
MongoDB,atlas_cluster,checkout-api,2.4627,prod,payments,2026-07-16T15:00:00Z,atlas-org-payments
MongoDB,atlas_cluster,checkout-api,2.7116,prod,payments,2026-07-16T16:00:00Z,atlas-org-payments
MongoDB,atlas_cluster,checkout-api,2.6076,prod,payments,2026-07-16T17:00:00Z,atlas-org-payments
MongoDB,atlas_cluster,checkout-api,2.4535,prod,payments,2026-07-16T18:00:00Z,atlas-org-payments
MongoDB,atlas_cluster,checkout-api,2.2508,prod,payments,2026-07-16T19:00:00Z,atlas-org-payments
MongoDB,atlas_cluster,checkout-api,2.3040,prod,payments,2026-07-16T20:00:00Z,atlas-org-payments
MongoDB,atlas_cluster,checkout-api,2.2757,prod,payments,2026-07-16T21:00:00Z,atlas-org-payments
MongoDB,atlas_cluster,checkout-api,2.6255,prod,payments,2026-07-16T22:00:00Z,atlas-org-payments
MongoDB,atlas_cluster,checkout-api,2.4836,prod,payments,2026-07-16T23:00:00Z,atlas-org-payments
MongoDB,atlas_cluster,checkout-api,2.2437,prod,payments,2026-07-17T00:00:00Z,atlas-org-payments
MongoDB,atlas_cluster,checkout-api,2.6075,prod,payments,2026-07-17T01:00:00Z,atlas-org-payments
MongoDB,atlas_cluster,checkout-api,2.5991,prod,payments,2026-07-17T02:00:00Z,atlas-org-payments
MongoDB,atlas_cluster,checkout-api,2.5952,prod,payments,2026-07-17T03:00:00Z,atlas-org-payments
MongoDB,atlas_cluster,checkout-api,2.4617,prod,payments,2026-07-17T04:00:00Z,atlas-org-payments
MongoDB,atlas_cluster,checkout-api,2.5525,prod,payments,2026-07-17T05:00:00Z,atlas-org-payments
MongoDB,atlas_cluster,checkout-api,2.5912,prod,payments,2026-07-17T06:00:00Z,atlas-org-payments
MongoDB,atlas_cluster,checkout-api,2.6656,prod,payments,2026-07-17T07:00:00Z,atlas-org-payments
MongoDB,atlas_cluster,checkout-api,2.3148,prod,payments,2026-07-17T08:00:00Z,atlas-org-payments
MongoDB,atlas_cluster,checkout-api,2.6244,prod,payments,2026-07-17T09:00:00Z,atlas-org-payments
MongoDB,atlas_cluster,checkout-api,2.4424,prod,payments,2026-07-17T10:00:00Z,atlas-org-payments
MongoDB,atlas_cluster,checkout-api,2.4827,prod,payments,2026-07-17T11:00:00Z,atlas-org-payments
MongoDB,atlas_cluster,checkout-api,2.7089,prod,payments,2026-07-17T12:00:00Z,atlas-org-payments
MongoDB,atlas_cluster,checkout-api,2.6174,prod,payments,2026-07-17T13:00:00Z,atlas-org-payments
MongoDB,atlas_cluster,checkout-api,2.5080,prod,payments,2026-07-17T14:00:00Z,atlas-org-payments
MongoDB,atlas_cluster,checkout-api,2.3231,prod,payments,2026-07-17T15:00:00Z,atlas-org-payments
MongoDB,atlas_cluster,checkout-api,2.4716,prod,payments,2026-07-17T16:00:00Z,atlas-org-payments
MongoDB,atlas_cluster,checkout-api,2.3251,prod,payments,2026-07-17T17:00:00Z,atlas-org-payments
MongoDB,atlas_cluster,checkout-api,2.6876,prod,payments,2026-07-17T18:00:00Z,atlas-org-payments
MongoDB,atlas_cluster,checkout-api,2.7238,prod,payments,2026-07-17T19:00:00Z,atlas-org-payments
MongoDB,atlas_cluster,checkout-api,2.5301,prod,payments,2026-07-17T20:00:00Z,atlas-org-payments
MongoDB,atlas_cluster,checkout-api,2.7230,prod,payments,2026-07-17T21:00:00Z,atlas-org-payments
MongoDB,atlas_cluster,checkout-api,2.3821,prod,payments,2026-07-17T22:00:00Z,atlas-org-payments
MongoDB,atlas_cluster,checkout-api,2.3333,prod,payments,2026-07-17T23:00:00Z,atlas-org-payments
MongoDB,atlas_cluster,checkout-api,2.4768,prod,payments,2026-07-18T00:00:00Z,atlas-org-payments
MongoDB,atlas_cluster,checkout-api,2.3997,prod,payments,2026-07-18T01:00:00Z,atlas-org-payments
MongoDB,atlas_cluster,checkout-api,2.1811,prod,payments,2026-07-18T02:00:00Z,atlas-org-payments
MongoDB,atlas_cluster,checkout-api,2.2089,prod,payments,2026-07-18T03:00:00Z,atlas-org-payments
MongoDB,atlas_cluster,checkout-api,2.3893,prod,payments,2026-07-18T04:00:00Z,atlas-org-payments
MongoDB,atlas_cluster,checkout-api,2.2034,prod,payments,2026-07-18T05:00:00Z,atlas-org-payments
MongoDB,atlas_cluster,checkout-api,2.6061,prod,payments,2026-07-18T06:00:00Z,atlas-org-payments
MongoDB,atlas_cluster,checkout-api,2.5904,prod,payments,2026-07-18T07:00:00Z,atlas-org-payments
MongoDB,atlas_cluster,checkout-api,2.3872,prod,payments,2026-07-18T08:00:00Z,atlas-org-payments
MongoDB,atlas_cluster,checkout-api,2.2775,prod,payments,2026-07-18T09:00:00Z,atlas-org-payments
MongoDB,atlas_cluster,checkout-api,2.3550,prod,payments,2026-07-18T10:00:00Z,atlas-org-payments
MongoDB,atlas_cluster,checkout-api,2.3485,prod,payments,2026-07-18T11:00:00Z,atlas-org-payments
MongoDB,atlas_cluster,checkout-api,2.2530,prod,payments,2026-07-18T12:00:00Z,atlas-org-payments
MongoDB,atlas_cluster,checkout-api,2.2672,prod,payments,2026-07-18T13:00:00Z,atlas-org-payments
MongoDB,atlas_cluster,checkout-api,2.2742,prod,payments,2026-07-18T14:00:00Z,atlas-org-payments
MongoDB,atlas_cluster,checkout-api,2.1847,prod,payments,2026-07-18T15:00:00Z,atlas-org-payments
MongoDB,atlas_cluster,checkout-api,2.6231,prod,payments,2026-07-18T16:00:00Z,atlas-org-payments
MongoDB,atlas_cluster,checkout-api,2.2152,prod,payments,2026-07-18T17:00:00Z,atlas-org-payments
MongoDB,atlas_cluster,checkout-api,2.3754,prod,payments,2026-07-18T18:00:00Z,atlas-org-payments
MongoDB,atlas_cluster,checkout-api,2.1849,prod,payments,2026-07-18T19:00:00Z,atlas-org-payments
MongoDB,atlas_cluster,checkout-api,2.2307,prod,payments,2026-07-18T20:00:00Z,atlas-org-payments
MongoDB,atlas_cluster,checkout-api,2.5933,prod,payments,2026-07-18T21:00:00Z,atlas-org-payments
MongoDB,atlas_cluster,checkout-api,2.3552,prod,payments,2026-07-18T22:00:00Z,atlas-org-payments
MongoDB,atlas_cluster,checkout-api,2.4071,prod,payments,2026-07-18T23:00:00Z,atlas-org-payments
MongoDB,atlas_cluster,checkout-api,2.4664,prod,payments,2026-07-19T00:00:00Z,atlas-org-payments
MongoDB,atlas_cluster,checkout-api,2.5986,prod,payments,2026-07-19T01:00:00Z,atlas-org-payments
MongoDB,atlas_cluster,checkout-api,2.3445,prod,payments,2026-07-19T02:00:00Z,atlas-org-payments
MongoDB,atlas_cluster,checkout-api,2.5060,prod,payments,2026-07-19T03:00:00Z,atlas-org-payments
MongoDB,atlas_cluster,checkout-api,2.4128,prod,payments,2026-07-19T04:00:00Z,atlas-org-payments
MongoDB,atlas_cluster,checkout-api,2.3623,prod,payments,2026-07-19T05:00:00Z,atlas-org-payments
MongoDB,atlas_cluster,checkout-api,2.1741,prod,payments,2026-07-19T06:00:00Z,atlas-org-payments
MongoDB,atlas_cluster,checkout-api,2.2925,prod,payments,2026-07-19T07:00:00Z,atlas-org-payments
MongoDB,atlas_cluster,checkout-api,2.2068,prod,payments,2026-07-19T08:00:00Z,atlas-org-payments
MongoDB,atlas_cluster,checkout-api,2.5911,prod,payments,2026-07-19T09:00:00Z,atlas-org-payments
MongoDB,atlas_cluster,checkout-api,2.5228,prod,payments,2026-07-19T10:00:00Z,atlas-org-payments
MongoDB,atlas_cluster,checkout-api,2.5149,prod,payments,2026-07-19T11:00:00Z,atlas-org-payments
MongoDB,atlas_cluster,checkout-api,2.3932,prod,payments,2026-07-19T12:00:00Z,atlas-org-payments
MongoDB,atlas_cluster,checkout-api,2.2778,prod,payments,2026-07-19T13:00:00Z,atlas-org-payments
MongoDB,atlas_cluster,checkout-api,2.2966,prod,payments,2026-07-19T14:00:00Z,atlas-org-payments
MongoDB,atlas_cluster,checkout-api,2.4238,prod,payments,2026-07-19T15:00:00Z,atlas-org-payments
MongoDB,atlas_cluster,checkout-api,2.5278,prod,payments,2026-07-19T16:00:00Z,atlas-org-payments
MongoDB,atlas_cluster,checkout-api,2.2559,prod,payments,2026-07-19T17:00:00Z,atlas-org-payments
MongoDB,atlas_cluster,checkout-api,2.6211,prod,payments,2026-07-19T18:00:00Z,atlas-org-payments
MongoDB,atlas_cluster,checkout-api,2.6167,prod,payments,2026-07-19T19:00:00Z,atlas-org-payments
MongoDB,atlas_cluster,checkout-api,2.1893,prod,payments,2026-07-19T20:00:00Z,atlas-org-payments
MongoDB,atlas_cluster,checkout-api,2.3324,prod,payments,2026-07-19T21:00:00Z,atlas-org-payments
MongoDB,atlas_cluster,checkout-api,2.5881,prod,payments,2026-07-19T22:00:00Z,atlas-org-payments
MongoDB,atlas_cluster,checkout-api,2.4271,prod,payments,2026-07-19T23:00:00Z,atlas-org-payments
MongoDB,atlas_cluster,checkout-api,2.3962,prod,payments,2026-07-20T00:00:00Z,atlas-org-payments
MongoDB,atlas_cluster,checkout-api,2.2970,prod,payments,2026-07-20T01:00:00Z,atlas-org-payments
MongoDB,atlas_cluster,checkout-api,2.6919,prod,payments,2026-07-20T02:00:00Z,atlas-org-payments
MongoDB,atlas_cluster,checkout-api,2.7650,prod,payments,2026-07-20T03:00:00Z,atlas-org-payments
MongoDB,atlas_cluster,checkout-api,2.6666,prod,payments,2026-07-20T04:00:00Z,atlas-org-payments
MongoDB,atlas_cluster,checkout-api,2.3747,prod,payments,2026-07-20T05:00:00Z,atlas-org-payments
MongoDB,atlas_cluster,checkout-api,2.4350,prod,payments,2026-07-20T06:00:00Z,atlas-org-payments
MongoDB,atlas_cluster,checkout-api,2.4438,prod,payments,2026-07-20T07:00:00Z,atlas-org-payments
MongoDB,atlas_cluster,checkout-api,2.3871,prod,payments,2026-07-20T08:00:00Z,atlas-org-payments
MongoDB,atlas_cluster,checkout-api,2.4163,prod,payments,2026-07-20T09:00:00Z,atlas-org-payments
MongoDB,atlas_cluster,checkout-api,2.7847,prod,payments,2026-07-20T10:00:00Z,atlas-org-payments
MongoDB,atlas_cluster,checkout-api,2.3294,prod,payments,2026-07-20T11:00:00Z,atlas-org-payments
MongoDB,atlas_cluster,checkout-api,2.4668,prod,payments,2026-07-20T12:00:00Z,atlas-org-payments
MongoDB,atlas_cluster,checkout-api,2.3469,prod,payments,2026-07-20T13:00:00Z,atlas-org-payments
MongoDB,atlas_cluster,checkout-api,2.3760,prod,payments,2026-07-20T14:00:00Z,atlas-org-payments
MongoDB,atlas_cluster,checkout-api,2.3810,prod,payments,2026-07-20T15:00:00Z,atlas-org-payments
MongoDB,atlas_cluster,checkout-api,2.4197,prod,payments,2026-07-20T16:00:00Z,atlas-org-payments
MongoDB,atlas_cluster,checkout-api,2.7920,prod,payments,2026-07-20T17:00:00Z,atlas-org-payments
MongoDB,atlas_cluster,checkout-api,2.4307,prod,payments,2026-07-20T18:00:00Z,atlas-org-payments
MongoDB,atlas_cluster,checkout-api,2.4620,prod,payments,2026-07-20T19:00:00Z,atlas-org-payments
MongoDB,atlas_cluster,checkout-api,2.6696,prod,payments,2026-07-20T20:00:00Z,atlas-org-payments
MongoDB,atlas_cluster,checkout-api,2.4049,prod,payments,2026-07-20T21:00:00Z,atlas-org-payments
MongoDB,atlas_cluster,checkout-api,2.7541,prod,payments,2026-07-20T22:00:00Z,atlas-org-payments
MongoDB,atlas_cluster,checkout-api,2.5671,prod,payments,2026-07-20T23:00:00Z,atlas-org-payments
MongoDB,atlas_cluster,checkout-api,2.6542,prod,payments,2026-07-21T00:00:00Z,atlas-org-payments
MongoDB,atlas_cluster,checkout-api,2.3655,prod,payments,2026-07-21T01:00:00Z,atlas-org-payments
MongoDB,atlas_cluster,checkout-api,2.7536,prod,payments,2026-07-21T02:00:00Z,atlas-org-payments
MongoDB,atlas_cluster,checkout-api,2.5575,prod,payments,2026-07-21T03:00:00Z,atlas-org-payments
MongoDB,atlas_cluster,checkout-api,2.3765,prod,payments,2026-07-21T04:00:00Z,atlas-org-payments
MongoDB,atlas_cluster,checkout-api,2.7031,prod,payments,2026-07-21T05:00:00Z,atlas-org-payments
MongoDB,atlas_cluster,checkout-api,2.6318,prod,payments,2026-07-21T06:00:00Z,atlas-org-payments
MongoDB,atlas_cluster,checkout-api,2.3361,prod,payments,2026-07-21T07:00:00Z,atlas-org-payments
MongoDB,atlas_cluster,checkout-api,2.3418,prod,payments,2026-07-21T08:00:00Z,atlas-org-payments
MongoDB,atlas_cluster,checkout-api,2.3434,prod,payments,2026-07-21T09:00:00Z,atlas-org-payments
MongoDB,atlas_cluster,checkout-api,2.8060,prod,payments,2026-07-21T10:00:00Z,atlas-org-payments
MongoDB,atlas_cluster,checkout-api,2.6527,prod,payments,2026-07-21T11:00:00Z,atlas-org-payments
MongoDB,atlas_cluster,checkout-api,2.4881,prod,payments,2026-07-21T12:00:00Z,atlas-org-payments
MongoDB,atlas_cluster,checkout-api,2.6806,prod,payments,2026-07-21T13:00:00Z,atlas-org-payments
MongoDB,atlas_cluster,checkout-api,2.3849,prod,payments,2026-07-21T14:00:00Z,atlas-org-payments
MongoDB,atlas_cluster,checkout-api,2.4585,prod,payments,2026-07-21T15:00:00Z,atlas-org-payments
MongoDB,atlas_cluster,checkout-api,2.3762,prod,payments,2026-07-21T16:00:00Z,atlas-org-payments
MongoDB,atlas_cluster,checkout-api,2.7448,prod,payments,2026-07-21T17:00:00Z,atlas-org-payments
MongoDB,atlas_cluster,checkout-api,2.4810,prod,payments,2026-07-21T18:00:00Z,atlas-org-payments
MongoDB,atlas_cluster,checkout-api,2.4721,prod,payments,2026-07-21T19:00:00Z,atlas-org-payments
MongoDB,atlas_cluster,checkout-api,2.6739,prod,payments,2026-07-21T20:00:00Z,atlas-org-payments
MongoDB,atlas_cluster,checkout-api,2.5517,prod,payments,2026-07-21T21:00:00Z,atlas-org-payments
MongoDB,atlas_cluster,checkout-api,2.4939,prod,payments,2026-07-21T22:00:00Z,atlas-org-payments
MongoDB,atlas_cluster,checkout-api,2.3834,prod,payments,2026-07-21T23:00:00Z,atlas-org-payments
MongoDB,atlas_cluster,checkout-api,2.6357,prod,payments,2026-07-22T00:00:00Z,atlas-org-payments
MongoDB,atlas_cluster,checkout-api,2.6254,prod,payments,2026-07-22T01:00:00Z,atlas-org-payments
MongoDB,atlas_cluster,checkout-api,2.6815,prod,payments,2026-07-22T02:00:00Z,atlas-org-payments
MongoDB,atlas_cluster,checkout-api,2.6818,prod,payments,2026-07-22T03:00:00Z,atlas-org-payments
MongoDB,atlas_cluster,checkout-api,2.3268,prod,payments,2026-07-22T04:00:00Z,atlas-org-payments
MongoDB,atlas_cluster,checkout-api,2.4806,prod,payments,2026-07-22T05:00:00Z,atlas-org-payments
MongoDB,atlas_cluster,checkout-api,2.5617,prod,payments,2026-07-22T06:00:00Z,atlas-org-payments
MongoDB,atlas_cluster,checkout-api,2.6718,prod,payments,2026-07-22T07:00:00Z,atlas-org-payments
MongoDB,atlas_cluster,checkout-api,2.3630,prod,payments,2026-07-22T08:00:00Z,atlas-org-payments
MongoDB,atlas_cluster,checkout-api,2.7659,prod,payments,2026-07-22T09:00:00Z,atlas-org-payments
MongoDB,atlas_cluster,checkout-api,2.6264,prod,payments,2026-07-22T10:00:00Z,atlas-org-payments
MongoDB,atlas_cluster,checkout-api,2.7128,prod,payments,2026-07-22T11:00:00Z,atlas-org-payments
MongoDB,atlas_cluster,checkout-api,2.6219,prod,payments,2026-07-22T12:00:00Z,atlas-org-payments
MongoDB,atlas_cluster,checkout-api,2.5929,prod,payments,2026-07-22T13:00:00Z,atlas-org-payments
MongoDB,atlas_cluster,checkout-api,2.8010,prod,payments,2026-07-22T14:00:00Z,atlas-org-payments
MongoDB,atlas_cluster,checkout-api,2.4125,prod,payments,2026-07-22T15:00:00Z,atlas-org-payments
MongoDB,atlas_cluster,checkout-api,2.3363,prod,payments,2026-07-22T16:00:00Z,atlas-org-payments
MongoDB,atlas_cluster,checkout-api,2.7112,prod,payments,2026-07-22T17:00:00Z,atlas-org-payments
MongoDB,atlas_cluster,checkout-api,2.3914,prod,payments,2026-07-22T18:00:00Z,atlas-org-payments
MongoDB,atlas_cluster,checkout-api,2.8448,prod,payments,2026-07-22T19:00:00Z,atlas-org-payments
MongoDB,atlas_cluster,checkout-api,2.7781,prod,payments,2026-07-22T20:00:00Z,atlas-org-payments
MongoDB,atlas_cluster,checkout-api,2.5995,prod,payments,2026-07-22T21:00:00Z,atlas-org-payments
MongoDB,atlas_cluster,checkout-api,2.3344,prod,payments,2026-07-22T22:00:00Z,atlas-org-payments
MongoDB,atlas_cluster,checkout-api,2.7976,prod,payments,2026-07-22T23:00:00Z,atlas-org-payments
MongoDB,atlas_cluster,checkout-api,2.7770,prod,payments,2026-07-23T00:00:00Z,atlas-org-payments
MongoDB,atlas_cluster,checkout-api,2.4381,prod,payments,2026-07-23T01:00:00Z,atlas-org-payments
MongoDB,atlas_cluster,checkout-api,2.3712,prod,payments,2026-07-23T02:00:00Z,atlas-org-payments
MongoDB,atlas_cluster,checkout-api,2.8205,prod,payments,2026-07-23T03:00:00Z,atlas-org-payments
MongoDB,atlas_cluster,checkout-api,2.5474,prod,payments,2026-07-23T04:00:00Z,atlas-org-payments
MongoDB,atlas_cluster,checkout-api,2.4129,prod,payments,2026-07-23T05:00:00Z,atlas-org-payments
MongoDB,atlas_cluster,checkout-api,2.6774,prod,payments,2026-07-23T06:00:00Z,atlas-org-payments
MongoDB,atlas_cluster,checkout-api,2.5355,prod,payments,2026-07-23T07:00:00Z,atlas-org-payments
MongoDB,atlas_cluster,checkout-api,2.5076,prod,payments,2026-07-23T08:00:00Z,atlas-org-payments
MongoDB,atlas_cluster,checkout-api,2.4275,prod,payments,2026-07-23T09:00:00Z,atlas-org-payments
MongoDB,atlas_cluster,checkout-api,2.8086,prod,payments,2026-07-23T10:00:00Z,atlas-org-payments
MongoDB,atlas_cluster,checkout-api,2.7978,prod,payments,2026-07-23T11:00:00Z,atlas-org-payments
MongoDB,atlas_cluster,checkout-api,2.3507,prod,payments,2026-07-23T12:00:00Z,atlas-org-payments
MongoDB,atlas_cluster,checkout-api,2.7895,prod,payments,2026-07-23T13:00:00Z,atlas-org-payments
MongoDB,atlas_cluster,checkout-api,2.5141,prod,payments,2026-07-23T14:00:00Z,atlas-org-payments
MongoDB,atlas_cluster,checkout-api,2.4882,prod,payments,2026-07-23T15:00:00Z,atlas-org-payments
MongoDB,atlas_cluster,checkout-api,2.7455,prod,payments,2026-07-23T16:00:00Z,atlas-org-payments
MongoDB,atlas_cluster,checkout-api,2.8386,prod,payments,2026-07-23T17:00:00Z,atlas-org-payments
MongoDB,atlas_cluster,checkout-api,2.6120,prod,payments,2026-07-23T18:00:00Z,atlas-org-payments
MongoDB,atlas_cluster,checkout-api,2.8316,prod,payments,2026-07-23T19:00:00Z,atlas-org-payments
MongoDB,atlas_cluster,checkout-api,2.4418,prod,payments,2026-07-23T20:00:00Z,atlas-org-payments
MongoDB,atlas_cluster,checkout-api,2.7868,prod,payments,2026-07-23T21:00:00Z,atlas-org-payments
MongoDB,atlas_cluster,checkout-api,2.8604,prod,payments,2026-07-23T22:00:00Z,atlas-org-payments
MongoDB,atlas_cluster,checkout-api,2.7287,prod,payments,2026-07-23T23:00:00Z,atlas-org-payments
MongoDB,atlas_cluster,checkout-api,2.4730,prod,payments,2026-07-24T00:00:00Z,atlas-org-payments
MongoDB,atlas_cluster,checkout-api,2.7739,prod,payments,2026-07-24T01:00:00Z,atlas-org-payments
MongoDB,atlas_cluster,checkout-api,2.8149,prod,payments,2026-07-24T02:00:00Z,atlas-org-payments
MongoDB,atlas_cluster,checkout-api,2.6137,prod,payments,2026-07-24T03:00:00Z,atlas-org-payments
MongoDB,atlas_cluster,checkout-api,2.6408,prod,payments,2026-07-24T04:00:00Z,atlas-org-payments
MongoDB,atlas_cluster,checkout-api,2.5029,prod,payments,2026-07-24T05:00:00Z,atlas-org-payments
MongoDB,atlas_cluster,checkout-api,2.3999,prod,payments,2026-07-24T06:00:00Z,atlas-org-payments
MongoDB,atlas_cluster,checkout-api,2.7867,prod,payments,2026-07-24T07:00:00Z,atlas-org-payments
MongoDB,atlas_cluster,checkout-api,2.8537,prod,payments,2026-07-24T08:00:00Z,atlas-org-payments
MongoDB,atlas_cluster,checkout-api,2.3655,prod,payments,2026-07-24T09:00:00Z,atlas-org-payments
MongoDB,atlas_cluster,checkout-api,2.7339,prod,payments,2026-07-24T10:00:00Z,atlas-org-payments
MongoDB,atlas_cluster,checkout-api,2.6712,prod,payments,2026-07-24T11:00:00Z,atlas-org-payments
MongoDB,atlas_cluster,checkout-api,2.6190,prod,payments,2026-07-24T12:00:00Z,atlas-org-payments
MongoDB,atlas_cluster,checkout-api,2.7045,prod,payments,2026-07-24T13:00:00Z,atlas-org-payments
MongoDB,atlas_cluster,checkout-api,2.4229,prod,payments,2026-07-24T14:00:00Z,atlas-org-payments
MongoDB,atlas_cluster,checkout-api,2.6949,prod,payments,2026-07-24T15:00:00Z,atlas-org-payments
MongoDB,atlas_cluster,checkout-api,2.5574,prod,payments,2026-07-24T16:00:00Z,atlas-org-payments
MongoDB,atlas_cluster,checkout-api,2.7028,prod,payments,2026-07-24T17:00:00Z,atlas-org-payments
MongoDB,atlas_cluster,checkout-api,2.4567,prod,payments,2026-07-24T18:00:00Z,atlas-org-payments
MongoDB,atlas_cluster,checkout-api,2.4226,prod,payments,2026-07-24T19:00:00Z,atlas-org-payments
MongoDB,atlas_cluster,checkout-api,2.4121,prod,payments,2026-07-24T20:00:00Z,atlas-org-payments
MongoDB,atlas_cluster,checkout-api,2.6063,prod,payments,2026-07-24T21:00:00Z,atlas-org-payments
MongoDB,atlas_cluster,checkout-api,2.4426,prod,payments,2026-07-24T22:00:00Z,atlas-org-payments
MongoDB,atlas_cluster,checkout-api,2.5512,prod,payments,2026-07-24T23:00:00Z,atlas-org-payments
MongoDB,atlas_cluster,checkout-api,2.6538,prod,payments,2026-07-25T00:00:00Z,atlas-org-payments
MongoDB,atlas_cluster,checkout-api,2.3076,prod,payments,2026-07-25T01:00:00Z,atlas-org-payments
MongoDB,atlas_cluster,checkout-api,2.5681,prod,payments,2026-07-25T02:00:00Z,atlas-org-payments
MongoDB,atlas_cluster,checkout-api,2.2631,prod,payments,2026-07-25T03:00:00Z,atlas-org-payments
MongoDB,atlas_cluster,checkout-api,2.3044,prod,payments,2026-07-25T04:00:00Z,atlas-org-payments
MongoDB,atlas_cluster,checkout-api,2.7124,prod,payments,2026-07-25T05:00:00Z,atlas-org-payments
MongoDB,atlas_cluster,checkout-api,2.2709,prod,payments,2026-07-25T06:00:00Z,atlas-org-payments
MongoDB,atlas_cluster,checkout-api,2.6415,prod,payments,2026-07-25T07:00:00Z,atlas-org-payments
MongoDB,atlas_cluster,checkout-api,2.3690,prod,payments,2026-07-25T08:00:00Z,atlas-org-payments
MongoDB,atlas_cluster,checkout-api,2.3743,prod,payments,2026-07-25T09:00:00Z,atlas-org-payments
MongoDB,atlas_cluster,checkout-api,2.3759,prod,payments,2026-07-25T10:00:00Z,atlas-org-payments
MongoDB,atlas_cluster,checkout-api,2.5253,prod,payments,2026-07-25T11:00:00Z,atlas-org-payments
MongoDB,atlas_cluster,checkout-api,2.5237,prod,payments,2026-07-25T12:00:00Z,atlas-org-payments
MongoDB,atlas_cluster,checkout-api,2.7425,prod,payments,2026-07-25T13:00:00Z,atlas-org-payments
MongoDB,atlas_cluster,checkout-api,2.5840,prod,payments,2026-07-25T14:00:00Z,atlas-org-payments
MongoDB,atlas_cluster,checkout-api,2.5922,prod,payments,2026-07-25T15:00:00Z,atlas-org-payments
MongoDB,atlas_cluster,checkout-api,2.4585,prod,payments,2026-07-25T16:00:00Z,atlas-org-payments
MongoDB,atlas_cluster,checkout-api,2.5776,prod,payments,2026-07-25T17:00:00Z,atlas-org-payments
MongoDB,atlas_cluster,checkout-api,2.5016,prod,payments,2026-07-25T18:00:00Z,atlas-org-payments
MongoDB,atlas_cluster,checkout-api,2.3041,prod,payments,2026-07-25T19:00:00Z,atlas-org-payments
MongoDB,atlas_cluster,checkout-api,2.5828,prod,payments,2026-07-25T20:00:00Z,atlas-org-payments
MongoDB,atlas_cluster,checkout-api,2.7431,prod,payments,2026-07-25T21:00:00Z,atlas-org-payments
MongoDB,atlas_cluster,checkout-api,2.3520,prod,payments,2026-07-25T22:00:00Z,atlas-org-payments
MongoDB,atlas_cluster,checkout-api,2.2901,prod,payments,2026-07-25T23:00:00Z,atlas-org-payments
MongoDB,atlas_cluster,checkout-api,2.7283,prod,payments,2026-07-26T00:00:00Z,atlas-org-payments
MongoDB,atlas_cluster,checkout-api,2.6712,prod,payments,2026-07-26T01:00:00Z,atlas-org-payments
MongoDB,atlas_cluster,checkout-api,2.3826,prod,payments,2026-07-26T02:00:00Z,atlas-org-payments
MongoDB,atlas_cluster,checkout-api,2.2936,prod,payments,2026-07-26T03:00:00Z,atlas-org-payments
MongoDB,atlas_cluster,checkout-api,2.5431,prod,payments,2026-07-26T04:00:00Z,atlas-org-payments
MongoDB,atlas_cluster,checkout-api,2.6019,prod,payments,2026-07-26T05:00:00Z,atlas-org-payments
MongoDB,atlas_cluster,checkout-api,2.5104,prod,payments,2026-07-26T06:00:00Z,atlas-org-payments
MongoDB,atlas_cluster,checkout-api,2.6613,prod,payments,2026-07-26T07:00:00Z,atlas-org-payments
MongoDB,atlas_cluster,checkout-api,2.2997,prod,payments,2026-07-26T08:00:00Z,atlas-org-payments
MongoDB,atlas_cluster,checkout-api,2.6843,prod,payments,2026-07-26T09:00:00Z,atlas-org-payments
MongoDB,atlas_cluster,checkout-api,2.4847,prod,payments,2026-07-26T10:00:00Z,atlas-org-payments
MongoDB,atlas_cluster,checkout-api,2.3342,prod,payments,2026-07-26T11:00:00Z,atlas-org-payments
MongoDB,atlas_cluster,checkout-api,2.7404,prod,payments,2026-07-26T12:00:00Z,atlas-org-payments
MongoDB,atlas_cluster,checkout-api,2.7645,prod,payments,2026-07-26T13:00:00Z,atlas-org-payments
MongoDB,atlas_cluster,checkout-api,2.6087,prod,payments,2026-07-26T14:00:00Z,atlas-org-payments
MongoDB,atlas_cluster,checkout-api,2.6267,prod,payments,2026-07-26T15:00:00Z,atlas-org-payments
MongoDB,atlas_cluster,checkout-api,0.5130,staging,payments,2026-07-13T07:00:00Z,atlas-org-payments
MongoDB,atlas_cluster,checkout-api,0.4919,staging,payments,2026-07-13T08:00:00Z,atlas-org-payments
MongoDB,atlas_cluster,checkout-api,0.4526,staging,payments,2026-07-13T09:00:00Z,atlas-org-payments
MongoDB,atlas_cluster,checkout-api,0.4782,staging,payments,2026-07-13T10:00:00Z,atlas-org-payments
MongoDB,atlas_cluster,checkout-api,0.5311,staging,payments,2026-07-13T11:00:00Z,atlas-org-payments
MongoDB,atlas_cluster,checkout-api,0.4742,staging,payments,2026-07-13T12:00:00Z,atlas-org-payments
MongoDB,atlas_cluster,checkout-api,0.5180,staging,payments,2026-07-13T13:00:00Z,atlas-org-payments
MongoDB,atlas_cluster,checkout-api,0.5226,staging,payments,2026-07-13T14:00:00Z,atlas-org-payments
MongoDB,atlas_cluster,checkout-api,0.5164,staging,payments,2026-07-13T15:00:00Z,atlas-org-payments
MongoDB,atlas_cluster,checkout-api,0.4702,staging,payments,2026-07-13T16:00:00Z,atlas-org-payments
MongoDB,atlas_cluster,checkout-api,0.5436,staging,payments,2026-07-13T17:00:00Z,atlas-org-payments
MongoDB,atlas_cluster,checkout-api,0.5043,staging,payments,2026-07-13T18:00:00Z,atlas-org-payments
MongoDB,atlas_cluster,checkout-api,0.5357,staging,payments,2026-07-14T07:00:00Z,atlas-org-payments
MongoDB,atlas_cluster,checkout-api,0.5301,staging,payments,2026-07-14T08:00:00Z,atlas-org-payments
MongoDB,atlas_cluster,checkout-api,0.4781,staging,payments,2026-07-14T09:00:00Z,atlas-org-payments
MongoDB,atlas_cluster,checkout-api,0.5414,staging,payments,2026-07-14T10:00:00Z,atlas-org-payments
MongoDB,atlas_cluster,checkout-api,0.5120,staging,payments,2026-07-14T11:00:00Z,atlas-org-payments
MongoDB,atlas_cluster,checkout-api,0.4569,staging,payments,2026-07-14T12:00:00Z,atlas-org-payments
MongoDB,atlas_cluster,checkout-api,0.4731,staging,payments,2026-07-14T13:00:00Z,atlas-org-payments
MongoDB,atlas_cluster,checkout-api,0.5179,staging,payments,2026-07-14T14:00:00Z,atlas-org-payments
MongoDB,atlas_cluster,checkout-api,0.5443,staging,payments,2026-07-14T15:00:00Z,atlas-org-payments
MongoDB,atlas_cluster,checkout-api,0.4845,staging,payments,2026-07-14T16:00:00Z,atlas-org-payments
MongoDB,atlas_cluster,checkout-api,0.5138,staging,payments,2026-07-14T17:00:00Z,atlas-org-payments
MongoDB,atlas_cluster,checkout-api,0.4897,staging,payments,2026-07-14T18:00:00Z,atlas-org-payments
MongoDB,atlas_cluster,checkout-api,0.5209,staging,payments,2026-07-15T07:00:00Z,atlas-org-payments
MongoDB,atlas_cluster,checkout-api,0.4643,staging,payments,2026-07-15T08:00:00Z,atlas-org-payments
MongoDB,atlas_cluster,checkout-api,0.4854,staging,payments,2026-07-15T09:00:00Z,atlas-org-payments
MongoDB,atlas_cluster,checkout-api,0.5115,staging,payments,2026-07-15T10:00:00Z,atlas-org-payments
MongoDB,atlas_cluster,checkout-api,0.4670,staging,payments,2026-07-15T11:00:00Z,atlas-org-payments
MongoDB,atlas_cluster,checkout-api,0.4701,staging,payments,2026-07-15T12:00:00Z,atlas-org-payments
MongoDB,atlas_cluster,checkout-api,0.4765,staging,payments,2026-07-15T13:00:00Z,atlas-org-payments
MongoDB,atlas_cluster,checkout-api,0.5417,staging,payments,2026-07-15T14:00:00Z,atlas-org-payments
MongoDB,atlas_cluster,checkout-api,0.4733,staging,payments,2026-07-15T15:00:00Z,atlas-org-payments
MongoDB,atlas_cluster,checkout-api,0.4784,staging,payments,2026-07-15T16:00:00Z,atlas-org-payments
MongoDB,atlas_cluster,checkout-api,0.5373,staging,payments,2026-07-15T17:00:00Z,atlas-org-payments
MongoDB,atlas_cluster,checkout-api,0.5063,staging,payments,2026-07-15T18:00:00Z,atlas-org-payments
MongoDB,atlas_cluster,checkout-api,0.4935,staging,payments,2026-07-16T07:00:00Z,atlas-org-payments
MongoDB,atlas_cluster,checkout-api,0.4666,staging,payments,2026-07-16T08:00:00Z,atlas-org-payments
MongoDB,atlas_cluster,checkout-api,0.5225,staging,payments,2026-07-16T09:00:00Z,atlas-org-payments
MongoDB,atlas_cluster,checkout-api,0.5287,staging,payments,2026-07-16T10:00:00Z,atlas-org-payments
MongoDB,atlas_cluster,checkout-api,0.5347,staging,payments,2026-07-16T11:00:00Z,atlas-org-payments
MongoDB,atlas_cluster,checkout-api,0.4751,staging,payments,2026-07-16T12:00:00Z,atlas-org-payments
MongoDB,atlas_cluster,checkout-api,0.5237,staging,payments,2026-07-16T13:00:00Z,atlas-org-payments
MongoDB,atlas_cluster,checkout-api,0.5435,staging,payments,2026-07-16T14:00:00Z,atlas-org-payments
MongoDB,atlas_cluster,checkout-api,0.4745,staging,payments,2026-07-16T15:00:00Z,atlas-org-payments
MongoDB,atlas_cluster,checkout-api,0.5462,staging,payments,2026-07-16T16:00:00Z,atlas-org-payments
MongoDB,atlas_cluster,checkout-api,0.4692,staging,payments,2026-07-16T17:00:00Z,atlas-org-payments
MongoDB,atlas_cluster,checkout-api,0.5076,staging,payments,2026-07-16T18:00:00Z,atlas-org-payments
MongoDB,atlas_cluster,checkout-api,0.5021,staging,payments,2026-07-17T07:00:00Z,atlas-org-payments
MongoDB,atlas_cluster,checkout-api,0.5264,staging,payments,2026-07-17T08:00:00Z,atlas-org-payments
MongoDB,atlas_cluster,checkout-api,0.4972,staging,payments,2026-07-17T09:00:00Z,atlas-org-payments
MongoDB,atlas_cluster,checkout-api,0.4711,staging,payments,2026-07-17T10:00:00Z,atlas-org-payments
MongoDB,atlas_cluster,checkout-api,0.5143,staging,payments,2026-07-17T11:00:00Z,atlas-org-payments
MongoDB,atlas_cluster,checkout-api,0.5068,staging,payments,2026-07-17T12:00:00Z,atlas-org-payments
MongoDB,atlas_cluster,checkout-api,0.5391,staging,payments,2026-07-17T13:00:00Z,atlas-org-payments
MongoDB,atlas_cluster,checkout-api,0.5132,staging,payments,2026-07-17T14:00:00Z,atlas-org-payments
MongoDB,atlas_cluster,checkout-api,0.5662,staging,payments,2026-07-17T15:00:00Z,atlas-org-payments
MongoDB,atlas_cluster,checkout-api,0.5306,staging,payments,2026-07-17T16:00:00Z,atlas-org-payments
MongoDB,atlas_cluster,checkout-api,0.5505,staging,payments,2026-07-17T17:00:00Z,atlas-org-payments
MongoDB,atlas_cluster,checkout-api,0.5243,staging,payments,2026-07-17T18:00:00Z,atlas-org-payments
MongoDB,atlas_cluster,checkout-api,0.5731,staging,payments,2026-07-20T07:00:00Z,atlas-org-payments
MongoDB,atlas_cluster,checkout-api,0.5415,staging,payments,2026-07-20T08:00:00Z,atlas-org-payments
MongoDB,atlas_cluster,checkout-api,0.4911,staging,payments,2026-07-20T09:00:00Z,atlas-org-payments
MongoDB,atlas_cluster,checkout-api,0.5684,staging,payments,2026-07-20T10:00:00Z,atlas-org-payments
MongoDB,atlas_cluster,checkout-api,0.5706,staging,payments,2026-07-20T11:00:00Z,atlas-org-payments
MongoDB,atlas_cluster,checkout-api,0.4791,staging,payments,2026-07-20T12:00:00Z,atlas-org-payments
MongoDB,atlas_cluster,checkout-api,0.5174,staging,payments,2026-07-20T13:00:00Z,atlas-org-payments
MongoDB,atlas_cluster,checkout-api,0.5750,staging,payments,2026-07-20T14:00:00Z,atlas-org-payments
MongoDB,atlas_cluster,checkout-api,0.5215,staging,payments,2026-07-20T15:00:00Z,atlas-org-payments
MongoDB,atlas_cluster,checkout-api,0.5369,staging,payments,2026-07-20T16:00:00Z,atlas-org-payments
MongoDB,atlas_cluster,checkout-api,0.5271,staging,payments,2026-07-20T17:00:00Z,atlas-org-payments
MongoDB,atlas_cluster,checkout-api,0.5082,staging,payments,2026-07-20T18:00:00Z,atlas-org-payments
MongoDB,atlas_cluster,checkout-api,0.5332,staging,payments,2026-07-21T07:00:00Z,atlas-org-payments
MongoDB,atlas_cluster,checkout-api,0.5151,staging,payments,2026-07-21T08:00:00Z,atlas-org-payments
MongoDB,atlas_cluster,checkout-api,0.5745,staging,payments,2026-07-21T09:00:00Z,atlas-org-payments
MongoDB,atlas_cluster,checkout-api,0.5081,staging,payments,2026-07-21T10:00:00Z,atlas-org-payments
MongoDB,atlas_cluster,checkout-api,0.5069,staging,payments,2026-07-21T11:00:00Z,atlas-org-payments
MongoDB,atlas_cluster,checkout-api,0.5652,staging,payments,2026-07-21T12:00:00Z,atlas-org-payments
MongoDB,atlas_cluster,checkout-api,0.5360,staging,payments,2026-07-21T13:00:00Z,atlas-org-payments
MongoDB,atlas_cluster,checkout-api,0.4988,staging,payments,2026-07-21T14:00:00Z,atlas-org-payments
MongoDB,atlas_cluster,checkout-api,0.5548,staging,payments,2026-07-21T15:00:00Z,atlas-org-payments
MongoDB,atlas_cluster,checkout-api,0.5173,staging,payments,2026-07-21T16:00:00Z,atlas-org-payments
MongoDB,atlas_cluster,checkout-api,0.5547,staging,payments,2026-07-21T17:00:00Z,atlas-org-payments
MongoDB,atlas_cluster,checkout-api,0.5486,staging,payments,2026-07-21T18:00:00Z,atlas-org-payments
MongoDB,atlas_cluster,checkout-api,0.5814,staging,payments,2026-07-22T07:00:00Z,atlas-org-payments
MongoDB,atlas_cluster,checkout-api,0.5270,staging,payments,2026-07-22T08:00:00Z,atlas-org-payments
MongoDB,atlas_cluster,checkout-api,0.5048,staging,payments,2026-07-22T09:00:00Z,atlas-org-payments
MongoDB,atlas_cluster,checkout-api,0.5216,staging,payments,2026-07-22T10:00:00Z,atlas-org-payments
MongoDB,atlas_cluster,checkout-api,0.5166,staging,payments,2026-07-22T11:00:00Z,atlas-org-payments
MongoDB,atlas_cluster,checkout-api,0.5628,staging,payments,2026-07-22T12:00:00Z,atlas-org-payments
MongoDB,atlas_cluster,checkout-api,0.5678,staging,payments,2026-07-22T13:00:00Z,atlas-org-payments
MongoDB,atlas_cluster,checkout-api,0.5351,staging,payments,2026-07-22T14:00:00Z,atlas-org-payments
MongoDB,atlas_cluster,checkout-api,0.5765,staging,payments,2026-07-22T15:00:00Z,atlas-org-payments
MongoDB,atlas_cluster,checkout-api,0.5135,staging,payments,2026-07-22T16:00:00Z,atlas-org-payments
MongoDB,atlas_cluster,checkout-api,0.4907,staging,payments,2026-07-22T17:00:00Z,atlas-org-payments
MongoDB,atlas_cluster,checkout-api,0.5479,staging,payments,2026-07-22T18:00:00Z,atlas-org-payments
MongoDB,atlas_cluster,checkout-api,0.5834,staging,payments,2026-07-23T07:00:00Z,atlas-org-payments
MongoDB,atlas_cluster,checkout-api,0.5429,staging,payments,2026-07-23T08:00:00Z,atlas-org-payments
MongoDB,atlas_cluster,checkout-api,0.5577,staging,payments,2026-07-23T09:00:00Z,atlas-org-payments
MongoDB,atlas_cluster,checkout-api,0.5746,staging,payments,2026-07-23T10:00:00Z,atlas-org-payments
MongoDB,atlas_cluster,checkout-api,0.5565,staging,payments,2026-07-23T11:00:00Z,atlas-org-payments
MongoDB,atlas_cluster,checkout-api,0.5607,staging,payments,2026-07-23T12:00:00Z,atlas-org-payments
MongoDB,atlas_cluster,checkout-api,0.5356,staging,payments,2026-07-23T13:00:00Z,atlas-org-payments
MongoDB,atlas_cluster,checkout-api,0.5280,staging,payments,2026-07-23T14:00:00Z,atlas-org-payments
MongoDB,atlas_cluster,checkout-api,0.5150,staging,payments,2026-07-23T15:00:00Z,atlas-org-payments
MongoDB,atlas_cluster,checkout-api,0.5835,staging,payments,2026-07-23T16:00:00Z,atlas-org-payments
MongoDB,atlas_cluster,checkout-api,0.5021,staging,payments,2026-07-23T17:00:00Z,atlas-org-payments
MongoDB,atlas_cluster,checkout-api,0.5323,staging,payments,2026-07-23T18:00:00Z,atlas-org-payments
MongoDB,atlas_cluster,checkout-api,0.5686,staging,payments,2026-07-24T07:00:00Z,atlas-org-payments
MongoDB,atlas_cluster,checkout-api,0.4950,staging,payments,2026-07-24T08:00:00Z,atlas-org-payments
MongoDB,atlas_cluster,checkout-api,0.5715,staging,payments,2026-07-24T09:00:00Z,atlas-org-payments
MongoDB,atlas_cluster,checkout-api,0.5625,staging,payments,2026-07-24T10:00:00Z,atlas-org-payments
MongoDB,atlas_cluster,checkout-api,0.5337,staging,payments,2026-07-24T11:00:00Z,atlas-org-payments
MongoDB,atlas_cluster,checkout-api,0.5436,staging,payments,2026-07-24T12:00:00Z,atlas-org-payments
MongoDB,atlas_cluster,checkout-api,0.5021,staging,payments,2026-07-24T13:00:00Z,atlas-org-payments
MongoDB,atlas_cluster,checkout-api,0.5330,staging,payments,2026-07-24T14:00:00Z,atlas-org-payments
MongoDB,atlas_cluster,checkout-api,0.5249,staging,payments,2026-07-24T15:00:00Z,atlas-org-payments
MongoDB,atlas_cluster,checkout-api,0.5957,staging,payments,2026-07-24T16:00:00Z,atlas-org-payments
MongoDB,atlas_cluster,checkout-api,0.6020,staging,payments,2026-07-24T17:00:00Z,atlas-org-payments
MongoDB,atlas_cluster,checkout-api,0.5220,staging,payments,2026-07-24T18:00:00Z,atlas-org-payments
AWS,EC2,billing-worker,1.8312,prod,payments,2026-07-12T16:00:00Z,111122223333
AWS,EC2,billing-worker,1.4337,prod,payments,2026-07-12T17:00:00Z,111122223333
AWS,EC2,billing-worker,1.5223,prod,payments,2026-07-12T18:00:00Z,111122223333
AWS,EC2,billing-worker,1.2877,prod,payments,2026-07-12T19:00:00Z,111122223333
AWS,EC2,billing-worker,1.2677,prod,payments,2026-07-12T20:00:00Z,111122223333
AWS,EC2,billing-worker,1.1132,prod,payments,2026-07-12T21:00:00Z,111122223333
AWS,EC2,billing-worker,1.3463,prod,payments,2026-07-12T22:00:00Z,111122223333
AWS,EC2,billing-worker,1.1524,prod,payments,2026-07-12T23:00:00Z,111122223333
AWS,EC2,billing-worker,1.6051,prod,payments,2026-07-13T00:00:00Z,111122223333
AWS,EC2,billing-worker,1.6441,prod,payments,2026-07-13T01:00:00Z,111122223333
AWS,EC2,billing-worker,1.6556,prod,payments,2026-07-13T02:00:00Z,111122223333
AWS,EC2,billing-worker,1.9241,prod,payments,2026-07-13T03:00:00Z,111122223333
AWS,EC2,billing-worker,1.8847,prod,payments,2026-07-13T04:00:00Z,111122223333
AWS,EC2,billing-worker,1.6721,prod,payments,2026-07-13T05:00:00Z,111122223333
AWS,EC2,billing-worker,1.6009,prod,payments,2026-07-13T06:00:00Z,111122223333
AWS,EC2,billing-worker,1.5897,prod,payments,2026-07-13T07:00:00Z,111122223333
AWS,EC2,billing-worker,2.2144,prod,payments,2026-07-13T08:00:00Z,111122223333
AWS,EC2,billing-worker,2.3632,prod,payments,2026-07-13T09:00:00Z,111122223333
AWS,EC2,billing-worker,2.6458,prod,payments,2026-07-13T10:00:00Z,111122223333
AWS,EC2,billing-worker,2.8488,prod,payments,2026-07-13T11:00:00Z,111122223333
AWS,EC2,billing-worker,2.6519,prod,payments,2026-07-13T12:00:00Z,111122223333
AWS,EC2,billing-worker,2.9515,prod,payments,2026-07-13T13:00:00Z,111122223333
AWS,EC2,billing-worker,2.9620,prod,payments,2026-07-13T14:00:00Z,111122223333
AWS,EC2,billing-worker,2.7068,prod,payments,2026-07-13T15:00:00Z,111122223333
AWS,EC2,billing-worker,2.3229,prod,payments,2026-07-13T16:00:00Z,111122223333
AWS,EC2,billing-worker,2.4020,prod,payments,2026-07-13T17:00:00Z,111122223333
AWS,EC2,billing-worker,1.8569,prod,payments,2026-07-13T18:00:00Z,111122223333
AWS,EC2,billing-worker,1.7938,prod,payments,2026-07-13T19:00:00Z,111122223333
AWS,EC2,billing-worker,1.7929,prod,payments,2026-07-13T20:00:00Z,111122223333
AWS,EC2,billing-worker,1.7052,prod,payments,2026-07-13T21:00:00Z,111122223333
AWS,EC2,billing-worker,1.7907,prod,payments,2026-07-13T22:00:00Z,111122223333
AWS,EC2,billing-worker,1.6897,prod,payments,2026-07-13T23:00:00Z,111122223333
AWS,EC2,billing-worker,1.7426,prod,payments,2026-07-14T00:00:00Z,111122223333
AWS,EC2,billing-worker,1.6569,prod,payments,2026-07-14T01:00:00Z,111122223333
AWS,EC2,billing-worker,1.8595,prod,payments,2026-07-14T02:00:00Z,111122223333
AWS,EC2,billing-worker,1.8889,prod,payments,2026-07-14T03:00:00Z,111122223333
AWS,EC2,billing-worker,1.8343,prod,payments,2026-07-14T04:00:00Z,111122223333
AWS,EC2,billing-worker,1.8384,prod,payments,2026-07-14T05:00:00Z,111122223333
AWS,EC2,billing-worker,1.7832,prod,payments,2026-07-14T06:00:00Z,111122223333
AWS,EC2,billing-worker,1.8185,prod,payments,2026-07-14T07:00:00Z,111122223333
AWS,EC2,billing-worker,2.0548,prod,payments,2026-07-14T08:00:00Z,111122223333
AWS,EC2,billing-worker,2.2980,prod,payments,2026-07-14T09:00:00Z,111122223333
AWS,EC2,billing-worker,2.2791,prod,payments,2026-07-14T10:00:00Z,111122223333
AWS,EC2,billing-worker,2.4838,prod,payments,2026-07-14T11:00:00Z,111122223333
AWS,EC2,billing-worker,2.5320,prod,payments,2026-07-14T12:00:00Z,111122223333
AWS,EC2,billing-worker,2.6705,prod,payments,2026-07-14T13:00:00Z,111122223333
AWS,EC2,billing-worker,2.5604,prod,payments,2026-07-14T14:00:00Z,111122223333
AWS,EC2,billing-worker,2.4981,prod,payments,2026-07-14T15:00:00Z,111122223333
AWS,EC2,billing-worker,2.3032,prod,payments,2026-07-14T16:00:00Z,111122223333
AWS,EC2,billing-worker,2.4742,prod,payments,2026-07-14T17:00:00Z,111122223333
AWS,EC2,billing-worker,2.0064,prod,payments,2026-07-14T18:00:00Z,111122223333
AWS,EC2,billing-worker,1.8474,prod,payments,2026-07-14T19:00:00Z,111122223333
AWS,EC2,billing-worker,1.8575,prod,payments,2026-07-14T20:00:00Z,111122223333
AWS,EC2,billing-worker,1.7771,prod,payments,2026-07-14T21:00:00Z,111122223333
AWS,EC2,billing-worker,1.9130,prod,payments,2026-07-14T22:00:00Z,111122223333
AWS,EC2,billing-worker,1.9209,prod,payments,2026-07-14T23:00:00Z,111122223333
AWS,EC2,billing-worker,1.6501,prod,payments,2026-07-15T00:00:00Z,111122223333
AWS,EC2,billing-worker,1.9458,prod,payments,2026-07-15T01:00:00Z,111122223333
AWS,EC2,billing-worker,1.9477,prod,payments,2026-07-15T02:00:00Z,111122223333
AWS,EC2,billing-worker,1.9120,prod,payments,2026-07-15T03:00:00Z,111122223333
AWS,EC2,billing-worker,1.6791,prod,payments,2026-07-15T04:00:00Z,111122223333
AWS,EC2,billing-worker,1.7840,prod,payments,2026-07-15T05:00:00Z,111122223333
AWS,EC2,billing-worker,1.7283,prod,payments,2026-07-15T06:00:00Z,111122223333
AWS,EC2,billing-worker,1.7851,prod,payments,2026-07-15T07:00:00Z,111122223333
AWS,EC2,billing-worker,2.1168,prod,payments,2026-07-15T08:00:00Z,111122223333
AWS,EC2,billing-worker,2.2955,prod,payments,2026-07-15T09:00:00Z,111122223333
AWS,EC2,billing-worker,2.3881,prod,payments,2026-07-15T10:00:00Z,111122223333
AWS,EC2,billing-worker,2.7488,prod,payments,2026-07-15T11:00:00Z,111122223333
AWS,EC2,billing-worker,2.6974,prod,payments,2026-07-15T12:00:00Z,111122223333
AWS,EC2,billing-worker,2.7652,prod,payments,2026-07-15T13:00:00Z,111122223333
AWS,EC2,billing-worker,2.5587,prod,payments,2026-07-15T14:00:00Z,111122223333
AWS,EC2,billing-worker,2.4241,prod,payments,2026-07-15T15:00:00Z,111122223333
AWS,EC2,billing-worker,2.3636,prod,payments,2026-07-15T16:00:00Z,111122223333
AWS,EC2,billing-worker,2.2816,prod,payments,2026-07-15T17:00:00Z,111122223333
AWS,EC2,billing-worker,1.9069,prod,payments,2026-07-15T18:00:00Z,111122223333
AWS,EC2,billing-worker,1.9731,prod,payments,2026-07-15T19:00:00Z,111122223333
AWS,EC2,billing-worker,1.7402,prod,payments,2026-07-15T20:00:00Z,111122223333
AWS,EC2,billing-worker,1.7090,prod,payments,2026-07-15T21:00:00Z,111122223333
AWS,EC2,billing-worker,1.8309,prod,payments,2026-07-15T22:00:00Z,111122223333
AWS,EC2,billing-worker,1.6399,prod,payments,2026-07-15T23:00:00Z,111122223333
AWS,EC2,billing-worker,1.8625,prod,payments,2026-07-16T00:00:00Z,111122223333
AWS,EC2,billing-worker,1.6750,prod,payments,2026-07-16T01:00:00Z,111122223333
AWS,EC2,billing-worker,1.6690,prod,payments,2026-07-16T02:00:00Z,111122223333
AWS,EC2,billing-worker,1.7132,prod,payments,2026-07-16T03:00:00Z,111122223333
AWS,EC2,billing-worker,1.8821,prod,payments,2026-07-16T04:00:00Z,111122223333
AWS,EC2,billing-worker,1.8578,prod,payments,2026-07-16T05:00:00Z,111122223333
AWS,EC2,billing-worker,1.9741,prod,payments,2026-07-16T06:00:00Z,111122223333
AWS,EC2,billing-worker,1.7504,prod,payments,2026-07-16T07:00:00Z,111122223333
AWS,EC2,billing-worker,2.0066,prod,payments,2026-07-16T08:00:00Z,111122223333
AWS,EC2,billing-worker,2.3069,prod,payments,2026-07-16T09:00:00Z,111122223333
AWS,EC2,billing-worker,2.3352,prod,payments,2026-07-16T10:00:00Z,111122223333
AWS,EC2,billing-worker,2.8531,prod,payments,2026-07-16T11:00:00Z,111122223333
AWS,EC2,billing-worker,2.6310,prod,payments,2026-07-16T12:00:00Z,111122223333
AWS,EC2,billing-worker,2.5928,prod,payments,2026-07-16T13:00:00Z,111122223333
AWS,EC2,billing-worker,2.5741,prod,payments,2026-07-16T14:00:00Z,111122223333
AWS,EC2,billing-worker,2.5687,prod,payments,2026-07-16T15:00:00Z,111122223333
AWS,EC2,billing-worker,2.4346,prod,payments,2026-07-16T16:00:00Z,111122223333
AWS,EC2,billing-worker,2.3587,prod,payments,2026-07-16T17:00:00Z,111122223333
AWS,EC2,billing-worker,2.1707,prod,payments,2026-07-16T18:00:00Z,111122223333
AWS,EC2,billing-worker,1.7160,prod,payments,2026-07-16T19:00:00Z,111122223333
AWS,EC2,billing-worker,1.7166,prod,payments,2026-07-16T20:00:00Z,111122223333
AWS,EC2,billing-worker,1.7561,prod,payments,2026-07-16T21:00:00Z,111122223333
AWS,EC2,billing-worker,1.7327,prod,payments,2026-07-16T22:00:00Z,111122223333
AWS,EC2,billing-worker,1.9654,prod,payments,2026-07-16T23:00:00Z,111122223333
AWS,EC2,billing-worker,1.7683,prod,payments,2026-07-17T00:00:00Z,111122223333
AWS,EC2,billing-worker,1.7008,prod,payments,2026-07-17T01:00:00Z,111122223333
AWS,EC2,billing-worker,1.7005,prod,payments,2026-07-17T02:00:00Z,111122223333
AWS,EC2,billing-worker,1.7088,prod,payments,2026-07-17T03:00:00Z,111122223333
AWS,EC2,billing-worker,1.9086,prod,payments,2026-07-17T04:00:00Z,111122223333
AWS,EC2,billing-worker,1.7441,prod,payments,2026-07-17T05:00:00Z,111122223333
AWS,EC2,billing-worker,1.9937,prod,payments,2026-07-17T06:00:00Z,111122223333
AWS,EC2,billing-worker,1.6997,prod,payments,2026-07-17T07:00:00Z,111122223333
AWS,EC2,billing-worker,2.0559,prod,payments,2026-07-17T08:00:00Z,111122223333
AWS,EC2,billing-worker,2.4825,prod,payments,2026-07-17T09:00:00Z,111122223333
AWS,EC2,billing-worker,2.6310,prod,payments,2026-07-17T10:00:00Z,111122223333
AWS,EC2,billing-worker,2.7725,prod,payments,2026-07-17T11:00:00Z,111122223333
AWS,EC2,billing-worker,2.7631,prod,payments,2026-07-17T12:00:00Z,111122223333
AWS,EC2,billing-worker,3.0653,prod,payments,2026-07-17T13:00:00Z,111122223333
AWS,EC2,billing-worker,2.5401,prod,payments,2026-07-17T14:00:00Z,111122223333
AWS,EC2,billing-worker,2.7794,prod,payments,2026-07-17T15:00:00Z,111122223333
AWS,EC2,billing-worker,2.6149,prod,payments,2026-07-17T16:00:00Z,111122223333
AWS,EC2,billing-worker,2.4347,prod,payments,2026-07-17T17:00:00Z,111122223333
AWS,EC2,billing-worker,2.3011,prod,payments,2026-07-17T18:00:00Z,111122223333
AWS,EC2,billing-worker,1.9784,prod,payments,2026-07-17T19:00:00Z,111122223333
AWS,EC2,billing-worker,1.9783,prod,payments,2026-07-17T20:00:00Z,111122223333
AWS,EC2,billing-worker,1.7299,prod,payments,2026-07-17T21:00:00Z,111122223333
AWS,EC2,billing-worker,2.0058,prod,payments,2026-07-17T22:00:00Z,111122223333
AWS,EC2,billing-worker,1.7714,prod,payments,2026-07-17T23:00:00Z,111122223333
AWS,EC2,billing-worker,1.2247,prod,payments,2026-07-18T00:00:00Z,111122223333
AWS,EC2,billing-worker,1.2120,prod,payments,2026-07-18T01:00:00Z,111122223333
AWS,EC2,billing-worker,1.1741,prod,payments,2026-07-18T02:00:00Z,111122223333
AWS,EC2,billing-worker,1.4044,prod,payments,2026-07-18T03:00:00Z,111122223333
AWS,EC2,billing-worker,1.2754,prod,payments,2026-07-18T04:00:00Z,111122223333
AWS,EC2,billing-worker,1.1877,prod,payments,2026-07-18T05:00:00Z,111122223333
AWS,EC2,billing-worker,1.3296,prod,payments,2026-07-18T06:00:00Z,111122223333
AWS,EC2,billing-worker,1.2682,prod,payments,2026-07-18T07:00:00Z,111122223333
AWS,EC2,billing-worker,1.3807,prod,payments,2026-07-18T08:00:00Z,111122223333
AWS,EC2,billing-worker,1.7523,prod,payments,2026-07-18T09:00:00Z,111122223333
AWS,EC2,billing-worker,1.8291,prod,payments,2026-07-18T10:00:00Z,111122223333
AWS,EC2,billing-worker,1.7849,prod,payments,2026-07-18T11:00:00Z,111122223333
AWS,EC2,billing-worker,2.1055,prod,payments,2026-07-18T12:00:00Z,111122223333
AWS,EC2,billing-worker,2.1535,prod,payments,2026-07-18T13:00:00Z,111122223333
AWS,EC2,billing-worker,1.9698,prod,payments,2026-07-18T14:00:00Z,111122223333
AWS,EC2,billing-worker,1.9282,prod,payments,2026-07-18T15:00:00Z,111122223333
AWS,EC2,billing-worker,1.7805,prod,payments,2026-07-18T16:00:00Z,111122223333
AWS,EC2,billing-worker,1.5404,prod,payments,2026-07-18T17:00:00Z,111122223333
AWS,EC2,billing-worker,1.3776,prod,payments,2026-07-18T18:00:00Z,111122223333
AWS,EC2,billing-worker,1.2798,prod,payments,2026-07-18T19:00:00Z,111122223333
AWS,EC2,billing-worker,1.1840,prod,payments,2026-07-18T20:00:00Z,111122223333
AWS,EC2,billing-worker,1.3164,prod,payments,2026-07-18T21:00:00Z,111122223333
AWS,EC2,billing-worker,1.3069,prod,payments,2026-07-18T22:00:00Z,111122223333
AWS,EC2,billing-worker,1.1678,prod,payments,2026-07-18T23:00:00Z,111122223333
AWS,EC2,billing-worker,1.3384,prod,payments,2026-07-19T00:00:00Z,111122223333
AWS,EC2,billing-worker,1.2436,prod,payments,2026-07-19T01:00:00Z,111122223333
AWS,EC2,billing-worker,1.1943,prod,payments,2026-07-19T02:00:00Z,111122223333
AWS,EC2,billing-worker,1.4023,prod,payments,2026-07-19T03:00:00Z,111122223333
AWS,EC2,billing-worker,1.1974,prod,payments,2026-07-19T04:00:00Z,111122223333
AWS,EC2,billing-worker,1.2231,prod,payments,2026-07-19T05:00:00Z,111122223333
AWS,EC2,billing-worker,1.1953,prod,payments,2026-07-19T06:00:00Z,111122223333
AWS,EC2,billing-worker,1.2311,prod,payments,2026-07-19T07:00:00Z,111122223333
AWS,EC2,billing-worker,1.5601,prod,payments,2026-07-19T08:00:00Z,111122223333
AWS,EC2,billing-worker,1.4985,prod,payments,2026-07-19T09:00:00Z,111122223333
AWS,EC2,billing-worker,1.8579,prod,payments,2026-07-19T10:00:00Z,111122223333
AWS,EC2,billing-worker,2.0863,prod,payments,2026-07-19T11:00:00Z,111122223333
AWS,EC2,billing-worker,2.1732,prod,payments,2026-07-19T12:00:00Z,111122223333
AWS,EC2,billing-worker,2.0448,prod,payments,2026-07-19T13:00:00Z,111122223333
AWS,EC2,billing-worker,1.8792,prod,payments,2026-07-19T14:00:00Z,111122223333
AWS,EC2,billing-worker,1.9665,prod,payments,2026-07-19T15:00:00Z,111122223333
AWS,EC2,billing-worker,1.7228,prod,payments,2026-07-19T16:00:00Z,111122223333
AWS,EC2,billing-worker,1.6839,prod,payments,2026-07-19T17:00:00Z,111122223333
AWS,EC2,billing-worker,1.3450,prod,payments,2026-07-19T18:00:00Z,111122223333
AWS,EC2,billing-worker,1.2349,prod,payments,2026-07-19T19:00:00Z,111122223333
AWS,EC2,billing-worker,1.2756,prod,payments,2026-07-19T20:00:00Z,111122223333
AWS,EC2,billing-worker,1.3656,prod,payments,2026-07-19T21:00:00Z,111122223333
AWS,EC2,billing-worker,1.4206,prod,payments,2026-07-19T22:00:00Z,111122223333
AWS,EC2,billing-worker,1.1833,prod,payments,2026-07-19T23:00:00Z,111122223333
AWS,EC2,billing-worker,1.9059,prod,payments,2026-07-20T00:00:00Z,111122223333
AWS,EC2,billing-worker,1.7263,prod,payments,2026-07-20T01:00:00Z,111122223333
AWS,EC2,billing-worker,1.7095,prod,payments,2026-07-20T02:00:00Z,111122223333
AWS,EC2,billing-worker,1.9138,prod,payments,2026-07-20T03:00:00Z,111122223333
AWS,EC2,billing-worker,1.7109,prod,payments,2026-07-20T04:00:00Z,111122223333
AWS,EC2,billing-worker,1.8784,prod,payments,2026-07-20T05:00:00Z,111122223333
AWS,EC2,billing-worker,1.6748,prod,payments,2026-07-20T06:00:00Z,111122223333
AWS,EC2,billing-worker,1.9344,prod,payments,2026-07-20T07:00:00Z,111122223333
AWS,EC2,billing-worker,2.1127,prod,payments,2026-07-20T08:00:00Z,111122223333
AWS,EC2,billing-worker,2.3731,prod,payments,2026-07-20T09:00:00Z,111122223333
AWS,EC2,billing-worker,2.8378,prod,payments,2026-07-20T10:00:00Z,111122223333
AWS,EC2,billing-worker,3.0263,prod,payments,2026-07-20T11:00:00Z,111122223333
AWS,EC2,billing-worker,3.0161,prod,payments,2026-07-20T12:00:00Z,111122223333
AWS,EC2,billing-worker,2.9374,prod,payments,2026-07-20T13:00:00Z,111122223333
AWS,EC2,billing-worker,2.6903,prod,payments,2026-07-20T14:00:00Z,111122223333
AWS,EC2,billing-worker,2.9734,prod,payments,2026-07-20T15:00:00Z,111122223333
AWS,EC2,billing-worker,2.7754,prod,payments,2026-07-20T16:00:00Z,111122223333
AWS,EC2,billing-worker,2.3494,prod,payments,2026-07-20T17:00:00Z,111122223333
AWS,EC2,billing-worker,2.2232,prod,payments,2026-07-20T18:00:00Z,111122223333
AWS,EC2,billing-worker,1.8918,prod,payments,2026-07-20T19:00:00Z,111122223333
AWS,EC2,billing-worker,1.8045,prod,payments,2026-07-20T20:00:00Z,111122223333
AWS,EC2,billing-worker,1.7853,prod,payments,2026-07-20T21:00:00Z,111122223333
AWS,EC2,billing-worker,1.8667,prod,payments,2026-07-20T22:00:00Z,111122223333
AWS,EC2,billing-worker,2.0559,prod,payments,2026-07-20T23:00:00Z,111122223333
AWS,EC2,billing-worker,2.0532,prod,payments,2026-07-21T00:00:00Z,111122223333
AWS,EC2,billing-worker,1.8663,prod,payments,2026-07-21T01:00:00Z,111122223333
AWS,EC2,billing-worker,1.8868,prod,payments,2026-07-21T02:00:00Z,111122223333
AWS,EC2,billing-worker,1.9599,prod,payments,2026-07-21T03:00:00Z,111122223333
AWS,EC2,billing-worker,1.6874,prod,payments,2026-07-21T04:00:00Z,111122223333
AWS,EC2,billing-worker,1.7198,prod,payments,2026-07-21T05:00:00Z,111122223333
AWS,EC2,billing-worker,1.6953,prod,payments,2026-07-21T06:00:00Z,111122223333
AWS,EC2,billing-worker,1.7394,prod,payments,2026-07-21T07:00:00Z,111122223333
AWS,EC2,billing-worker,2.3066,prod,payments,2026-07-21T08:00:00Z,111122223333
AWS,EC2,billing-worker,2.4114,prod,payments,2026-07-21T09:00:00Z,111122223333
AWS,EC2,billing-worker,2.8241,prod,payments,2026-07-21T10:00:00Z,111122223333
AWS,EC2,billing-worker,2.7207,prod,payments,2026-07-21T11:00:00Z,111122223333
AWS,EC2,billing-worker,2.7329,prod,payments,2026-07-21T12:00:00Z,111122223333
AWS,EC2,billing-worker,3.0863,prod,payments,2026-07-21T13:00:00Z,111122223333
AWS,EC2,billing-worker,2.6089,prod,payments,2026-07-21T14:00:00Z,111122223333
AWS,EC2,billing-worker,2.7507,prod,payments,2026-07-21T15:00:00Z,111122223333
AWS,EC2,billing-worker,2.5269,prod,payments,2026-07-21T16:00:00Z,111122223333
AWS,EC2,billing-worker,2.5671,prod,payments,2026-07-21T17:00:00Z,111122223333
AWS,EC2,billing-worker,2.1515,prod,payments,2026-07-21T18:00:00Z,111122223333
AWS,EC2,billing-worker,1.7062,prod,payments,2026-07-21T19:00:00Z,111122223333
AWS,EC2,billing-worker,1.9362,prod,payments,2026-07-21T20:00:00Z,111122223333
AWS,EC2,billing-worker,1.8768,prod,payments,2026-07-21T21:00:00Z,111122223333
AWS,EC2,billing-worker,1.7972,prod,payments,2026-07-21T22:00:00Z,111122223333
AWS,EC2,billing-worker,1.7488,prod,payments,2026-07-21T23:00:00Z,111122223333
AWS,EC2,billing-worker,2.0047,prod,payments,2026-07-22T00:00:00Z,111122223333
AWS,EC2,billing-worker,1.8968,prod,payments,2026-07-22T01:00:00Z,111122223333
AWS,EC2,billing-worker,1.9597,prod,payments,2026-07-22T02:00:00Z,111122223333
AWS,EC2,billing-worker,2.0720,prod,payments,2026-07-22T03:00:00Z,111122223333
AWS,EC2,billing-worker,1.8311,prod,payments,2026-07-22T04:00:00Z,111122223333
AWS,EC2,billing-worker,2.0106,prod,payments,2026-07-22T05:00:00Z,111122223333
AWS,EC2,billing-worker,1.7013,prod,payments,2026-07-22T06:00:00Z,111122223333
AWS,EC2,billing-worker,1.9795,prod,payments,2026-07-22T07:00:00Z,111122223333
AWS,EC2,billing-worker,1.9736,prod,payments,2026-07-22T08:00:00Z,111122223333
AWS,EC2,billing-worker,2.6211,prod,payments,2026-07-22T09:00:00Z,111122223333
AWS,EC2,billing-worker,2.5311,prod,payments,2026-07-22T10:00:00Z,111122223333
AWS,EC2,billing-worker,2.6113,prod,payments,2026-07-22T11:00:00Z,111122223333
AWS,EC2,billing-worker,3.0650,prod,payments,2026-07-22T12:00:00Z,111122223333
AWS,EC2,billing-worker,2.9803,prod,payments,2026-07-22T13:00:00Z,111122223333
AWS,EC2,billing-worker,2.8102,prod,payments,2026-07-22T14:00:00Z,111122223333
AWS,EC2,billing-worker,3.0217,prod,payments,2026-07-22T15:00:00Z,111122223333
AWS,EC2,billing-worker,2.8856,prod,payments,2026-07-22T16:00:00Z,111122223333
AWS,EC2,billing-worker,2.4816,prod,payments,2026-07-22T17:00:00Z,111122223333
AWS,EC2,billing-worker,2.2991,prod,payments,2026-07-22T18:00:00Z,111122223333
AWS,EC2,billing-worker,1.9076,prod,payments,2026-07-22T19:00:00Z,111122223333
AWS,EC2,billing-worker,1.9511,prod,payments,2026-07-22T20:00:00Z,111122223333
AWS,EC2,billing-worker,1.9421,prod,payments,2026-07-22T21:00:00Z,111122223333
AWS,EC2,billing-worker,1.7754,prod,payments,2026-07-22T22:00:00Z,111122223333
AWS,EC2,billing-worker,1.8892,prod,payments,2026-07-22T23:00:00Z,111122223333
AWS,EC2,billing-worker,1.8304,prod,payments,2026-07-23T00:00:00Z,111122223333
AWS,EC2,billing-worker,1.7404,prod,payments,2026-07-23T01:00:00Z,111122223333
AWS,EC2,billing-worker,1.9692,prod,payments,2026-07-23T02:00:00Z,111122223333
AWS,EC2,billing-worker,2.0784,prod,payments,2026-07-23T03:00:00Z,111122223333
AWS,EC2,billing-worker,1.7115,prod,payments,2026-07-23T04:00:00Z,111122223333
AWS,EC2,billing-worker,1.7973,prod,payments,2026-07-23T05:00:00Z,111122223333
AWS,EC2,billing-worker,2.0015,prod,payments,2026-07-23T06:00:00Z,111122223333
AWS,EC2,billing-worker,1.7637,prod,payments,2026-07-23T07:00:00Z,111122223333
AWS,EC2,billing-worker,2.3649,prod,payments,2026-07-23T08:00:00Z,111122223333
AWS,EC2,billing-worker,2.5934,prod,payments,2026-07-23T09:00:00Z,111122223333
AWS,EC2,billing-worker,2.5935,prod,payments,2026-07-23T10:00:00Z,111122223333
AWS,EC2,billing-worker,2.6845,prod,payments,2026-07-23T11:00:00Z,111122223333
AWS,EC2,billing-worker,3.2158,prod,payments,2026-07-23T12:00:00Z,111122223333
AWS,EC2,billing-worker,2.8969,prod,payments,2026-07-23T13:00:00Z,111122223333
AWS,EC2,billing-worker,3.2169,prod,payments,2026-07-23T14:00:00Z,111122223333
AWS,EC2,billing-worker,2.5643,prod,payments,2026-07-23T15:00:00Z,111122223333
AWS,EC2,billing-worker,2.5864,prod,payments,2026-07-23T16:00:00Z,111122223333
AWS,EC2,billing-worker,2.2987,prod,payments,2026-07-23T17:00:00Z,111122223333
AWS,EC2,billing-worker,2.2425,prod,payments,2026-07-23T18:00:00Z,111122223333
AWS,EC2,billing-worker,1.7388,prod,payments,2026-07-23T19:00:00Z,111122223333
AWS,EC2,billing-worker,2.0620,prod,payments,2026-07-23T20:00:00Z,111122223333
AWS,EC2,billing-worker,1.9362,prod,payments,2026-07-23T21:00:00Z,111122223333
AWS,EC2,billing-worker,1.9191,prod,payments,2026-07-23T22:00:00Z,111122223333
AWS,EC2,billing-worker,1.8528,prod,payments,2026-07-23T23:00:00Z,111122223333
AWS,EC2,billing-worker,1.9707,prod,payments,2026-07-24T00:00:00Z,111122223333
AWS,EC2,billing-worker,1.9301,prod,payments,2026-07-24T01:00:00Z,111122223333
AWS,EC2,billing-worker,2.0585,prod,payments,2026-07-24T02:00:00Z,111122223333
AWS,EC2,billing-worker,1.9895,prod,payments,2026-07-24T03:00:00Z,111122223333
AWS,EC2,billing-worker,1.9663,prod,payments,2026-07-24T04:00:00Z,111122223333
AWS,EC2,billing-worker,1.9062,prod,payments,2026-07-24T05:00:00Z,111122223333
AWS,EC2,billing-worker,1.8766,prod,payments,2026-07-24T06:00:00Z,111122223333
AWS,EC2,billing-worker,1.7510,prod,payments,2026-07-24T07:00:00Z,111122223333
AWS,EC2,billing-worker,2.1867,prod,payments,2026-07-24T08:00:00Z,111122223333
AWS,EC2,billing-worker,2.5591,prod,payments,2026-07-24T09:00:00Z,111122223333
AWS,EC2,billing-worker,2.7021,prod,payments,2026-07-24T10:00:00Z,111122223333
AWS,EC2,billing-worker,3.1170,prod,payments,2026-07-24T11:00:00Z,111122223333
AWS,EC2,billing-worker,3.1574,prod,payments,2026-07-24T12:00:00Z,111122223333
AWS,EC2,billing-worker,3.0207,prod,payments,2026-07-24T13:00:00Z,111122223333
AWS,EC2,billing-worker,3.1955,prod,payments,2026-07-24T14:00:00Z,111122223333
AWS,EC2,billing-worker,2.9775,prod,payments,2026-07-24T15:00:00Z,111122223333
AWS,EC2,billing-worker,2.8825,prod,payments,2026-07-24T16:00:00Z,111122223333
AWS,EC2,billing-worker,2.2569,prod,payments,2026-07-24T17:00:00Z,111122223333
AWS,EC2,billing-worker,2.1016,prod,payments,2026-07-24T18:00:00Z,111122223333
AWS,EC2,billing-worker,1.9885,prod,payments,2026-07-24T19:00:00Z,111122223333
AWS,EC2,billing-worker,1.9430,prod,payments,2026-07-24T20:00:00Z,111122223333
AWS,EC2,billing-worker,2.0033,prod,payments,2026-07-24T21:00:00Z,111122223333
AWS,EC2,billing-worker,1.9156,prod,payments,2026-07-24T22:00:00Z,111122223333
AWS,EC2,billing-worker,2.0660,prod,payments,2026-07-24T23:00:00Z,111122223333
AWS,EC2,billing-worker,1.3374,prod,payments,2026-07-25T00:00:00Z,111122223333
AWS,EC2,billing-worker,1.2662,prod,payments,2026-07-25T01:00:00Z,111122223333
AWS,EC2,billing-worker,1.3329,prod,payments,2026-07-25T02:00:00Z,111122223333
AWS,EC2,billing-worker,1.2670,prod,payments,2026-07-25T03:00:00Z,111122223333
AWS,EC2,billing-worker,1.4797,prod,payments,2026-07-25T04:00:00Z,111122223333
AWS,EC2,billing-worker,1.2271,prod,payments,2026-07-25T05:00:00Z,111122223333
AWS,EC2,billing-worker,1.3865,prod,payments,2026-07-25T06:00:00Z,111122223333
AWS,EC2,billing-worker,1.3994,prod,payments,2026-07-25T07:00:00Z,111122223333
AWS,EC2,billing-worker,1.6044,prod,payments,2026-07-25T08:00:00Z,111122223333
AWS,EC2,billing-worker,1.8698,prod,payments,2026-07-25T09:00:00Z,111122223333
AWS,EC2,billing-worker,1.8783,prod,payments,2026-07-25T10:00:00Z,111122223333
AWS,EC2,billing-worker,1.9224,prod,payments,2026-07-25T11:00:00Z,111122223333
AWS,EC2,billing-worker,1.9624,prod,payments,2026-07-25T12:00:00Z,111122223333
AWS,EC2,billing-worker,1.9236,prod,payments,2026-07-25T13:00:00Z,111122223333
AWS,EC2,billing-worker,2.1008,prod,payments,2026-07-25T14:00:00Z,111122223333
AWS,EC2,billing-worker,1.9026,prod,payments,2026-07-25T15:00:00Z,111122223333
AWS,EC2,billing-worker,1.7263,prod,payments,2026-07-25T16:00:00Z,111122223333
AWS,EC2,billing-worker,1.8669,prod,payments,2026-07-25T17:00:00Z,111122223333
AWS,EC2,billing-worker,1.5926,prod,payments,2026-07-25T18:00:00Z,111122223333
AWS,EC2,billing-worker,1.3245,prod,payments,2026-07-25T19:00:00Z,111122223333
AWS,EC2,billing-worker,1.3534,prod,payments,2026-07-25T20:00:00Z,111122223333
AWS,EC2,billing-worker,1.2652,prod,payments,2026-07-25T21:00:00Z,111122223333
AWS,EC2,billing-worker,1.2528,prod,payments,2026-07-25T22:00:00Z,111122223333
AWS,EC2,billing-worker,1.3960,prod,payments,2026-07-25T23:00:00Z,111122223333
AWS,EC2,billing-worker,1.2564,prod,payments,2026-07-26T00:00:00Z,111122223333
AWS,EC2,billing-worker,1.2655,prod,payments,2026-07-26T01:00:00Z,111122223333
AWS,EC2,billing-worker,1.2335,prod,payments,2026-07-26T02:00:00Z,111122223333
AWS,EC2,billing-worker,1.2538,prod,payments,2026-07-26T03:00:00Z,111122223333
AWS,EC2,billing-worker,1.2862,prod,payments,2026-07-26T04:00:00Z,111122223333
AWS,EC2,billing-worker,1.2657,prod,payments,2026-07-26T05:00:00Z,111122223333
AWS,EC2,billing-worker,1.4217,prod,payments,2026-07-26T06:00:00Z,111122223333
AWS,EC2,billing-worker,1.2337,prod,payments,2026-07-26T07:00:00Z,111122223333
AWS,EC2,billing-worker,1.6704,prod,payments,2026-07-26T08:00:00Z,111122223333
AWS,EC2,billing-worker,1.7017,prod,payments,2026-07-26T09:00:00Z,111122223333
AWS,EC2,billing-worker,2.0415,prod,payments,2026-07-26T10:00:00Z,111122223333
AWS,EC2,billing-worker,1.8570,prod,payments,2026-07-26T11:00:00Z,111122223333
AWS,EC2,billing-worker,1.8995,prod,payments,2026-07-26T12:00:00Z,111122223333
AWS,EC2,billing-worker,2.1508,prod,payments,2026-07-26T13:00:00Z,111122223333
AWS,EC2,billing-worker,2.0663,prod,payments,2026-07-26T14:00:00Z,111122223333
AWS,EC2,billing-worker,2.1939,prod,payments,2026-07-26T15:00:00Z,111122223333
AWS,EC2,billing-worker,0.3028,dev1,payments,2026-07-13T07:00:00Z,111122223333
AWS,EC2,billing-worker,0.3937,dev1,payments,2026-07-13T08:00:00Z,111122223333
AWS,EC2,billing-worker,0.4420,dev1,payments,2026-07-13T09:00:00Z,111122223333
AWS,EC2,billing-worker,0.4231,dev1,payments,2026-07-13T10:00:00Z,111122223333
AWS,EC2,billing-worker,0.4324,dev1,payments,2026-07-13T11:00:00Z,111122223333
AWS,EC2,billing-worker,0.4920,dev1,payments,2026-07-13T12:00:00Z,111122223333
AWS,EC2,billing-worker,0.4637,dev1,payments,2026-07-13T13:00:00Z,111122223333
AWS,EC2,billing-worker,0.5415,dev1,payments,2026-07-13T14:00:00Z,111122223333
AWS,EC2,billing-worker,0.4339,dev1,payments,2026-07-13T15:00:00Z,111122223333
AWS,EC2,billing-worker,0.4308,dev1,payments,2026-07-13T16:00:00Z,111122223333
AWS,EC2,billing-worker,0.4214,dev1,payments,2026-07-13T17:00:00Z,111122223333
AWS,EC2,billing-worker,0.3722,dev1,payments,2026-07-13T18:00:00Z,111122223333
AWS,EC2,billing-worker,0.3421,dev1,payments,2026-07-14T07:00:00Z,111122223333
AWS,EC2,billing-worker,0.4053,dev1,payments,2026-07-14T08:00:00Z,111122223333
AWS,EC2,billing-worker,0.3982,dev1,payments,2026-07-14T09:00:00Z,111122223333
AWS,EC2,billing-worker,0.4542,dev1,payments,2026-07-14T10:00:00Z,111122223333
AWS,EC2,billing-worker,0.4357,dev1,payments,2026-07-14T11:00:00Z,111122223333
AWS,EC2,billing-worker,0.5401,dev1,payments,2026-07-14T12:00:00Z,111122223333
AWS,EC2,billing-worker,0.4550,dev1,payments,2026-07-14T13:00:00Z,111122223333
AWS,EC2,billing-worker,0.5169,dev1,payments,2026-07-14T14:00:00Z,111122223333
AWS,EC2,billing-worker,0.5078,dev1,payments,2026-07-14T15:00:00Z,111122223333
AWS,EC2,billing-worker,0.4637,dev1,payments,2026-07-14T16:00:00Z,111122223333
AWS,EC2,billing-worker,0.4535,dev1,payments,2026-07-14T17:00:00Z,111122223333
AWS,EC2,billing-worker,0.3770,dev1,payments,2026-07-14T18:00:00Z,111122223333
AWS,EC2,billing-worker,0.3040,dev1,payments,2026-07-15T07:00:00Z,111122223333
AWS,EC2,billing-worker,0.3960,dev1,payments,2026-07-15T08:00:00Z,111122223333
AWS,EC2,billing-worker,0.4228,dev1,payments,2026-07-15T09:00:00Z,111122223333
AWS,EC2,billing-worker,0.4143,dev1,payments,2026-07-15T10:00:00Z,111122223333
AWS,EC2,billing-worker,0.4498,dev1,payments,2026-07-15T11:00:00Z,111122223333
AWS,EC2,billing-worker,0.4876,dev1,payments,2026-07-15T12:00:00Z,111122223333
AWS,EC2,billing-worker,0.4774,dev1,payments,2026-07-15T13:00:00Z,111122223333
AWS,EC2,billing-worker,0.4899,dev1,payments,2026-07-15T14:00:00Z,111122223333
AWS,EC2,billing-worker,0.4830,dev1,payments,2026-07-15T15:00:00Z,111122223333
AWS,EC2,billing-worker,0.4712,dev1,payments,2026-07-15T16:00:00Z,111122223333
AWS,EC2,billing-worker,0.3951,dev1,payments,2026-07-15T17:00:00Z,111122223333
AWS,EC2,billing-worker,0.3610,dev1,payments,2026-07-15T18:00:00Z,111122223333
AWS,EC2,billing-worker,0.3046,dev1,payments,2026-07-16T07:00:00Z,111122223333
AWS,EC2,billing-worker,0.3613,dev1,payments,2026-07-16T08:00:00Z,111122223333
AWS,EC2,billing-worker,0.4503,dev1,payments,2026-07-16T09:00:00Z,111122223333
AWS,EC2,billing-worker,0.4538,dev1,payments,2026-07-16T10:00:00Z,111122223333
AWS,EC2,billing-worker,0.5116,dev1,payments,2026-07-16T11:00:00Z,111122223333
AWS,EC2,billing-worker,0.5337,dev1,payments,2026-07-16T12:00:00Z,111122223333
AWS,EC2,billing-worker,0.5520,dev1,payments,2026-07-16T13:00:00Z,111122223333
AWS,EC2,billing-worker,0.5025,dev1,payments,2026-07-16T14:00:00Z,111122223333
AWS,EC2,billing-worker,0.5000,dev1,payments,2026-07-16T15:00:00Z,111122223333
AWS,EC2,billing-worker,0.4339,dev1,payments,2026-07-16T16:00:00Z,111122223333
AWS,EC2,billing-worker,0.4302,dev1,payments,2026-07-16T17:00:00Z,111122223333
AWS,EC2,billing-worker,0.3570,dev1,payments,2026-07-16T18:00:00Z,111122223333
AWS,EC2,billing-worker,0.3097,dev1,payments,2026-07-17T07:00:00Z,111122223333
AWS,EC2,billing-worker,0.4031,dev1,payments,2026-07-17T08:00:00Z,111122223333
AWS,EC2,billing-worker,0.4108,dev1,payments,2026-07-17T09:00:00Z,111122223333
AWS,EC2,billing-worker,0.4719,dev1,payments,2026-07-17T10:00:00Z,111122223333
AWS,EC2,billing-worker,0.5009,dev1,payments,2026-07-17T11:00:00Z,111122223333
AWS,EC2,billing-worker,0.5573,dev1,payments,2026-07-17T12:00:00Z,111122223333
AWS,EC2,billing-worker,0.5350,dev1,payments,2026-07-17T13:00:00Z,111122223333
AWS,EC2,billing-worker,0.4594,dev1,payments,2026-07-17T14:00:00Z,111122223333
AWS,EC2,billing-worker,0.5336,dev1,payments,2026-07-17T15:00:00Z,111122223333
AWS,EC2,billing-worker,0.4993,dev1,payments,2026-07-17T16:00:00Z,111122223333
AWS,EC2,billing-worker,0.4321,dev1,payments,2026-07-17T17:00:00Z,111122223333
AWS,EC2,billing-worker,0.4055,dev1,payments,2026-07-17T18:00:00Z,111122223333
AWS,EC2,billing-worker,0.3342,dev1,payments,2026-07-20T07:00:00Z,111122223333
AWS,EC2,billing-worker,0.3919,dev1,payments,2026-07-20T08:00:00Z,111122223333
AWS,EC2,billing-worker,0.4366,dev1,payments,2026-07-20T09:00:00Z,111122223333
AWS,EC2,billing-worker,0.4440,dev1,payments,2026-07-20T10:00:00Z,111122223333
AWS,EC2,billing-worker,0.5440,dev1,payments,2026-07-20T11:00:00Z,111122223333
AWS,EC2,billing-worker,0.5104,dev1,payments,2026-07-20T12:00:00Z,111122223333
AWS,EC2,billing-worker,0.5769,dev1,payments,2026-07-20T13:00:00Z,111122223333
AWS,EC2,billing-worker,0.5622,dev1,payments,2026-07-20T14:00:00Z,111122223333
AWS,EC2,billing-worker,0.5317,dev1,payments,2026-07-20T15:00:00Z,111122223333
AWS,EC2,billing-worker,0.5204,dev1,payments,2026-07-20T16:00:00Z,111122223333
AWS,EC2,billing-worker,0.3988,dev1,payments,2026-07-20T17:00:00Z,111122223333
AWS,EC2,billing-worker,0.3894,dev1,payments,2026-07-20T18:00:00Z,111122223333
AWS,EC2,billing-worker,0.3196,dev1,payments,2026-07-21T07:00:00Z,111122223333
AWS,EC2,billing-worker,0.4137,dev1,payments,2026-07-21T08:00:00Z,111122223333
AWS,EC2,billing-worker,0.4618,dev1,payments,2026-07-21T09:00:00Z,111122223333
AWS,EC2,billing-worker,0.4559,dev1,payments,2026-07-21T10:00:00Z,111122223333
AWS,EC2,billing-worker,0.5393,dev1,payments,2026-07-21T11:00:00Z,111122223333
AWS,EC2,billing-worker,0.5042,dev1,payments,2026-07-21T12:00:00Z,111122223333
AWS,EC2,billing-worker,0.5439,dev1,payments,2026-07-21T13:00:00Z,111122223333
AWS,EC2,billing-worker,0.5112,dev1,payments,2026-07-21T14:00:00Z,111122223333
AWS,EC2,billing-worker,0.5277,dev1,payments,2026-07-21T15:00:00Z,111122223333
AWS,EC2,billing-worker,0.5208,dev1,payments,2026-07-21T16:00:00Z,111122223333
AWS,EC2,billing-worker,0.4709,dev1,payments,2026-07-21T17:00:00Z,111122223333
AWS,EC2,billing-worker,0.4040,dev1,payments,2026-07-21T18:00:00Z,111122223333
AWS,EC2,billing-worker,0.3562,dev1,payments,2026-07-22T07:00:00Z,111122223333
AWS,EC2,billing-worker,0.4060,dev1,payments,2026-07-22T08:00:00Z,111122223333
AWS,EC2,billing-worker,0.4135,dev1,payments,2026-07-22T09:00:00Z,111122223333
AWS,EC2,billing-worker,0.4937,dev1,payments,2026-07-22T10:00:00Z,111122223333
AWS,EC2,billing-worker,0.5291,dev1,payments,2026-07-22T11:00:00Z,111122223333
AWS,EC2,billing-worker,0.5731,dev1,payments,2026-07-22T12:00:00Z,111122223333
AWS,EC2,billing-worker,0.4929,dev1,payments,2026-07-22T13:00:00Z,111122223333
AWS,EC2,billing-worker,0.5086,dev1,payments,2026-07-22T14:00:00Z,111122223333
AWS,EC2,billing-worker,0.5299,dev1,payments,2026-07-22T15:00:00Z,111122223333
AWS,EC2,billing-worker,0.4978,dev1,payments,2026-07-22T16:00:00Z,111122223333
AWS,EC2,billing-worker,0.4330,dev1,payments,2026-07-22T17:00:00Z,111122223333
AWS,EC2,billing-worker,0.4116,dev1,payments,2026-07-22T18:00:00Z,111122223333
AWS,EC2,billing-worker,0.3649,dev1,payments,2026-07-23T07:00:00Z,111122223333
AWS,EC2,billing-worker,0.3614,dev1,payments,2026-07-23T08:00:00Z,111122223333
AWS,EC2,billing-worker,0.4304,dev1,payments,2026-07-23T09:00:00Z,111122223333
AWS,EC2,billing-worker,0.5303,dev1,payments,2026-07-23T10:00:00Z,111122223333
AWS,EC2,billing-worker,0.4947,dev1,payments,2026-07-23T11:00:00Z,111122223333
AWS,EC2,billing-worker,0.4921,dev1,payments,2026-07-23T12:00:00Z,111122223333
AWS,EC2,billing-worker,0.4969,dev1,payments,2026-07-23T13:00:00Z,111122223333
AWS,EC2,billing-worker,0.5544,dev1,payments,2026-07-23T14:00:00Z,111122223333
AWS,EC2,billing-worker,0.5564,dev1,payments,2026-07-23T15:00:00Z,111122223333
AWS,EC2,billing-worker,0.4898,dev1,payments,2026-07-23T16:00:00Z,111122223333
AWS,EC2,billing-worker,0.4327,dev1,payments,2026-07-23T17:00:00Z,111122223333
AWS,EC2,billing-worker,0.4049,dev1,payments,2026-07-23T18:00:00Z,111122223333
AWS,EC2,billing-worker,0.3157,dev1,payments,2026-07-24T07:00:00Z,111122223333
AWS,EC2,billing-worker,0.4128,dev1,payments,2026-07-24T08:00:00Z,111122223333
AWS,EC2,billing-worker,0.4637,dev1,payments,2026-07-24T09:00:00Z,111122223333
AWS,EC2,billing-worker,0.5221,dev1,payments,2026-07-24T10:00:00Z,111122223333
AWS,EC2,billing-worker,0.5666,dev1,payments,2026-07-24T11:00:00Z,111122223333
AWS,EC2,billing-worker,0.5800,dev1,payments,2026-07-24T12:00:00Z,111122223333
AWS,EC2,billing-worker,0.5630,dev1,payments,2026-07-24T13:00:00Z,111122223333
AWS,EC2,billing-worker,0.4973,dev1,payments,2026-07-24T14:00:00Z,111122223333
AWS,EC2,billing-worker,0.5238,dev1,payments,2026-07-24T15:00:00Z,111122223333
AWS,EC2,billing-worker,0.5203,dev1,payments,2026-07-24T16:00:00Z,111122223333
AWS,EC2,billing-worker,0.4416,dev1,payments,2026-07-24T17:00:00Z,111122223333
AWS,EC2,billing-worker,0.3702,dev1,payments,2026-07-24T18:00:00Z,111122223333
AWS,CloudWatch,billing-worker,0.4167,prod,payments,2026-07-12T16:00:00Z,111122223333
AWS,CloudWatch,billing-worker,0.3493,prod,payments,2026-07-12T17:00:00Z,111122223333
AWS,CloudWatch,billing-worker,0.3195,prod,payments,2026-07-12T18:00:00Z,111122223333
AWS,CloudWatch,billing-worker,0.2665,prod,payments,2026-07-12T19:00:00Z,111122223333
AWS,CloudWatch,billing-worker,0.2912,prod,payments,2026-07-12T20:00:00Z,111122223333
AWS,CloudWatch,billing-worker,0.2568,prod,payments,2026-07-12T21:00:00Z,111122223333
AWS,CloudWatch,billing-worker,0.2562,prod,payments,2026-07-12T22:00:00Z,111122223333
AWS,CloudWatch,billing-worker,0.2907,prod,payments,2026-07-12T23:00:00Z,111122223333
AWS,CloudWatch,billing-worker,0.4077,prod,payments,2026-07-13T00:00:00Z,111122223333
AWS,CloudWatch,billing-worker,0.3918,prod,payments,2026-07-13T01:00:00Z,111122223333
AWS,CloudWatch,billing-worker,0.3613,prod,payments,2026-07-13T02:00:00Z,111122223333
AWS,CloudWatch,billing-worker,0.4242,prod,payments,2026-07-13T03:00:00Z,111122223333
AWS,CloudWatch,billing-worker,0.4185,prod,payments,2026-07-13T04:00:00Z,111122223333
AWS,CloudWatch,billing-worker,0.4123,prod,payments,2026-07-13T05:00:00Z,111122223333
AWS,CloudWatch,billing-worker,0.4157,prod,payments,2026-07-13T06:00:00Z,111122223333
AWS,CloudWatch,billing-worker,0.3856,prod,payments,2026-07-13T07:00:00Z,111122223333
AWS,CloudWatch,billing-worker,0.4356,prod,payments,2026-07-13T08:00:00Z,111122223333
AWS,CloudWatch,billing-worker,0.4948,prod,payments,2026-07-13T09:00:00Z,111122223333
AWS,CloudWatch,billing-worker,0.5233,prod,payments,2026-07-13T10:00:00Z,111122223333
AWS,CloudWatch,billing-worker,0.6348,prod,payments,2026-07-13T11:00:00Z,111122223333
AWS,CloudWatch,billing-worker,0.6187,prod,payments,2026-07-13T12:00:00Z,111122223333
AWS,CloudWatch,billing-worker,0.5785,prod,payments,2026-07-13T13:00:00Z,111122223333
AWS,CloudWatch,billing-worker,0.6769,prod,payments,2026-07-13T14:00:00Z,111122223333
AWS,CloudWatch,billing-worker,0.5863,prod,payments,2026-07-13T15:00:00Z,111122223333
AWS,CloudWatch,billing-worker,0.5104,prod,payments,2026-07-13T16:00:00Z,111122223333
AWS,CloudWatch,billing-worker,0.5008,prod,payments,2026-07-13T17:00:00Z,111122223333
AWS,CloudWatch,billing-worker,0.4236,prod,payments,2026-07-13T18:00:00Z,111122223333
AWS,CloudWatch,billing-worker,0.3952,prod,payments,2026-07-13T19:00:00Z,111122223333
AWS,CloudWatch,billing-worker,0.3752,prod,payments,2026-07-13T20:00:00Z,111122223333
AWS,CloudWatch,billing-worker,0.3679,prod,payments,2026-07-13T21:00:00Z,111122223333
AWS,CloudWatch,billing-worker,0.3965,prod,payments,2026-07-13T22:00:00Z,111122223333
AWS,CloudWatch,billing-worker,0.4267,prod,payments,2026-07-13T23:00:00Z,111122223333
AWS,CloudWatch,billing-worker,0.3697,prod,payments,2026-07-14T00:00:00Z,111122223333
AWS,CloudWatch,billing-worker,0.4392,prod,payments,2026-07-14T01:00:00Z,111122223333
AWS,CloudWatch,billing-worker,0.4345,prod,payments,2026-07-14T02:00:00Z,111122223333
AWS,CloudWatch,billing-worker,0.4088,prod,payments,2026-07-14T03:00:00Z,111122223333
AWS,CloudWatch,billing-worker,0.3696,prod,payments,2026-07-14T04:00:00Z,111122223333
AWS,CloudWatch,billing-worker,0.3654,prod,payments,2026-07-14T05:00:00Z,111122223333
AWS,CloudWatch,billing-worker,0.3865,prod,payments,2026-07-14T06:00:00Z,111122223333
AWS,CloudWatch,billing-worker,0.4314,prod,payments,2026-07-14T07:00:00Z,111122223333
AWS,CloudWatch,billing-worker,0.4847,prod,payments,2026-07-14T08:00:00Z,111122223333
AWS,CloudWatch,billing-worker,0.5264,prod,payments,2026-07-14T09:00:00Z,111122223333
AWS,CloudWatch,billing-worker,0.5435,prod,payments,2026-07-14T10:00:00Z,111122223333
AWS,CloudWatch,billing-worker,0.6112,prod,payments,2026-07-14T11:00:00Z,111122223333
AWS,CloudWatch,billing-worker,0.6491,prod,payments,2026-07-14T12:00:00Z,111122223333
AWS,CloudWatch,billing-worker,0.6389,prod,payments,2026-07-14T13:00:00Z,111122223333
AWS,CloudWatch,billing-worker,0.6642,prod,payments,2026-07-14T14:00:00Z,111122223333
AWS,CloudWatch,billing-worker,0.5841,prod,payments,2026-07-14T15:00:00Z,111122223333
AWS,CloudWatch,billing-worker,0.5901,prod,payments,2026-07-14T16:00:00Z,111122223333
AWS,CloudWatch,billing-worker,0.5012,prod,payments,2026-07-14T17:00:00Z,111122223333
AWS,CloudWatch,billing-worker,0.5109,prod,payments,2026-07-14T18:00:00Z,111122223333
AWS,CloudWatch,billing-worker,0.4208,prod,payments,2026-07-14T19:00:00Z,111122223333
AWS,CloudWatch,billing-worker,0.4393,prod,payments,2026-07-14T20:00:00Z,111122223333
AWS,CloudWatch,billing-worker,0.4161,prod,payments,2026-07-14T21:00:00Z,111122223333
AWS,CloudWatch,billing-worker,0.4467,prod,payments,2026-07-14T22:00:00Z,111122223333
AWS,CloudWatch,billing-worker,0.3733,prod,payments,2026-07-14T23:00:00Z,111122223333
AWS,CloudWatch,billing-worker,0.3681,prod,payments,2026-07-15T00:00:00Z,111122223333
AWS,CloudWatch,billing-worker,0.4155,prod,payments,2026-07-15T01:00:00Z,111122223333
AWS,CloudWatch,billing-worker,0.4441,prod,payments,2026-07-15T02:00:00Z,111122223333
AWS,CloudWatch,billing-worker,0.3702,prod,payments,2026-07-15T03:00:00Z,111122223333
AWS,CloudWatch,billing-worker,0.4148,prod,payments,2026-07-15T04:00:00Z,111122223333
AWS,CloudWatch,billing-worker,0.3779,prod,payments,2026-07-15T05:00:00Z,111122223333
AWS,CloudWatch,billing-worker,0.4440,prod,payments,2026-07-15T06:00:00Z,111122223333
AWS,CloudWatch,billing-worker,0.4220,prod,payments,2026-07-15T07:00:00Z,111122223333
AWS,CloudWatch,billing-worker,0.4583,prod,payments,2026-07-15T08:00:00Z,111122223333
AWS,CloudWatch,billing-worker,0.4996,prod,payments,2026-07-15T09:00:00Z,111122223333
AWS,CloudWatch,billing-worker,0.5875,prod,payments,2026-07-15T10:00:00Z,111122223333
AWS,CloudWatch,billing-worker,0.6485,prod,payments,2026-07-15T11:00:00Z,111122223333
AWS,CloudWatch,billing-worker,0.6252,prod,payments,2026-07-15T12:00:00Z,111122223333
AWS,CloudWatch,billing-worker,0.6915,prod,payments,2026-07-15T13:00:00Z,111122223333
AWS,CloudWatch,billing-worker,0.5797,prod,payments,2026-07-15T14:00:00Z,111122223333
AWS,CloudWatch,billing-worker,0.5925,prod,payments,2026-07-15T15:00:00Z,111122223333
AWS,CloudWatch,billing-worker,0.5453,prod,payments,2026-07-15T16:00:00Z,111122223333
AWS,CloudWatch,billing-worker,0.5557,prod,payments,2026-07-15T17:00:00Z,111122223333
AWS,CloudWatch,billing-worker,0.4696,prod,payments,2026-07-15T18:00:00Z,111122223333
AWS,CloudWatch,billing-worker,0.4301,prod,payments,2026-07-15T19:00:00Z,111122223333
AWS,CloudWatch,billing-worker,0.4238,prod,payments,2026-07-15T20:00:00Z,111122223333
AWS,CloudWatch,billing-worker,0.3768,prod,payments,2026-07-15T21:00:00Z,111122223333
AWS,CloudWatch,billing-worker,0.4316,prod,payments,2026-07-15T22:00:00Z,111122223333
AWS,CloudWatch,billing-worker,0.4381,prod,payments,2026-07-15T23:00:00Z,111122223333
AWS,CloudWatch,billing-worker,0.4213,prod,payments,2026-07-16T00:00:00Z,111122223333
AWS,CloudWatch,billing-worker,0.4431,prod,payments,2026-07-16T01:00:00Z,111122223333
AWS,CloudWatch,billing-worker,0.3783,prod,payments,2026-07-16T02:00:00Z,111122223333
AWS,CloudWatch,billing-worker,0.3805,prod,payments,2026-07-16T03:00:00Z,111122223333
AWS,CloudWatch,billing-worker,0.3960,prod,payments,2026-07-16T04:00:00Z,111122223333
AWS,CloudWatch,billing-worker,0.4216,prod,payments,2026-07-16T05:00:00Z,111122223333
AWS,CloudWatch,billing-worker,0.3828,prod,payments,2026-07-16T06:00:00Z,111122223333
AWS,CloudWatch,billing-worker,0.4082,prod,payments,2026-07-16T07:00:00Z,111122223333
AWS,CloudWatch,billing-worker,0.4296,prod,payments,2026-07-16T08:00:00Z,111122223333
AWS,CloudWatch,billing-worker,0.5750,prod,payments,2026-07-16T09:00:00Z,111122223333
AWS,CloudWatch,billing-worker,0.5782,prod,payments,2026-07-16T10:00:00Z,111122223333
AWS,CloudWatch,billing-worker,0.6356,prod,payments,2026-07-16T11:00:00Z,111122223333
AWS,CloudWatch,billing-worker,0.6047,prod,payments,2026-07-16T12:00:00Z,111122223333
AWS,CloudWatch,billing-worker,0.5769,prod,payments,2026-07-16T13:00:00Z,111122223333
AWS,CloudWatch,billing-worker,0.6782,prod,payments,2026-07-16T14:00:00Z,111122223333
AWS,CloudWatch,billing-worker,0.6139,prod,payments,2026-07-16T15:00:00Z,111122223333
AWS,CloudWatch,billing-worker,0.5440,prod,payments,2026-07-16T16:00:00Z,111122223333
AWS,CloudWatch,billing-worker,0.4798,prod,payments,2026-07-16T17:00:00Z,111122223333
AWS,CloudWatch,billing-worker,0.4325,prod,payments,2026-07-16T18:00:00Z,111122223333
AWS,CloudWatch,billing-worker,0.4425,prod,payments,2026-07-16T19:00:00Z,111122223333
AWS,CloudWatch,billing-worker,0.4263,prod,payments,2026-07-16T20:00:00Z,111122223333
AWS,CloudWatch,billing-worker,0.4065,prod,payments,2026-07-16T21:00:00Z,111122223333
AWS,CloudWatch,billing-worker,0.4068,prod,payments,2026-07-16T22:00:00Z,111122223333
AWS,CloudWatch,billing-worker,0.3964,prod,payments,2026-07-16T23:00:00Z,111122223333
AWS,CloudWatch,billing-worker,0.4059,prod,payments,2026-07-17T00:00:00Z,111122223333
AWS,CloudWatch,billing-worker,0.4196,prod,payments,2026-07-17T01:00:00Z,111122223333
AWS,CloudWatch,billing-worker,0.3863,prod,payments,2026-07-17T02:00:00Z,111122223333
AWS,CloudWatch,billing-worker,0.4153,prod,payments,2026-07-17T03:00:00Z,111122223333
AWS,CloudWatch,billing-worker,0.3829,prod,payments,2026-07-17T04:00:00Z,111122223333
AWS,CloudWatch,billing-worker,0.3820,prod,payments,2026-07-17T05:00:00Z,111122223333
AWS,CloudWatch,billing-worker,0.3911,prod,payments,2026-07-17T06:00:00Z,111122223333
AWS,CloudWatch,billing-worker,0.3959,prod,payments,2026-07-17T07:00:00Z,111122223333
AWS,CloudWatch,billing-worker,0.4431,prod,payments,2026-07-17T08:00:00Z,111122223333
AWS,CloudWatch,billing-worker,0.5171,prod,payments,2026-07-17T09:00:00Z,111122223333
AWS,CloudWatch,billing-worker,0.6076,prod,payments,2026-07-17T10:00:00Z,111122223333
AWS,CloudWatch,billing-worker,0.5740,prod,payments,2026-07-17T11:00:00Z,111122223333
AWS,CloudWatch,billing-worker,0.6216,prod,payments,2026-07-17T12:00:00Z,111122223333
AWS,CloudWatch,billing-worker,0.6174,prod,payments,2026-07-17T13:00:00Z,111122223333
AWS,CloudWatch,billing-worker,0.6123,prod,payments,2026-07-17T14:00:00Z,111122223333
AWS,CloudWatch,billing-worker,0.6734,prod,payments,2026-07-17T15:00:00Z,111122223333
AWS,CloudWatch,billing-worker,0.5348,prod,payments,2026-07-17T16:00:00Z,111122223333
AWS,CloudWatch,billing-worker,0.5672,prod,payments,2026-07-17T17:00:00Z,111122223333
AWS,CloudWatch,billing-worker,0.4471,prod,payments,2026-07-17T18:00:00Z,111122223333
AWS,CloudWatch,billing-worker,0.4143,prod,payments,2026-07-17T19:00:00Z,111122223333
AWS,CloudWatch,billing-worker,0.3954,prod,payments,2026-07-17T20:00:00Z,111122223333
AWS,CloudWatch,billing-worker,0.3969,prod,payments,2026-07-17T21:00:00Z,111122223333
AWS,CloudWatch,billing-worker,0.4232,prod,payments,2026-07-17T22:00:00Z,111122223333
AWS,CloudWatch,billing-worker,0.4095,prod,payments,2026-07-17T23:00:00Z,111122223333
AWS,CloudWatch,billing-worker,0.3100,prod,payments,2026-07-18T00:00:00Z,111122223333
AWS,CloudWatch,billing-worker,0.2964,prod,payments,2026-07-18T01:00:00Z,111122223333
AWS,CloudWatch,billing-worker,0.3136,prod,payments,2026-07-18T02:00:00Z,111122223333
AWS,CloudWatch,billing-worker,0.2656,prod,payments,2026-07-18T03:00:00Z,111122223333
AWS,CloudWatch,billing-worker,0.2760,prod,payments,2026-07-18T04:00:00Z,111122223333
AWS,CloudWatch,billing-worker,0.3093,prod,payments,2026-07-18T05:00:00Z,111122223333
AWS,CloudWatch,billing-worker,0.3034,prod,payments,2026-07-18T06:00:00Z,111122223333
AWS,CloudWatch,billing-worker,0.3039,prod,payments,2026-07-18T07:00:00Z,111122223333
AWS,CloudWatch,billing-worker,0.3143,prod,payments,2026-07-18T08:00:00Z,111122223333
AWS,CloudWatch,billing-worker,0.3878,prod,payments,2026-07-18T09:00:00Z,111122223333
AWS,CloudWatch,billing-worker,0.4389,prod,payments,2026-07-18T10:00:00Z,111122223333
AWS,CloudWatch,billing-worker,0.4248,prod,payments,2026-07-18T11:00:00Z,111122223333
AWS,CloudWatch,billing-worker,0.4823,prod,payments,2026-07-18T12:00:00Z,111122223333
AWS,CloudWatch,billing-worker,0.4359,prod,payments,2026-07-18T13:00:00Z,111122223333
AWS,CloudWatch,billing-worker,0.4209,prod,payments,2026-07-18T14:00:00Z,111122223333
AWS,CloudWatch,billing-worker,0.4510,prod,payments,2026-07-18T15:00:00Z,111122223333
AWS,CloudWatch,billing-worker,0.4123,prod,payments,2026-07-18T16:00:00Z,111122223333
AWS,CloudWatch,billing-worker,0.3431,prod,payments,2026-07-18T17:00:00Z,111122223333
AWS,CloudWatch,billing-worker,0.3234,prod,payments,2026-07-18T18:00:00Z,111122223333
AWS,CloudWatch,billing-worker,0.3147,prod,payments,2026-07-18T19:00:00Z,111122223333
AWS,CloudWatch,billing-worker,0.3111,prod,payments,2026-07-18T20:00:00Z,111122223333
AWS,CloudWatch,billing-worker,0.2769,prod,payments,2026-07-18T21:00:00Z,111122223333
AWS,CloudWatch,billing-worker,0.2993,prod,payments,2026-07-18T22:00:00Z,111122223333
AWS,CloudWatch,billing-worker,0.3200,prod,payments,2026-07-18T23:00:00Z,111122223333
AWS,CloudWatch,billing-worker,0.2859,prod,payments,2026-07-19T00:00:00Z,111122223333
AWS,CloudWatch,billing-worker,0.2914,prod,payments,2026-07-19T01:00:00Z,111122223333
AWS,CloudWatch,billing-worker,0.2936,prod,payments,2026-07-19T02:00:00Z,111122223333
AWS,CloudWatch,billing-worker,0.2971,prod,payments,2026-07-19T03:00:00Z,111122223333
AWS,CloudWatch,billing-worker,0.3133,prod,payments,2026-07-19T04:00:00Z,111122223333
AWS,CloudWatch,billing-worker,0.3109,prod,payments,2026-07-19T05:00:00Z,111122223333
AWS,CloudWatch,billing-worker,0.3115,prod,payments,2026-07-19T06:00:00Z,111122223333
AWS,CloudWatch,billing-worker,0.2691,prod,payments,2026-07-19T07:00:00Z,111122223333
AWS,CloudWatch,billing-worker,0.3058,prod,payments,2026-07-19T08:00:00Z,111122223333
AWS,CloudWatch,billing-worker,0.3939,prod,payments,2026-07-19T09:00:00Z,111122223333
AWS,CloudWatch,billing-worker,0.4307,prod,payments,2026-07-19T10:00:00Z,111122223333
AWS,CloudWatch,billing-worker,0.4786,prod,payments,2026-07-19T11:00:00Z,111122223333
AWS,CloudWatch,billing-worker,0.4621,prod,payments,2026-07-19T12:00:00Z,111122223333
AWS,CloudWatch,billing-worker,0.4274,prod,payments,2026-07-19T13:00:00Z,111122223333
AWS,CloudWatch,billing-worker,0.4285,prod,payments,2026-07-19T14:00:00Z,111122223333
AWS,CloudWatch,billing-worker,0.4630,prod,payments,2026-07-19T15:00:00Z,111122223333
AWS,CloudWatch,billing-worker,0.4016,prod,payments,2026-07-19T16:00:00Z,111122223333
AWS,CloudWatch,billing-worker,0.3951,prod,payments,2026-07-19T17:00:00Z,111122223333
AWS,CloudWatch,billing-worker,0.3124,prod,payments,2026-07-19T18:00:00Z,111122223333
AWS,CloudWatch,billing-worker,0.2891,prod,payments,2026-07-19T19:00:00Z,111122223333
AWS,CloudWatch,billing-worker,0.2944,prod,payments,2026-07-19T20:00:00Z,111122223333
AWS,CloudWatch,billing-worker,0.2707,prod,payments,2026-07-19T21:00:00Z,111122223333
AWS,CloudWatch,billing-worker,0.2692,prod,payments,2026-07-19T22:00:00Z,111122223333
AWS,CloudWatch,billing-worker,0.3086,prod,payments,2026-07-19T23:00:00Z,111122223333
AWS,CloudWatch,billing-worker,0.4143,prod,payments,2026-07-20T00:00:00Z,111122223333
AWS,CloudWatch,billing-worker,0.4358,prod,payments,2026-07-20T01:00:00Z,111122223333
AWS,CloudWatch,billing-worker,0.3847,prod,payments,2026-07-20T02:00:00Z,111122223333
AWS,CloudWatch,billing-worker,0.4379,prod,payments,2026-07-20T03:00:00Z,111122223333
AWS,CloudWatch,billing-worker,0.4103,prod,payments,2026-07-20T04:00:00Z,111122223333
AWS,CloudWatch,billing-worker,0.4279,prod,payments,2026-07-20T05:00:00Z,111122223333
AWS,CloudWatch,billing-worker,0.3877,prod,payments,2026-07-20T06:00:00Z,111122223333
AWS,CloudWatch,billing-worker,0.4231,prod,payments,2026-07-20T07:00:00Z,111122223333
AWS,CloudWatch,billing-worker,0.4589,prod,payments,2026-07-20T08:00:00Z,111122223333
AWS,CloudWatch,billing-worker,0.5859,prod,payments,2026-07-20T09:00:00Z,111122223333
AWS,CloudWatch,billing-worker,0.5976,prod,payments,2026-07-20T10:00:00Z,111122223333
AWS,CloudWatch,billing-worker,0.5802,prod,payments,2026-07-20T11:00:00Z,111122223333
AWS,CloudWatch,billing-worker,0.6835,prod,payments,2026-07-20T12:00:00Z,111122223333
AWS,CloudWatch,billing-worker,0.6362,prod,payments,2026-07-20T13:00:00Z,111122223333
AWS,CloudWatch,billing-worker,0.6435,prod,payments,2026-07-20T14:00:00Z,111122223333
AWS,CloudWatch,billing-worker,0.6679,prod,payments,2026-07-20T15:00:00Z,111122223333
AWS,CloudWatch,billing-worker,0.5406,prod,payments,2026-07-20T16:00:00Z,111122223333
AWS,CloudWatch,billing-worker,0.5299,prod,payments,2026-07-20T17:00:00Z,111122223333
AWS,CloudWatch,billing-worker,0.5020,prod,payments,2026-07-20T18:00:00Z,111122223333
AWS,CloudWatch,billing-worker,0.3878,prod,payments,2026-07-20T19:00:00Z,111122223333
AWS,CloudWatch,billing-worker,0.4602,prod,payments,2026-07-20T20:00:00Z,111122223333
AWS,CloudWatch,billing-worker,0.4435,prod,payments,2026-07-20T21:00:00Z,111122223333
AWS,CloudWatch,billing-worker,0.4151,prod,payments,2026-07-20T22:00:00Z,111122223333
AWS,CloudWatch,billing-worker,0.4025,prod,payments,2026-07-20T23:00:00Z,111122223333
AWS,CloudWatch,billing-worker,0.4652,prod,payments,2026-07-21T00:00:00Z,111122223333
AWS,CloudWatch,billing-worker,0.3940,prod,payments,2026-07-21T01:00:00Z,111122223333
AWS,CloudWatch,billing-worker,0.4026,prod,payments,2026-07-21T02:00:00Z,111122223333
AWS,CloudWatch,billing-worker,0.4091,prod,payments,2026-07-21T03:00:00Z,111122223333
AWS,CloudWatch,billing-worker,0.3885,prod,payments,2026-07-21T04:00:00Z,111122223333
AWS,CloudWatch,billing-worker,0.4400,prod,payments,2026-07-21T05:00:00Z,111122223333
AWS,CloudWatch,billing-worker,0.4041,prod,payments,2026-07-21T06:00:00Z,111122223333
AWS,CloudWatch,billing-worker,0.4430,prod,payments,2026-07-21T07:00:00Z,111122223333
AWS,CloudWatch,billing-worker,0.4826,prod,payments,2026-07-21T08:00:00Z,111122223333
AWS,CloudWatch,billing-worker,0.5480,prod,payments,2026-07-21T09:00:00Z,111122223333
AWS,CloudWatch,billing-worker,0.5562,prod,payments,2026-07-21T10:00:00Z,111122223333
AWS,CloudWatch,billing-worker,0.6732,prod,payments,2026-07-21T11:00:00Z,111122223333
AWS,CloudWatch,billing-worker,0.6853,prod,payments,2026-07-21T12:00:00Z,111122223333
AWS,CloudWatch,billing-worker,0.7130,prod,payments,2026-07-21T13:00:00Z,111122223333
AWS,CloudWatch,billing-worker,0.7221,prod,payments,2026-07-21T14:00:00Z,111122223333
AWS,CloudWatch,billing-worker,0.6809,prod,payments,2026-07-21T15:00:00Z,111122223333
AWS,CloudWatch,billing-worker,0.5558,prod,payments,2026-07-21T16:00:00Z,111122223333
AWS,CloudWatch,billing-worker,0.5256,prod,payments,2026-07-21T17:00:00Z,111122223333
AWS,CloudWatch,billing-worker,0.4942,prod,payments,2026-07-21T18:00:00Z,111122223333
AWS,CloudWatch,billing-worker,0.4305,prod,payments,2026-07-21T19:00:00Z,111122223333
AWS,CloudWatch,billing-worker,0.4018,prod,payments,2026-07-21T20:00:00Z,111122223333
AWS,CloudWatch,billing-worker,0.3929,prod,payments,2026-07-21T21:00:00Z,111122223333
AWS,CloudWatch,billing-worker,0.4251,prod,payments,2026-07-21T22:00:00Z,111122223333
AWS,CloudWatch,billing-worker,0.4573,prod,payments,2026-07-21T23:00:00Z,111122223333
AWS,CloudWatch,billing-worker,0.4350,prod,payments,2026-07-22T00:00:00Z,111122223333
AWS,CloudWatch,billing-worker,0.4711,prod,payments,2026-07-22T01:00:00Z,111122223333
AWS,CloudWatch,billing-worker,0.3969,prod,payments,2026-07-22T02:00:00Z,111122223333
AWS,CloudWatch,billing-worker,0.4576,prod,payments,2026-07-22T03:00:00Z,111122223333
AWS,CloudWatch,billing-worker,0.4371,prod,payments,2026-07-22T04:00:00Z,111122223333
AWS,CloudWatch,billing-worker,0.4000,prod,payments,2026-07-22T05:00:00Z,111122223333
AWS,CloudWatch,billing-worker,0.4188,prod,payments,2026-07-22T06:00:00Z,111122223333
AWS,CloudWatch,billing-worker,0.4128,prod,payments,2026-07-22T07:00:00Z,111122223333
AWS,CloudWatch,billing-worker,0.4708,prod,payments,2026-07-22T08:00:00Z,111122223333
AWS,CloudWatch,billing-worker,0.5566,prod,payments,2026-07-22T09:00:00Z,111122223333
AWS,CloudWatch,billing-worker,0.6152,prod,payments,2026-07-22T10:00:00Z,111122223333
AWS,CloudWatch,billing-worker,0.5954,prod,payments,2026-07-22T11:00:00Z,111122223333
AWS,CloudWatch,billing-worker,0.7263,prod,payments,2026-07-22T12:00:00Z,111122223333
AWS,CloudWatch,billing-worker,0.6488,prod,payments,2026-07-22T13:00:00Z,111122223333
AWS,CloudWatch,billing-worker,0.6352,prod,payments,2026-07-22T14:00:00Z,111122223333
AWS,CloudWatch,billing-worker,0.5749,prod,payments,2026-07-22T15:00:00Z,111122223333
AWS,CloudWatch,billing-worker,0.6274,prod,payments,2026-07-22T16:00:00Z,111122223333
AWS,CloudWatch,billing-worker,0.5970,prod,payments,2026-07-22T17:00:00Z,111122223333
AWS,CloudWatch,billing-worker,0.4780,prod,payments,2026-07-22T18:00:00Z,111122223333
AWS,CloudWatch,billing-worker,0.4206,prod,payments,2026-07-22T19:00:00Z,111122223333
AWS,CloudWatch,billing-worker,0.4525,prod,payments,2026-07-22T20:00:00Z,111122223333
AWS,CloudWatch,billing-worker,0.3940,prod,payments,2026-07-22T21:00:00Z,111122223333
AWS,CloudWatch,billing-worker,0.4674,prod,payments,2026-07-22T22:00:00Z,111122223333
AWS,CloudWatch,billing-worker,0.4127,prod,payments,2026-07-22T23:00:00Z,111122223333
AWS,CloudWatch,billing-worker,0.4224,prod,payments,2026-07-23T00:00:00Z,111122223333
AWS,CloudWatch,billing-worker,0.3955,prod,payments,2026-07-23T01:00:00Z,111122223333
AWS,CloudWatch,billing-worker,0.4364,prod,payments,2026-07-23T02:00:00Z,111122223333
AWS,CloudWatch,billing-worker,0.4544,prod,payments,2026-07-23T03:00:00Z,111122223333
AWS,CloudWatch,billing-worker,0.4208,prod,payments,2026-07-23T04:00:00Z,111122223333
AWS,CloudWatch,billing-worker,0.4685,prod,payments,2026-07-23T05:00:00Z,111122223333
AWS,CloudWatch,billing-worker,0.4146,prod,payments,2026-07-23T06:00:00Z,111122223333
AWS,CloudWatch,billing-worker,0.4365,prod,payments,2026-07-23T07:00:00Z,111122223333
AWS,CloudWatch,billing-worker,0.5339,prod,payments,2026-07-23T08:00:00Z,111122223333
AWS,CloudWatch,billing-worker,0.5770,prod,payments,2026-07-23T09:00:00Z,111122223333
AWS,CloudWatch,billing-worker,0.5791,prod,payments,2026-07-23T10:00:00Z,111122223333
AWS,CloudWatch,billing-worker,0.6796,prod,payments,2026-07-23T11:00:00Z,111122223333
AWS,CloudWatch,billing-worker,0.6773,prod,payments,2026-07-23T12:00:00Z,111122223333
AWS,CloudWatch,billing-worker,0.7300,prod,payments,2026-07-23T13:00:00Z,111122223333
AWS,CloudWatch,billing-worker,0.7196,prod,payments,2026-07-23T14:00:00Z,111122223333
AWS,CloudWatch,billing-worker,0.6796,prod,payments,2026-07-23T15:00:00Z,111122223333
AWS,CloudWatch,billing-worker,0.5774,prod,payments,2026-07-23T16:00:00Z,111122223333
AWS,CloudWatch,billing-worker,0.5278,prod,payments,2026-07-23T17:00:00Z,111122223333
AWS,CloudWatch,billing-worker,0.5349,prod,payments,2026-07-23T18:00:00Z,111122223333
AWS,CloudWatch,billing-worker,0.4226,prod,payments,2026-07-23T19:00:00Z,111122223333
AWS,CloudWatch,billing-worker,0.4232,prod,payments,2026-07-23T20:00:00Z,111122223333
AWS,CloudWatch,billing-worker,0.3962,prod,payments,2026-07-23T21:00:00Z,111122223333
AWS,CloudWatch,billing-worker,0.4784,prod,payments,2026-07-23T22:00:00Z,111122223333
AWS,CloudWatch,billing-worker,0.4147,prod,payments,2026-07-23T23:00:00Z,111122223333
AWS,CloudWatch,billing-worker,0.4270,prod,payments,2026-07-24T00:00:00Z,111122223333
AWS,CloudWatch,billing-worker,0.4086,prod,payments,2026-07-24T01:00:00Z,111122223333
AWS,CloudWatch,billing-worker,0.4260,prod,payments,2026-07-24T02:00:00Z,111122223333
AWS,CloudWatch,billing-worker,0.4170,prod,payments,2026-07-24T03:00:00Z,111122223333
AWS,CloudWatch,billing-worker,0.4502,prod,payments,2026-07-24T04:00:00Z,111122223333
AWS,CloudWatch,billing-worker,0.4488,prod,payments,2026-07-24T05:00:00Z,111122223333
AWS,CloudWatch,billing-worker,0.4189,prod,payments,2026-07-24T06:00:00Z,111122223333
AWS,CloudWatch,billing-worker,0.4470,prod,payments,2026-07-24T07:00:00Z,111122223333
AWS,CloudWatch,billing-worker,0.5097,prod,payments,2026-07-24T08:00:00Z,111122223333
AWS,CloudWatch,billing-worker,0.5984,prod,payments,2026-07-24T09:00:00Z,111122223333
AWS,CloudWatch,billing-worker,0.6301,prod,payments,2026-07-24T10:00:00Z,111122223333
AWS,CloudWatch,billing-worker,0.6796,prod,payments,2026-07-24T11:00:00Z,111122223333
AWS,CloudWatch,billing-worker,0.6059,prod,payments,2026-07-24T12:00:00Z,111122223333
AWS,CloudWatch,billing-worker,0.7246,prod,payments,2026-07-24T13:00:00Z,111122223333
AWS,CloudWatch,billing-worker,0.6730,prod,payments,2026-07-24T14:00:00Z,111122223333
AWS,CloudWatch,billing-worker,0.6160,prod,payments,2026-07-24T15:00:00Z,111122223333
AWS,CloudWatch,billing-worker,0.6534,prod,payments,2026-07-24T16:00:00Z,111122223333
AWS,CloudWatch,billing-worker,0.5899,prod,payments,2026-07-24T17:00:00Z,111122223333
AWS,CloudWatch,billing-worker,0.5120,prod,payments,2026-07-24T18:00:00Z,111122223333
AWS,CloudWatch,billing-worker,0.3971,prod,payments,2026-07-24T19:00:00Z,111122223333
AWS,CloudWatch,billing-worker,0.4160,prod,payments,2026-07-24T20:00:00Z,111122223333
AWS,CloudWatch,billing-worker,0.4547,prod,payments,2026-07-24T21:00:00Z,111122223333
AWS,CloudWatch,billing-worker,0.4253,prod,payments,2026-07-24T22:00:00Z,111122223333
AWS,CloudWatch,billing-worker,0.4453,prod,payments,2026-07-24T23:00:00Z,111122223333
AWS,CloudWatch,billing-worker,0.3343,prod,payments,2026-07-25T00:00:00Z,111122223333
AWS,CloudWatch,billing-worker,0.3048,prod,payments,2026-07-25T01:00:00Z,111122223333
AWS,CloudWatch,billing-worker,0.3065,prod,payments,2026-07-25T02:00:00Z,111122223333
AWS,CloudWatch,billing-worker,0.3298,prod,payments,2026-07-25T03:00:00Z,111122223333
AWS,CloudWatch,billing-worker,0.3015,prod,payments,2026-07-25T04:00:00Z,111122223333
AWS,CloudWatch,billing-worker,0.3006,prod,payments,2026-07-25T05:00:00Z,111122223333
AWS,CloudWatch,billing-worker,0.3078,prod,payments,2026-07-25T06:00:00Z,111122223333
AWS,CloudWatch,billing-worker,0.2936,prod,payments,2026-07-25T07:00:00Z,111122223333
AWS,CloudWatch,billing-worker,0.3734,prod,payments,2026-07-25T08:00:00Z,111122223333
AWS,CloudWatch,billing-worker,0.3601,prod,payments,2026-07-25T09:00:00Z,111122223333
AWS,CloudWatch,billing-worker,0.3932,prod,payments,2026-07-25T10:00:00Z,111122223333
AWS,CloudWatch,billing-worker,0.4586,prod,payments,2026-07-25T11:00:00Z,111122223333
AWS,CloudWatch,billing-worker,0.5052,prod,payments,2026-07-25T12:00:00Z,111122223333
AWS,CloudWatch,billing-worker,0.4544,prod,payments,2026-07-25T13:00:00Z,111122223333
AWS,CloudWatch,billing-worker,0.4908,prod,payments,2026-07-25T14:00:00Z,111122223333
AWS,CloudWatch,billing-worker,0.4841,prod,payments,2026-07-25T15:00:00Z,111122223333
AWS,CloudWatch,billing-worker,0.3962,prod,payments,2026-07-25T16:00:00Z,111122223333
AWS,CloudWatch,billing-worker,0.3952,prod,payments,2026-07-25T17:00:00Z,111122223333
AWS,CloudWatch,billing-worker,0.3882,prod,payments,2026-07-25T18:00:00Z,111122223333
AWS,CloudWatch,billing-worker,0.2822,prod,payments,2026-07-25T19:00:00Z,111122223333
AWS,CloudWatch,billing-worker,0.2952,prod,payments,2026-07-25T20:00:00Z,111122223333
AWS,CloudWatch,billing-worker,0.2905,prod,payments,2026-07-25T21:00:00Z,111122223333
AWS,CloudWatch,billing-worker,0.2925,prod,payments,2026-07-25T22:00:00Z,111122223333
AWS,CloudWatch,billing-worker,0.3202,prod,payments,2026-07-25T23:00:00Z,111122223333
AWS,CloudWatch,billing-worker,0.3340,prod,payments,2026-07-26T00:00:00Z,111122223333
AWS,CloudWatch,billing-worker,0.3300,prod,payments,2026-07-26T01:00:00Z,111122223333
AWS,CloudWatch,billing-worker,0.3112,prod,payments,2026-07-26T02:00:00Z,111122223333
AWS,CloudWatch,billing-worker,0.3258,prod,payments,2026-07-26T03:00:00Z,111122223333
AWS,CloudWatch,billing-worker,0.2820,prod,payments,2026-07-26T04:00:00Z,111122223333
AWS,CloudWatch,billing-worker,0.2845,prod,payments,2026-07-26T05:00:00Z,111122223333
AWS,CloudWatch,billing-worker,0.3018,prod,payments,2026-07-26T06:00:00Z,111122223333
AWS,CloudWatch,billing-worker,0.2907,prod,payments,2026-07-26T07:00:00Z,111122223333
AWS,CloudWatch,billing-worker,0.3808,prod,payments,2026-07-26T08:00:00Z,111122223333
AWS,CloudWatch,billing-worker,0.4135,prod,payments,2026-07-26T09:00:00Z,111122223333
AWS,CloudWatch,billing-worker,0.3895,prod,payments,2026-07-26T10:00:00Z,111122223333
AWS,CloudWatch,billing-worker,0.4593,prod,payments,2026-07-26T11:00:00Z,111122223333
AWS,CloudWatch,billing-worker,0.4800,prod,payments,2026-07-26T12:00:00Z,111122223333
AWS,CloudWatch,billing-worker,0.4582,prod,payments,2026-07-26T13:00:00Z,111122223333
AWS,CloudWatch,billing-worker,0.4470,prod,payments,2026-07-26T14:00:00Z,111122223333
AWS,CloudWatch,billing-worker,0.4316,prod,payments,2026-07-26T15:00:00Z,111122223333
MongoDB,atlas_backup,billing-worker,0.3503,prod,payments,2026-07-12T16:00:00Z,atlas-org-payments
MongoDB,atlas_backup,billing-worker,0.3267,prod,payments,2026-07-12T17:00:00Z,atlas-org-payments
MongoDB,atlas_backup,billing-worker,0.3252,prod,payments,2026-07-12T18:00:00Z,atlas-org-payments
MongoDB,atlas_backup,billing-worker,0.3649,prod,payments,2026-07-12T19:00:00Z,atlas-org-payments
MongoDB,atlas_backup,billing-worker,0.3019,prod,payments,2026-07-12T20:00:00Z,atlas-org-payments
MongoDB,atlas_backup,billing-worker,0.3121,prod,payments,2026-07-12T21:00:00Z,atlas-org-payments
MongoDB,atlas_backup,billing-worker,0.3425,prod,payments,2026-07-12T22:00:00Z,atlas-org-payments
MongoDB,atlas_backup,billing-worker,0.3097,prod,payments,2026-07-12T23:00:00Z,atlas-org-payments
MongoDB,atlas_backup,billing-worker,0.3720,prod,payments,2026-07-13T00:00:00Z,atlas-org-payments
MongoDB,atlas_backup,billing-worker,0.3763,prod,payments,2026-07-13T01:00:00Z,atlas-org-payments
MongoDB,atlas_backup,billing-worker,0.3722,prod,payments,2026-07-13T02:00:00Z,atlas-org-payments
MongoDB,atlas_backup,billing-worker,0.3150,prod,payments,2026-07-13T03:00:00Z,atlas-org-payments
MongoDB,atlas_backup,billing-worker,0.3201,prod,payments,2026-07-13T04:00:00Z,atlas-org-payments
MongoDB,atlas_backup,billing-worker,0.3605,prod,payments,2026-07-13T05:00:00Z,atlas-org-payments
MongoDB,atlas_backup,billing-worker,0.3735,prod,payments,2026-07-13T06:00:00Z,atlas-org-payments
MongoDB,atlas_backup,billing-worker,0.3805,prod,payments,2026-07-13T07:00:00Z,atlas-org-payments
MongoDB,atlas_backup,billing-worker,0.3226,prod,payments,2026-07-13T08:00:00Z,atlas-org-payments
MongoDB,atlas_backup,billing-worker,0.3372,prod,payments,2026-07-13T09:00:00Z,atlas-org-payments
MongoDB,atlas_backup,billing-worker,0.3676,prod,payments,2026-07-13T10:00:00Z,atlas-org-payments
MongoDB,atlas_backup,billing-worker,0.3269,prod,payments,2026-07-13T11:00:00Z,atlas-org-payments
MongoDB,atlas_backup,billing-worker,0.3446,prod,payments,2026-07-13T12:00:00Z,atlas-org-payments
MongoDB,atlas_backup,billing-worker,0.3211,prod,payments,2026-07-13T13:00:00Z,atlas-org-payments
MongoDB,atlas_backup,billing-worker,0.3489,prod,payments,2026-07-13T14:00:00Z,atlas-org-payments
MongoDB,atlas_backup,billing-worker,0.3309,prod,payments,2026-07-13T15:00:00Z,atlas-org-payments
MongoDB,atlas_backup,billing-worker,0.3648,prod,payments,2026-07-13T16:00:00Z,atlas-org-payments
MongoDB,atlas_backup,billing-worker,0.3304,prod,payments,2026-07-13T17:00:00Z,atlas-org-payments
MongoDB,atlas_backup,billing-worker,0.3795,prod,payments,2026-07-13T18:00:00Z,atlas-org-payments
MongoDB,atlas_backup,billing-worker,0.3253,prod,payments,2026-07-13T19:00:00Z,atlas-org-payments
MongoDB,atlas_backup,billing-worker,0.3411,prod,payments,2026-07-13T20:00:00Z,atlas-org-payments
MongoDB,atlas_backup,billing-worker,0.3853,prod,payments,2026-07-13T21:00:00Z,atlas-org-payments
MongoDB,atlas_backup,billing-worker,0.3560,prod,payments,2026-07-13T22:00:00Z,atlas-org-payments
MongoDB,atlas_backup,billing-worker,0.3541,prod,payments,2026-07-13T23:00:00Z,atlas-org-payments
MongoDB,atlas_backup,billing-worker,0.3279,prod,payments,2026-07-14T00:00:00Z,atlas-org-payments
MongoDB,atlas_backup,billing-worker,0.3648,prod,payments,2026-07-14T01:00:00Z,atlas-org-payments
MongoDB,atlas_backup,billing-worker,0.3744,prod,payments,2026-07-14T02:00:00Z,atlas-org-payments
MongoDB,atlas_backup,billing-worker,0.3274,prod,payments,2026-07-14T03:00:00Z,atlas-org-payments
MongoDB,atlas_backup,billing-worker,0.3288,prod,payments,2026-07-14T04:00:00Z,atlas-org-payments
MongoDB,atlas_backup,billing-worker,0.3623,prod,payments,2026-07-14T05:00:00Z,atlas-org-payments
MongoDB,atlas_backup,billing-worker,0.3403,prod,payments,2026-07-14T06:00:00Z,atlas-org-payments
MongoDB,atlas_backup,billing-worker,0.3733,prod,payments,2026-07-14T07:00:00Z,atlas-org-payments
MongoDB,atlas_backup,billing-worker,0.3753,prod,payments,2026-07-14T08:00:00Z,atlas-org-payments
MongoDB,atlas_backup,billing-worker,0.3346,prod,payments,2026-07-14T09:00:00Z,atlas-org-payments
MongoDB,atlas_backup,billing-worker,0.3407,prod,payments,2026-07-14T10:00:00Z,atlas-org-payments
MongoDB,atlas_backup,billing-worker,0.3790,prod,payments,2026-07-14T11:00:00Z,atlas-org-payments
MongoDB,atlas_backup,billing-worker,0.3322,prod,payments,2026-07-14T12:00:00Z,atlas-org-payments
MongoDB,atlas_backup,billing-worker,0.3865,prod,payments,2026-07-14T13:00:00Z,atlas-org-payments
MongoDB,atlas_backup,billing-worker,0.3831,prod,payments,2026-07-14T14:00:00Z,atlas-org-payments
MongoDB,atlas_backup,billing-worker,0.3350,prod,payments,2026-07-14T15:00:00Z,atlas-org-payments
MongoDB,atlas_backup,billing-worker,0.3907,prod,payments,2026-07-14T16:00:00Z,atlas-org-payments
MongoDB,atlas_backup,billing-worker,0.3746,prod,payments,2026-07-14T17:00:00Z,atlas-org-payments
MongoDB,atlas_backup,billing-worker,0.3366,prod,payments,2026-07-14T18:00:00Z,atlas-org-payments
MongoDB,atlas_backup,billing-worker,0.3409,prod,payments,2026-07-14T19:00:00Z,atlas-org-payments
MongoDB,atlas_backup,billing-worker,0.3340,prod,payments,2026-07-14T20:00:00Z,atlas-org-payments
MongoDB,atlas_backup,billing-worker,0.3267,prod,payments,2026-07-14T21:00:00Z,atlas-org-payments
MongoDB,atlas_backup,billing-worker,0.3234,prod,payments,2026-07-14T22:00:00Z,atlas-org-payments
MongoDB,atlas_backup,billing-worker,0.3270,prod,payments,2026-07-14T23:00:00Z,atlas-org-payments
MongoDB,atlas_backup,billing-worker,0.3887,prod,payments,2026-07-15T00:00:00Z,atlas-org-payments
MongoDB,atlas_backup,billing-worker,0.3287,prod,payments,2026-07-15T01:00:00Z,atlas-org-payments
MongoDB,atlas_backup,billing-worker,0.3446,prod,payments,2026-07-15T02:00:00Z,atlas-org-payments
MongoDB,atlas_backup,billing-worker,0.3797,prod,payments,2026-07-15T03:00:00Z,atlas-org-payments
MongoDB,atlas_backup,billing-worker,0.3756,prod,payments,2026-07-15T04:00:00Z,atlas-org-payments
MongoDB,atlas_backup,billing-worker,0.3856,prod,payments,2026-07-15T05:00:00Z,atlas-org-payments
MongoDB,atlas_backup,billing-worker,0.3579,prod,payments,2026-07-15T06:00:00Z,atlas-org-payments
MongoDB,atlas_backup,billing-worker,0.3282,prod,payments,2026-07-15T07:00:00Z,atlas-org-payments
MongoDB,atlas_backup,billing-worker,0.3664,prod,payments,2026-07-15T08:00:00Z,atlas-org-payments
MongoDB,atlas_backup,billing-worker,0.3659,prod,payments,2026-07-15T09:00:00Z,atlas-org-payments
MongoDB,atlas_backup,billing-worker,0.3838,prod,payments,2026-07-15T10:00:00Z,atlas-org-payments
MongoDB,atlas_backup,billing-worker,0.3594,prod,payments,2026-07-15T11:00:00Z,atlas-org-payments
MongoDB,atlas_backup,billing-worker,0.3447,prod,payments,2026-07-15T12:00:00Z,atlas-org-payments
MongoDB,atlas_backup,billing-worker,0.3662,prod,payments,2026-07-15T13:00:00Z,atlas-org-payments
MongoDB,atlas_backup,billing-worker,0.3251,prod,payments,2026-07-15T14:00:00Z,atlas-org-payments
MongoDB,atlas_backup,billing-worker,0.3611,prod,payments,2026-07-15T15:00:00Z,atlas-org-payments
MongoDB,atlas_backup,billing-worker,0.3317,prod,payments,2026-07-15T16:00:00Z,atlas-org-payments
MongoDB,atlas_backup,billing-worker,0.3461,prod,payments,2026-07-15T17:00:00Z,atlas-org-payments
MongoDB,atlas_backup,billing-worker,0.3729,prod,payments,2026-07-15T18:00:00Z,atlas-org-payments
MongoDB,atlas_backup,billing-worker,0.3501,prod,payments,2026-07-15T19:00:00Z,atlas-org-payments
MongoDB,atlas_backup,billing-worker,0.3344,prod,payments,2026-07-15T20:00:00Z,atlas-org-payments
MongoDB,atlas_backup,billing-worker,0.3841,prod,payments,2026-07-15T21:00:00Z,atlas-org-payments
MongoDB,atlas_backup,billing-worker,0.3404,prod,payments,2026-07-15T22:00:00Z,atlas-org-payments
MongoDB,atlas_backup,billing-worker,0.3921,prod,payments,2026-07-15T23:00:00Z,atlas-org-payments
MongoDB,atlas_backup,billing-worker,0.3282,prod,payments,2026-07-16T00:00:00Z,atlas-org-payments
MongoDB,atlas_backup,billing-worker,0.3658,prod,payments,2026-07-16T01:00:00Z,atlas-org-payments
MongoDB,atlas_backup,billing-worker,0.3290,prod,payments,2026-07-16T02:00:00Z,atlas-org-payments
MongoDB,atlas_backup,billing-worker,0.3245,prod,payments,2026-07-16T03:00:00Z,atlas-org-payments
MongoDB,atlas_backup,billing-worker,0.3263,prod,payments,2026-07-16T04:00:00Z,atlas-org-payments
MongoDB,atlas_backup,billing-worker,0.3800,prod,payments,2026-07-16T05:00:00Z,atlas-org-payments
MongoDB,atlas_backup,billing-worker,0.3442,prod,payments,2026-07-16T06:00:00Z,atlas-org-payments
MongoDB,atlas_backup,billing-worker,0.3233,prod,payments,2026-07-16T07:00:00Z,atlas-org-payments
MongoDB,atlas_backup,billing-worker,0.3942,prod,payments,2026-07-16T08:00:00Z,atlas-org-payments
MongoDB,atlas_backup,billing-worker,0.3752,prod,payments,2026-07-16T09:00:00Z,atlas-org-payments
MongoDB,atlas_backup,billing-worker,0.3666,prod,payments,2026-07-16T10:00:00Z,atlas-org-payments
MongoDB,atlas_backup,billing-worker,0.3701,prod,payments,2026-07-16T11:00:00Z,atlas-org-payments
MongoDB,atlas_backup,billing-worker,0.3784,prod,payments,2026-07-16T12:00:00Z,atlas-org-payments
MongoDB,atlas_backup,billing-worker,0.3368,prod,payments,2026-07-16T13:00:00Z,atlas-org-payments
MongoDB,atlas_backup,billing-worker,0.3259,prod,payments,2026-07-16T14:00:00Z,atlas-org-payments
MongoDB,atlas_backup,billing-worker,0.3392,prod,payments,2026-07-16T15:00:00Z,atlas-org-payments
MongoDB,atlas_backup,billing-worker,0.3692,prod,payments,2026-07-16T16:00:00Z,atlas-org-payments
MongoDB,atlas_backup,billing-worker,0.3845,prod,payments,2026-07-16T17:00:00Z,atlas-org-payments
MongoDB,atlas_backup,billing-worker,0.3934,prod,payments,2026-07-16T18:00:00Z,atlas-org-payments
MongoDB,atlas_backup,billing-worker,0.3953,prod,payments,2026-07-16T19:00:00Z,atlas-org-payments
MongoDB,atlas_backup,billing-worker,0.3495,prod,payments,2026-07-16T20:00:00Z,atlas-org-payments
MongoDB,atlas_backup,billing-worker,0.3407,prod,payments,2026-07-16T21:00:00Z,atlas-org-payments
MongoDB,atlas_backup,billing-worker,0.3736,prod,payments,2026-07-16T22:00:00Z,atlas-org-payments
MongoDB,atlas_backup,billing-worker,0.3623,prod,payments,2026-07-16T23:00:00Z,atlas-org-payments
MongoDB,atlas_backup,billing-worker,0.3768,prod,payments,2026-07-17T00:00:00Z,atlas-org-payments
MongoDB,atlas_backup,billing-worker,0.3627,prod,payments,2026-07-17T01:00:00Z,atlas-org-payments
MongoDB,atlas_backup,billing-worker,0.3819,prod,payments,2026-07-17T02:00:00Z,atlas-org-payments
MongoDB,atlas_backup,billing-worker,0.3963,prod,payments,2026-07-17T03:00:00Z,atlas-org-payments
MongoDB,atlas_backup,billing-worker,0.3323,prod,payments,2026-07-17T04:00:00Z,atlas-org-payments
MongoDB,atlas_backup,billing-worker,0.3362,prod,payments,2026-07-17T05:00:00Z,atlas-org-payments
MongoDB,atlas_backup,billing-worker,0.3696,prod,payments,2026-07-17T06:00:00Z,atlas-org-payments
MongoDB,atlas_backup,billing-worker,0.3971,prod,payments,2026-07-17T07:00:00Z,atlas-org-payments
MongoDB,atlas_backup,billing-worker,0.3534,prod,payments,2026-07-17T08:00:00Z,atlas-org-payments
MongoDB,atlas_backup,billing-worker,0.3334,prod,payments,2026-07-17T09:00:00Z,atlas-org-payments
MongoDB,atlas_backup,billing-worker,0.3801,prod,payments,2026-07-17T10:00:00Z,atlas-org-payments
MongoDB,atlas_backup,billing-worker,0.3350,prod,payments,2026-07-17T11:00:00Z,atlas-org-payments
MongoDB,atlas_backup,billing-worker,0.3273,prod,payments,2026-07-17T12:00:00Z,atlas-org-payments
MongoDB,atlas_backup,billing-worker,0.3401,prod,payments,2026-07-17T13:00:00Z,atlas-org-payments
MongoDB,atlas_backup,billing-worker,0.3300,prod,payments,2026-07-17T14:00:00Z,atlas-org-payments
MongoDB,atlas_backup,billing-worker,0.3715,prod,payments,2026-07-17T15:00:00Z,atlas-org-payments
MongoDB,atlas_backup,billing-worker,0.3434,prod,payments,2026-07-17T16:00:00Z,atlas-org-payments
MongoDB,atlas_backup,billing-worker,0.3515,prod,payments,2026-07-17T17:00:00Z,atlas-org-payments
MongoDB,atlas_backup,billing-worker,0.3646,prod,payments,2026-07-17T18:00:00Z,atlas-org-payments
MongoDB,atlas_backup,billing-worker,0.3799,prod,payments,2026-07-17T19:00:00Z,atlas-org-payments
MongoDB,atlas_backup,billing-worker,0.3672,prod,payments,2026-07-17T20:00:00Z,atlas-org-payments
MongoDB,atlas_backup,billing-worker,0.3811,prod,payments,2026-07-17T21:00:00Z,atlas-org-payments
MongoDB,atlas_backup,billing-worker,0.3601,prod,payments,2026-07-17T22:00:00Z,atlas-org-payments
MongoDB,atlas_backup,billing-worker,0.3768,prod,payments,2026-07-17T23:00:00Z,atlas-org-payments
MongoDB,atlas_backup,billing-worker,0.3788,prod,payments,2026-07-18T00:00:00Z,atlas-org-payments
MongoDB,atlas_backup,billing-worker,0.3370,prod,payments,2026-07-18T01:00:00Z,atlas-org-payments
MongoDB,atlas_backup,billing-worker,0.3639,prod,payments,2026-07-18T02:00:00Z,atlas-org-payments
MongoDB,atlas_backup,billing-worker,0.3494,prod,payments,2026-07-18T03:00:00Z,atlas-org-payments
MongoDB,atlas_backup,billing-worker,0.3367,prod,payments,2026-07-18T04:00:00Z,atlas-org-payments
MongoDB,atlas_backup,billing-worker,0.3599,prod,payments,2026-07-18T05:00:00Z,atlas-org-payments
MongoDB,atlas_backup,billing-worker,0.3553,prod,payments,2026-07-18T06:00:00Z,atlas-org-payments
MongoDB,atlas_backup,billing-worker,0.3184,prod,payments,2026-07-18T07:00:00Z,atlas-org-payments
MongoDB,atlas_backup,billing-worker,0.3718,prod,payments,2026-07-18T08:00:00Z,atlas-org-payments
MongoDB,atlas_backup,billing-worker,0.3318,prod,payments,2026-07-18T09:00:00Z,atlas-org-payments
MongoDB,atlas_backup,billing-worker,0.3615,prod,payments,2026-07-18T10:00:00Z,atlas-org-payments
MongoDB,atlas_backup,billing-worker,0.3757,prod,payments,2026-07-18T11:00:00Z,atlas-org-payments
MongoDB,atlas_backup,billing-worker,0.3427,prod,payments,2026-07-18T12:00:00Z,atlas-org-payments
MongoDB,atlas_backup,billing-worker,0.3478,prod,payments,2026-07-18T13:00:00Z,atlas-org-payments
MongoDB,atlas_backup,billing-worker,0.3656,prod,payments,2026-07-18T14:00:00Z,atlas-org-payments
MongoDB,atlas_backup,billing-worker,0.3788,prod,payments,2026-07-18T15:00:00Z,atlas-org-payments
MongoDB,atlas_backup,billing-worker,0.3369,prod,payments,2026-07-18T16:00:00Z,atlas-org-payments
MongoDB,atlas_backup,billing-worker,0.3367,prod,payments,2026-07-18T17:00:00Z,atlas-org-payments
MongoDB,atlas_backup,billing-worker,0.3607,prod,payments,2026-07-18T18:00:00Z,atlas-org-payments
MongoDB,atlas_backup,billing-worker,0.3490,prod,payments,2026-07-18T19:00:00Z,atlas-org-payments
MongoDB,atlas_backup,billing-worker,0.3402,prod,payments,2026-07-18T20:00:00Z,atlas-org-payments
MongoDB,atlas_backup,billing-worker,0.3720,prod,payments,2026-07-18T21:00:00Z,atlas-org-payments
MongoDB,atlas_backup,billing-worker,0.3640,prod,payments,2026-07-18T22:00:00Z,atlas-org-payments
MongoDB,atlas_backup,billing-worker,0.3344,prod,payments,2026-07-18T23:00:00Z,atlas-org-payments
MongoDB,atlas_backup,billing-worker,0.3797,prod,payments,2026-07-19T00:00:00Z,atlas-org-payments
MongoDB,atlas_backup,billing-worker,0.3567,prod,payments,2026-07-19T01:00:00Z,atlas-org-payments
MongoDB,atlas_backup,billing-worker,0.3653,prod,payments,2026-07-19T02:00:00Z,atlas-org-payments
MongoDB,atlas_backup,billing-worker,0.3556,prod,payments,2026-07-19T03:00:00Z,atlas-org-payments
MongoDB,atlas_backup,billing-worker,0.3517,prod,payments,2026-07-19T04:00:00Z,atlas-org-payments
MongoDB,atlas_backup,billing-worker,0.3144,prod,payments,2026-07-19T05:00:00Z,atlas-org-payments
MongoDB,atlas_backup,billing-worker,0.3397,prod,payments,2026-07-19T06:00:00Z,atlas-org-payments
MongoDB,atlas_backup,billing-worker,0.3312,prod,payments,2026-07-19T07:00:00Z,atlas-org-payments
MongoDB,atlas_backup,billing-worker,0.3168,prod,payments,2026-07-19T08:00:00Z,atlas-org-payments
MongoDB,atlas_backup,billing-worker,0.3609,prod,payments,2026-07-19T09:00:00Z,atlas-org-payments
MongoDB,atlas_backup,billing-worker,0.3366,prod,payments,2026-07-19T10:00:00Z,atlas-org-payments
MongoDB,atlas_backup,billing-worker,0.3795,prod,payments,2026-07-19T11:00:00Z,atlas-org-payments
MongoDB,atlas_backup,billing-worker,0.3440,prod,payments,2026-07-19T12:00:00Z,atlas-org-payments
MongoDB,atlas_backup,billing-worker,0.3293,prod,payments,2026-07-19T13:00:00Z,atlas-org-payments
MongoDB,atlas_backup,billing-worker,0.3664,prod,payments,2026-07-19T14:00:00Z,atlas-org-payments
MongoDB,atlas_backup,billing-worker,0.3735,prod,payments,2026-07-19T15:00:00Z,atlas-org-payments
MongoDB,atlas_backup,billing-worker,0.3784,prod,payments,2026-07-19T16:00:00Z,atlas-org-payments
MongoDB,atlas_backup,billing-worker,0.3312,prod,payments,2026-07-19T17:00:00Z,atlas-org-payments
MongoDB,atlas_backup,billing-worker,0.3333,prod,payments,2026-07-19T18:00:00Z,atlas-org-payments
MongoDB,atlas_backup,billing-worker,0.3742,prod,payments,2026-07-19T19:00:00Z,atlas-org-payments
MongoDB,atlas_backup,billing-worker,0.3411,prod,payments,2026-07-19T20:00:00Z,atlas-org-payments
MongoDB,atlas_backup,billing-worker,0.3641,prod,payments,2026-07-19T21:00:00Z,atlas-org-payments
MongoDB,atlas_backup,billing-worker,0.3329,prod,payments,2026-07-19T22:00:00Z,atlas-org-payments
MongoDB,atlas_backup,billing-worker,0.3847,prod,payments,2026-07-19T23:00:00Z,atlas-org-payments
MongoDB,atlas_backup,billing-worker,0.4059,prod,payments,2026-07-20T00:00:00Z,atlas-org-payments
MongoDB,atlas_backup,billing-worker,0.3653,prod,payments,2026-07-20T01:00:00Z,atlas-org-payments
MongoDB,atlas_backup,billing-worker,0.3786,prod,payments,2026-07-20T02:00:00Z,atlas-org-payments
MongoDB,atlas_backup,billing-worker,0.3956,prod,payments,2026-07-20T03:00:00Z,atlas-org-payments
MongoDB,atlas_backup,billing-worker,0.3478,prod,payments,2026-07-20T04:00:00Z,atlas-org-payments
MongoDB,atlas_backup,billing-worker,0.3694,prod,payments,2026-07-20T05:00:00Z,atlas-org-payments
MongoDB,atlas_backup,billing-worker,0.3761,prod,payments,2026-07-20T06:00:00Z,atlas-org-payments
MongoDB,atlas_backup,billing-worker,0.3939,prod,payments,2026-07-20T07:00:00Z,atlas-org-payments
MongoDB,atlas_backup,billing-worker,0.3327,prod,payments,2026-07-20T08:00:00Z,atlas-org-payments
MongoDB,atlas_backup,billing-worker,0.3374,prod,payments,2026-07-20T09:00:00Z,atlas-org-payments
MongoDB,atlas_backup,billing-worker,0.3786,prod,payments,2026-07-20T10:00:00Z,atlas-org-payments
MongoDB,atlas_backup,billing-worker,0.3640,prod,payments,2026-07-20T11:00:00Z,atlas-org-payments
MongoDB,atlas_backup,billing-worker,0.3773,prod,payments,2026-07-20T12:00:00Z,atlas-org-payments
MongoDB,atlas_backup,billing-worker,0.3568,prod,payments,2026-07-20T13:00:00Z,atlas-org-payments
MongoDB,atlas_backup,billing-worker,0.3534,prod,payments,2026-07-20T14:00:00Z,atlas-org-payments
MongoDB,atlas_backup,billing-worker,0.3883,prod,payments,2026-07-20T15:00:00Z,atlas-org-payments
MongoDB,atlas_backup,billing-worker,0.3439,prod,payments,2026-07-20T16:00:00Z,atlas-org-payments
MongoDB,atlas_backup,billing-worker,0.3501,prod,payments,2026-07-20T17:00:00Z,atlas-org-payments
MongoDB,atlas_backup,billing-worker,0.3608,prod,payments,2026-07-20T18:00:00Z,atlas-org-payments
MongoDB,atlas_backup,billing-worker,0.3711,prod,payments,2026-07-20T19:00:00Z,atlas-org-payments
MongoDB,atlas_backup,billing-worker,0.4001,prod,payments,2026-07-20T20:00:00Z,atlas-org-payments
MongoDB,atlas_backup,billing-worker,0.3353,prod,payments,2026-07-20T21:00:00Z,atlas-org-payments
MongoDB,atlas_backup,billing-worker,0.3908,prod,payments,2026-07-20T22:00:00Z,atlas-org-payments
MongoDB,atlas_backup,billing-worker,0.3576,prod,payments,2026-07-20T23:00:00Z,atlas-org-payments
MongoDB,atlas_backup,billing-worker,0.3538,prod,payments,2026-07-21T00:00:00Z,atlas-org-payments
MongoDB,atlas_backup,billing-worker,0.3680,prod,payments,2026-07-21T01:00:00Z,atlas-org-payments
MongoDB,atlas_backup,billing-worker,0.3789,prod,payments,2026-07-21T02:00:00Z,atlas-org-payments
MongoDB,atlas_backup,billing-worker,0.3781,prod,payments,2026-07-21T03:00:00Z,atlas-org-payments
MongoDB,atlas_backup,billing-worker,0.3957,prod,payments,2026-07-21T04:00:00Z,atlas-org-payments
MongoDB,atlas_backup,billing-worker,0.3359,prod,payments,2026-07-21T05:00:00Z,atlas-org-payments
MongoDB,atlas_backup,billing-worker,0.3998,prod,payments,2026-07-21T06:00:00Z,atlas-org-payments
MongoDB,atlas_backup,billing-worker,0.3598,prod,payments,2026-07-21T07:00:00Z,atlas-org-payments
MongoDB,atlas_backup,billing-worker,0.3404,prod,payments,2026-07-21T08:00:00Z,atlas-org-payments
MongoDB,atlas_backup,billing-worker,0.3555,prod,payments,2026-07-21T09:00:00Z,atlas-org-payments
MongoDB,atlas_backup,billing-worker,0.3926,prod,payments,2026-07-21T10:00:00Z,atlas-org-payments
MongoDB,atlas_backup,billing-worker,0.3540,prod,payments,2026-07-21T11:00:00Z,atlas-org-payments
MongoDB,atlas_backup,billing-worker,0.3961,prod,payments,2026-07-21T12:00:00Z,atlas-org-payments
MongoDB,atlas_backup,billing-worker,0.3530,prod,payments,2026-07-21T13:00:00Z,atlas-org-payments
MongoDB,atlas_backup,billing-worker,0.3674,prod,payments,2026-07-21T14:00:00Z,atlas-org-payments
MongoDB,atlas_backup,billing-worker,0.4019,prod,payments,2026-07-21T15:00:00Z,atlas-org-payments
MongoDB,atlas_backup,billing-worker,0.3849,prod,payments,2026-07-21T16:00:00Z,atlas-org-payments
MongoDB,atlas_backup,billing-worker,0.4060,prod,payments,2026-07-21T17:00:00Z,atlas-org-payments
MongoDB,atlas_backup,billing-worker,0.3721,prod,payments,2026-07-21T18:00:00Z,atlas-org-payments
MongoDB,atlas_backup,billing-worker,0.3730,prod,payments,2026-07-21T19:00:00Z,atlas-org-payments
MongoDB,atlas_backup,billing-worker,0.3990,prod,payments,2026-07-21T20:00:00Z,atlas-org-payments
MongoDB,atlas_backup,billing-worker,0.3830,prod,payments,2026-07-21T21:00:00Z,atlas-org-payments
MongoDB,atlas_backup,billing-worker,0.4075,prod,payments,2026-07-21T22:00:00Z,atlas-org-payments
MongoDB,atlas_backup,billing-worker,0.3477,prod,payments,2026-07-21T23:00:00Z,atlas-org-payments
MongoDB,atlas_backup,billing-worker,0.3476,prod,payments,2026-07-22T00:00:00Z,atlas-org-payments
MongoDB,atlas_backup,billing-worker,0.3434,prod,payments,2026-07-22T01:00:00Z,atlas-org-payments
MongoDB,atlas_backup,billing-worker,0.3763,prod,payments,2026-07-22T02:00:00Z,atlas-org-payments
MongoDB,atlas_backup,billing-worker,0.3936,prod,payments,2026-07-22T03:00:00Z,atlas-org-payments
MongoDB,atlas_backup,billing-worker,0.3655,prod,payments,2026-07-22T04:00:00Z,atlas-org-payments
MongoDB,atlas_backup,billing-worker,0.4095,prod,payments,2026-07-22T05:00:00Z,atlas-org-payments
MongoDB,atlas_backup,billing-worker,0.4031,prod,payments,2026-07-22T06:00:00Z,atlas-org-payments
MongoDB,atlas_backup,billing-worker,0.3399,prod,payments,2026-07-22T07:00:00Z,atlas-org-payments
MongoDB,atlas_backup,billing-worker,0.3833,prod,payments,2026-07-22T08:00:00Z,atlas-org-payments
MongoDB,atlas_backup,billing-worker,0.3441,prod,payments,2026-07-22T09:00:00Z,atlas-org-payments
MongoDB,atlas_backup,billing-worker,0.3604,prod,payments,2026-07-22T10:00:00Z,atlas-org-payments
MongoDB,atlas_backup,billing-worker,0.3653,prod,payments,2026-07-22T11:00:00Z,atlas-org-payments
MongoDB,atlas_backup,billing-worker,0.3430,prod,payments,2026-07-22T12:00:00Z,atlas-org-payments
MongoDB,atlas_backup,billing-worker,0.3771,prod,payments,2026-07-22T13:00:00Z,atlas-org-payments
MongoDB,atlas_backup,billing-worker,0.3757,prod,payments,2026-07-22T14:00:00Z,atlas-org-payments
MongoDB,atlas_backup,billing-worker,0.4012,prod,payments,2026-07-22T15:00:00Z,atlas-org-payments
MongoDB,atlas_backup,billing-worker,0.3861,prod,payments,2026-07-22T16:00:00Z,atlas-org-payments
MongoDB,atlas_backup,billing-worker,0.3650,prod,payments,2026-07-22T17:00:00Z,atlas-org-payments
MongoDB,atlas_backup,billing-worker,0.3665,prod,payments,2026-07-22T18:00:00Z,atlas-org-payments
MongoDB,atlas_backup,billing-worker,0.4113,prod,payments,2026-07-22T19:00:00Z,atlas-org-payments
MongoDB,atlas_backup,billing-worker,0.4016,prod,payments,2026-07-22T20:00:00Z,atlas-org-payments
MongoDB,atlas_backup,billing-worker,0.4003,prod,payments,2026-07-22T21:00:00Z,atlas-org-payments
MongoDB,atlas_backup,billing-worker,0.4004,prod,payments,2026-07-22T22:00:00Z,atlas-org-payments
MongoDB,atlas_backup,billing-worker,0.3960,prod,payments,2026-07-22T23:00:00Z,atlas-org-payments
MongoDB,atlas_backup,billing-worker,0.3910,prod,payments,2026-07-23T00:00:00Z,atlas-org-payments
MongoDB,atlas_backup,billing-worker,0.3782,prod,payments,2026-07-23T01:00:00Z,atlas-org-payments
MongoDB,atlas_backup,billing-worker,0.3593,prod,payments,2026-07-23T02:00:00Z,atlas-org-payments
MongoDB,atlas_backup,billing-worker,0.4007,prod,payments,2026-07-23T03:00:00Z,atlas-org-payments
MongoDB,atlas_backup,billing-worker,0.3963,prod,payments,2026-07-23T04:00:00Z,atlas-org-payments
MongoDB,atlas_backup,billing-worker,0.3771,prod,payments,2026-07-23T05:00:00Z,atlas-org-payments
MongoDB,atlas_backup,billing-worker,0.3975,prod,payments,2026-07-23T06:00:00Z,atlas-org-payments
MongoDB,atlas_backup,billing-worker,0.3982,prod,payments,2026-07-23T07:00:00Z,atlas-org-payments
MongoDB,atlas_backup,billing-worker,0.3830,prod,payments,2026-07-23T08:00:00Z,atlas-org-payments
MongoDB,atlas_backup,billing-worker,0.4005,prod,payments,2026-07-23T09:00:00Z,atlas-org-payments
MongoDB,atlas_backup,billing-worker,0.3879,prod,payments,2026-07-23T10:00:00Z,atlas-org-payments
MongoDB,atlas_backup,billing-worker,0.3751,prod,payments,2026-07-23T11:00:00Z,atlas-org-payments
MongoDB,atlas_backup,billing-worker,0.3697,prod,payments,2026-07-23T12:00:00Z,atlas-org-payments
MongoDB,atlas_backup,billing-worker,0.3601,prod,payments,2026-07-23T13:00:00Z,atlas-org-payments
MongoDB,atlas_backup,billing-worker,0.4016,prod,payments,2026-07-23T14:00:00Z,atlas-org-payments
MongoDB,atlas_backup,billing-worker,0.3854,prod,payments,2026-07-23T15:00:00Z,atlas-org-payments
MongoDB,atlas_backup,billing-worker,0.3895,prod,payments,2026-07-23T16:00:00Z,atlas-org-payments
MongoDB,atlas_backup,billing-worker,0.3736,prod,payments,2026-07-23T17:00:00Z,atlas-org-payments
MongoDB,atlas_backup,billing-worker,0.3981,prod,payments,2026-07-23T18:00:00Z,atlas-org-payments
MongoDB,atlas_backup,billing-worker,0.3686,prod,payments,2026-07-23T19:00:00Z,atlas-org-payments
MongoDB,atlas_backup,billing-worker,0.3722,prod,payments,2026-07-23T20:00:00Z,atlas-org-payments
MongoDB,atlas_backup,billing-worker,0.3720,prod,payments,2026-07-23T21:00:00Z,atlas-org-payments
MongoDB,atlas_backup,billing-worker,0.3571,prod,payments,2026-07-23T22:00:00Z,atlas-org-payments
MongoDB,atlas_backup,billing-worker,0.3756,prod,payments,2026-07-23T23:00:00Z,atlas-org-payments
MongoDB,atlas_backup,billing-worker,0.3749,prod,payments,2026-07-24T00:00:00Z,atlas-org-payments
MongoDB,atlas_backup,billing-worker,0.3516,prod,payments,2026-07-24T01:00:00Z,atlas-org-payments
MongoDB,atlas_backup,billing-worker,0.3540,prod,payments,2026-07-24T02:00:00Z,atlas-org-payments
MongoDB,atlas_backup,billing-worker,0.4154,prod,payments,2026-07-24T03:00:00Z,atlas-org-payments
MongoDB,atlas_backup,billing-worker,0.3827,prod,payments,2026-07-24T04:00:00Z,atlas-org-payments
MongoDB,atlas_backup,billing-worker,0.3790,prod,payments,2026-07-24T05:00:00Z,atlas-org-payments
MongoDB,atlas_backup,billing-worker,0.3959,prod,payments,2026-07-24T06:00:00Z,atlas-org-payments
MongoDB,atlas_backup,billing-worker,0.3431,prod,payments,2026-07-24T07:00:00Z,atlas-org-payments
MongoDB,atlas_backup,billing-worker,0.4015,prod,payments,2026-07-24T08:00:00Z,atlas-org-payments
MongoDB,atlas_backup,billing-worker,0.3693,prod,payments,2026-07-24T09:00:00Z,atlas-org-payments
MongoDB,atlas_backup,billing-worker,0.4076,prod,payments,2026-07-24T10:00:00Z,atlas-org-payments
MongoDB,atlas_backup,billing-worker,0.3951,prod,payments,2026-07-24T11:00:00Z,atlas-org-payments
MongoDB,atlas_backup,billing-worker,0.4149,prod,payments,2026-07-24T12:00:00Z,atlas-org-payments
MongoDB,atlas_backup,billing-worker,0.3906,prod,payments,2026-07-24T13:00:00Z,atlas-org-payments
MongoDB,atlas_backup,billing-worker,0.4085,prod,payments,2026-07-24T14:00:00Z,atlas-org-payments
MongoDB,atlas_backup,billing-worker,0.3933,prod,payments,2026-07-24T15:00:00Z,atlas-org-payments
MongoDB,atlas_backup,billing-worker,0.3645,prod,payments,2026-07-24T16:00:00Z,atlas-org-payments
MongoDB,atlas_backup,billing-worker,0.3904,prod,payments,2026-07-24T17:00:00Z,atlas-org-payments
MongoDB,atlas_backup,billing-worker,0.3696,prod,payments,2026-07-24T18:00:00Z,atlas-org-payments
MongoDB,atlas_backup,billing-worker,0.3675,prod,payments,2026-07-24T19:00:00Z,atlas-org-payments
MongoDB,atlas_backup,billing-worker,0.3810,prod,payments,2026-07-24T20:00:00Z,atlas-org-payments
MongoDB,atlas_backup,billing-worker,0.3827,prod,payments,2026-07-24T21:00:00Z,atlas-org-payments
MongoDB,atlas_backup,billing-worker,0.4106,prod,payments,2026-07-24T22:00:00Z,atlas-org-payments
MongoDB,atlas_backup,billing-worker,0.4183,prod,payments,2026-07-24T23:00:00Z,atlas-org-payments
MongoDB,atlas_backup,billing-worker,0.3320,prod,payments,2026-07-25T00:00:00Z,atlas-org-payments
MongoDB,atlas_backup,billing-worker,0.3501,prod,payments,2026-07-25T01:00:00Z,atlas-org-payments
MongoDB,atlas_backup,billing-worker,0.3563,prod,payments,2026-07-25T02:00:00Z,atlas-org-payments
MongoDB,atlas_backup,billing-worker,0.3881,prod,payments,2026-07-25T03:00:00Z,atlas-org-payments
MongoDB,atlas_backup,billing-worker,0.3868,prod,payments,2026-07-25T04:00:00Z,atlas-org-payments
MongoDB,atlas_backup,billing-worker,0.3290,prod,payments,2026-07-25T05:00:00Z,atlas-org-payments
MongoDB,atlas_backup,billing-worker,0.3738,prod,payments,2026-07-25T06:00:00Z,atlas-org-payments
MongoDB,atlas_backup,billing-worker,0.3662,prod,payments,2026-07-25T07:00:00Z,atlas-org-payments
MongoDB,atlas_backup,billing-worker,0.3778,prod,payments,2026-07-25T08:00:00Z,atlas-org-payments
MongoDB,atlas_backup,billing-worker,0.3613,prod,payments,2026-07-25T09:00:00Z,atlas-org-payments
MongoDB,atlas_backup,billing-worker,0.3945,prod,payments,2026-07-25T10:00:00Z,atlas-org-payments
MongoDB,atlas_backup,billing-worker,0.3463,prod,payments,2026-07-25T11:00:00Z,atlas-org-payments
MongoDB,atlas_backup,billing-worker,0.3984,prod,payments,2026-07-25T12:00:00Z,atlas-org-payments
MongoDB,atlas_backup,billing-worker,0.3410,prod,payments,2026-07-25T13:00:00Z,atlas-org-payments
MongoDB,atlas_backup,billing-worker,0.3761,prod,payments,2026-07-25T14:00:00Z,atlas-org-payments
MongoDB,atlas_backup,billing-worker,0.3619,prod,payments,2026-07-25T15:00:00Z,atlas-org-payments
MongoDB,atlas_backup,billing-worker,0.3666,prod,payments,2026-07-25T16:00:00Z,atlas-org-payments
MongoDB,atlas_backup,billing-worker,0.3614,prod,payments,2026-07-25T17:00:00Z,atlas-org-payments
MongoDB,atlas_backup,billing-worker,0.3666,prod,payments,2026-07-25T18:00:00Z,atlas-org-payments
MongoDB,atlas_backup,billing-worker,0.3529,prod,payments,2026-07-25T19:00:00Z,atlas-org-payments
MongoDB,atlas_backup,billing-worker,0.3864,prod,payments,2026-07-25T20:00:00Z,atlas-org-payments
MongoDB,atlas_backup,billing-worker,0.3443,prod,payments,2026-07-25T21:00:00Z,atlas-org-payments
MongoDB,atlas_backup,billing-worker,0.3527,prod,payments,2026-07-25T22:00:00Z,atlas-org-payments
MongoDB,atlas_backup,billing-worker,0.3887,prod,payments,2026-07-25T23:00:00Z,atlas-org-payments
MongoDB,atlas_backup,billing-worker,0.3323,prod,payments,2026-07-26T00:00:00Z,atlas-org-payments
MongoDB,atlas_backup,billing-worker,0.3439,prod,payments,2026-07-26T01:00:00Z,atlas-org-payments
MongoDB,atlas_backup,billing-worker,0.3763,prod,payments,2026-07-26T02:00:00Z,atlas-org-payments
MongoDB,atlas_backup,billing-worker,0.3447,prod,payments,2026-07-26T03:00:00Z,atlas-org-payments
MongoDB,atlas_backup,billing-worker,0.3646,prod,payments,2026-07-26T04:00:00Z,atlas-org-payments
MongoDB,atlas_backup,billing-worker,0.3598,prod,payments,2026-07-26T05:00:00Z,atlas-org-payments
MongoDB,atlas_backup,billing-worker,0.3442,prod,payments,2026-07-26T06:00:00Z,atlas-org-payments
MongoDB,atlas_backup,billing-worker,0.3356,prod,payments,2026-07-26T07:00:00Z,atlas-org-payments
MongoDB,atlas_backup,billing-worker,0.3336,prod,payments,2026-07-26T08:00:00Z,atlas-org-payments
MongoDB,atlas_backup,billing-worker,0.3845,prod,payments,2026-07-26T09:00:00Z,atlas-org-payments
MongoDB,atlas_backup,billing-worker,0.3881,prod,payments,2026-07-26T10:00:00Z,atlas-org-payments
MongoDB,atlas_backup,billing-worker,0.4015,prod,payments,2026-07-26T11:00:00Z,atlas-org-payments
MongoDB,atlas_backup,billing-worker,0.3410,prod,payments,2026-07-26T12:00:00Z,atlas-org-payments
MongoDB,atlas_backup,billing-worker,0.3731,prod,payments,2026-07-26T13:00:00Z,atlas-org-payments
MongoDB,atlas_backup,billing-worker,0.3971,prod,payments,2026-07-26T14:00:00Z,atlas-org-payments
MongoDB,atlas_backup,billing-worker,0.4003,prod,payments,2026-07-26T15:00:00Z,atlas-org-payments
AWS,EC2,fraud-scoring,2.9886,prod,payments,2026-07-12T16:00:00Z,111122223333
AWS,EC2,fraud-scoring,2.9646,prod,payments,2026-07-12T17:00:00Z,111122223333
AWS,EC2,fraud-scoring,2.6111,prod,payments,2026-07-12T18:00:00Z,111122223333
AWS,EC2,fraud-scoring,2.2699,prod,payments,2026-07-12T19:00:00Z,111122223333
AWS,EC2,fraud-scoring,2.1184,prod,payments,2026-07-12T20:00:00Z,111122223333
AWS,EC2,fraud-scoring,2.2897,prod,payments,2026-07-12T21:00:00Z,111122223333
AWS,EC2,fraud-scoring,2.0020,prod,payments,2026-07-12T22:00:00Z,111122223333
AWS,EC2,fraud-scoring,2.1612,prod,payments,2026-07-12T23:00:00Z,111122223333
AWS,EC2,fraud-scoring,3.3234,prod,payments,2026-07-13T00:00:00Z,111122223333
AWS,EC2,fraud-scoring,2.9421,prod,payments,2026-07-13T01:00:00Z,111122223333
AWS,EC2,fraud-scoring,3.3434,prod,payments,2026-07-13T02:00:00Z,111122223333
AWS,EC2,fraud-scoring,3.1627,prod,payments,2026-07-13T03:00:00Z,111122223333
AWS,EC2,fraud-scoring,2.7675,prod,payments,2026-07-13T04:00:00Z,111122223333
AWS,EC2,fraud-scoring,2.9098,prod,payments,2026-07-13T05:00:00Z,111122223333
AWS,EC2,fraud-scoring,3.1153,prod,payments,2026-07-13T06:00:00Z,111122223333
AWS,EC2,fraud-scoring,3.2904,prod,payments,2026-07-13T07:00:00Z,111122223333
AWS,EC2,fraud-scoring,3.7268,prod,payments,2026-07-13T08:00:00Z,111122223333
AWS,EC2,fraud-scoring,3.5681,prod,payments,2026-07-13T09:00:00Z,111122223333
AWS,EC2,fraud-scoring,4.2168,prod,payments,2026-07-13T10:00:00Z,111122223333
AWS,EC2,fraud-scoring,4.9053,prod,payments,2026-07-13T11:00:00Z,111122223333
AWS,EC2,fraud-scoring,4.3419,prod,payments,2026-07-13T12:00:00Z,111122223333
AWS,EC2,fraud-scoring,4.9793,prod,payments,2026-07-13T13:00:00Z,111122223333
AWS,EC2,fraud-scoring,5.1424,prod,payments,2026-07-13T14:00:00Z,111122223333
AWS,EC2,fraud-scoring,4.5095,prod,payments,2026-07-13T15:00:00Z,111122223333
AWS,EC2,fraud-scoring,3.9167,prod,payments,2026-07-13T16:00:00Z,111122223333
AWS,EC2,fraud-scoring,4.1331,prod,payments,2026-07-13T17:00:00Z,111122223333
AWS,EC2,fraud-scoring,3.3526,prod,payments,2026-07-13T18:00:00Z,111122223333
AWS,EC2,fraud-scoring,3.1900,prod,payments,2026-07-13T19:00:00Z,111122223333
AWS,EC2,fraud-scoring,3.3465,prod,payments,2026-07-13T20:00:00Z,111122223333
AWS,EC2,fraud-scoring,3.1733,prod,payments,2026-07-13T21:00:00Z,111122223333
AWS,EC2,fraud-scoring,2.9930,prod,payments,2026-07-13T22:00:00Z,111122223333
AWS,EC2,fraud-scoring,2.9992,prod,payments,2026-07-13T23:00:00Z,111122223333
AWS,EC2,fraud-scoring,2.9856,prod,payments,2026-07-14T00:00:00Z,111122223333
AWS,EC2,fraud-scoring,2.8227,prod,payments,2026-07-14T01:00:00Z,111122223333
AWS,EC2,fraud-scoring,3.1334,prod,payments,2026-07-14T02:00:00Z,111122223333
AWS,EC2,fraud-scoring,3.1184,prod,payments,2026-07-14T03:00:00Z,111122223333
AWS,EC2,fraud-scoring,3.1157,prod,payments,2026-07-14T04:00:00Z,111122223333
AWS,EC2,fraud-scoring,2.9835,prod,payments,2026-07-14T05:00:00Z,111122223333
AWS,EC2,fraud-scoring,2.8944,prod,payments,2026-07-14T06:00:00Z,111122223333
AWS,EC2,fraud-scoring,2.8907,prod,payments,2026-07-14T07:00:00Z,111122223333
AWS,EC2,fraud-scoring,3.6126,prod,payments,2026-07-14T08:00:00Z,111122223333
AWS,EC2,fraud-scoring,3.9470,prod,payments,2026-07-14T09:00:00Z,111122223333
AWS,EC2,fraud-scoring,4.6595,prod,payments,2026-07-14T10:00:00Z,111122223333
AWS,EC2,fraud-scoring,4.4889,prod,payments,2026-07-14T11:00:00Z,111122223333
AWS,EC2,fraud-scoring,4.5090,prod,payments,2026-07-14T12:00:00Z,111122223333
AWS,EC2,fraud-scoring,5.0799,prod,payments,2026-07-14T13:00:00Z,111122223333
AWS,EC2,fraud-scoring,5.1261,prod,payments,2026-07-14T14:00:00Z,111122223333
AWS,EC2,fraud-scoring,4.2237,prod,payments,2026-07-14T15:00:00Z,111122223333
AWS,EC2,fraud-scoring,4.0967,prod,payments,2026-07-14T16:00:00Z,111122223333
AWS,EC2,fraud-scoring,3.9045,prod,payments,2026-07-14T17:00:00Z,111122223333
AWS,EC2,fraud-scoring,3.7391,prod,payments,2026-07-14T18:00:00Z,111122223333
AWS,EC2,fraud-scoring,3.0776,prod,payments,2026-07-14T19:00:00Z,111122223333
AWS,EC2,fraud-scoring,3.1160,prod,payments,2026-07-14T20:00:00Z,111122223333
AWS,EC2,fraud-scoring,2.9732,prod,payments,2026-07-14T21:00:00Z,111122223333
AWS,EC2,fraud-scoring,3.0299,prod,payments,2026-07-14T22:00:00Z,111122223333
AWS,EC2,fraud-scoring,2.9962,prod,payments,2026-07-14T23:00:00Z,111122223333
AWS,EC2,fraud-scoring,2.9768,prod,payments,2026-07-15T00:00:00Z,111122223333
AWS,EC2,fraud-scoring,3.2732,prod,payments,2026-07-15T01:00:00Z,111122223333
AWS,EC2,fraud-scoring,3.3680,prod,payments,2026-07-15T02:00:00Z,111122223333
AWS,EC2,fraud-scoring,2.8581,prod,payments,2026-07-15T03:00:00Z,111122223333
AWS,EC2,fraud-scoring,3.2527,prod,payments,2026-07-15T04:00:00Z,111122223333
AWS,EC2,fraud-scoring,3.0821,prod,payments,2026-07-15T05:00:00Z,111122223333
AWS,EC2,fraud-scoring,3.1086,prod,payments,2026-07-15T06:00:00Z,111122223333
AWS,EC2,fraud-scoring,3.1537,prod,payments,2026-07-15T07:00:00Z,111122223333
AWS,EC2,fraud-scoring,3.6168,prod,payments,2026-07-15T08:00:00Z,111122223333
AWS,EC2,fraud-scoring,3.6899,prod,payments,2026-07-15T09:00:00Z,111122223333
AWS,EC2,fraud-scoring,4.1183,prod,payments,2026-07-15T10:00:00Z,111122223333
AWS,EC2,fraud-scoring,4.8906,prod,payments,2026-07-15T11:00:00Z,111122223333
AWS,EC2,fraud-scoring,4.8389,prod,payments,2026-07-15T12:00:00Z,111122223333
AWS,EC2,fraud-scoring,5.2361,prod,payments,2026-07-15T13:00:00Z,111122223333
AWS,EC2,fraud-scoring,5.0935,prod,payments,2026-07-15T14:00:00Z,111122223333
AWS,EC2,fraud-scoring,4.5226,prod,payments,2026-07-15T15:00:00Z,111122223333
AWS,EC2,fraud-scoring,4.3102,prod,payments,2026-07-15T16:00:00Z,111122223333
AWS,EC2,fraud-scoring,4.1900,prod,payments,2026-07-15T17:00:00Z,111122223333
AWS,EC2,fraud-scoring,3.9123,prod,payments,2026-07-15T18:00:00Z,111122223333
AWS,EC2,fraud-scoring,3.2007,prod,payments,2026-07-15T19:00:00Z,111122223333
AWS,EC2,fraud-scoring,3.0604,prod,payments,2026-07-15T20:00:00Z,111122223333
AWS,EC2,fraud-scoring,3.0157,prod,payments,2026-07-15T21:00:00Z,111122223333
AWS,EC2,fraud-scoring,3.0548,prod,payments,2026-07-15T22:00:00Z,111122223333
AWS,EC2,fraud-scoring,3.0643,prod,payments,2026-07-15T23:00:00Z,111122223333
AWS,EC2,fraud-scoring,3.1314,prod,payments,2026-07-16T00:00:00Z,111122223333
AWS,EC2,fraud-scoring,3.1506,prod,payments,2026-07-16T01:00:00Z,111122223333
AWS,EC2,fraud-scoring,3.0498,prod,payments,2026-07-16T02:00:00Z,111122223333
AWS,EC2,fraud-scoring,3.0558,prod,payments,2026-07-16T03:00:00Z,111122223333
AWS,EC2,fraud-scoring,2.9798,prod,payments,2026-07-16T04:00:00Z,111122223333
AWS,EC2,fraud-scoring,3.2889,prod,payments,2026-07-16T05:00:00Z,111122223333
AWS,EC2,fraud-scoring,2.8708,prod,payments,2026-07-16T06:00:00Z,111122223333
AWS,EC2,fraud-scoring,2.9905,prod,payments,2026-07-16T07:00:00Z,111122223333
AWS,EC2,fraud-scoring,3.3508,prod,payments,2026-07-16T08:00:00Z,111122223333
AWS,EC2,fraud-scoring,3.7571,prod,payments,2026-07-16T09:00:00Z,111122223333
AWS,EC2,fraud-scoring,3.9659,prod,payments,2026-07-16T10:00:00Z,111122223333
AWS,EC2,fraud-scoring,4.9996,prod,payments,2026-07-16T11:00:00Z,111122223333
AWS,EC2,fraud-scoring,4.5605,prod,payments,2026-07-16T12:00:00Z,111122223333
AWS,EC2,fraud-scoring,5.3173,prod,payments,2026-07-16T13:00:00Z,111122223333
AWS,EC2,fraud-scoring,5.2718,prod,payments,2026-07-16T14:00:00Z,111122223333
AWS,EC2,fraud-scoring,4.8348,prod,payments,2026-07-16T15:00:00Z,111122223333
AWS,EC2,fraud-scoring,4.7783,prod,payments,2026-07-16T16:00:00Z,111122223333
AWS,EC2,fraud-scoring,3.8767,prod,payments,2026-07-16T17:00:00Z,111122223333
AWS,EC2,fraud-scoring,3.4657,prod,payments,2026-07-16T18:00:00Z,111122223333
AWS,EC2,fraud-scoring,3.0751,prod,payments,2026-07-16T19:00:00Z,111122223333
AWS,EC2,fraud-scoring,2.8754,prod,payments,2026-07-16T20:00:00Z,111122223333
AWS,EC2,fraud-scoring,3.3198,prod,payments,2026-07-16T21:00:00Z,111122223333
AWS,EC2,fraud-scoring,3.0749,prod,payments,2026-07-16T22:00:00Z,111122223333
AWS,EC2,fraud-scoring,3.3379,prod,payments,2026-07-16T23:00:00Z,111122223333
AWS,EC2,fraud-scoring,2.8490,prod,payments,2026-07-17T00:00:00Z,111122223333
AWS,EC2,fraud-scoring,2.9240,prod,payments,2026-07-17T01:00:00Z,111122223333
AWS,EC2,fraud-scoring,3.1285,prod,payments,2026-07-17T02:00:00Z,111122223333
AWS,EC2,fraud-scoring,3.0204,prod,payments,2026-07-17T03:00:00Z,111122223333
AWS,EC2,fraud-scoring,3.2373,prod,payments,2026-07-17T04:00:00Z,111122223333
AWS,EC2,fraud-scoring,3.4092,prod,payments,2026-07-17T05:00:00Z,111122223333
AWS,EC2,fraud-scoring,3.2271,prod,payments,2026-07-17T06:00:00Z,111122223333
AWS,EC2,fraud-scoring,3.1353,prod,payments,2026-07-17T07:00:00Z,111122223333
AWS,EC2,fraud-scoring,3.6891,prod,payments,2026-07-17T08:00:00Z,111122223333
AWS,EC2,fraud-scoring,3.8697,prod,payments,2026-07-17T09:00:00Z,111122223333
AWS,EC2,fraud-scoring,4.7818,prod,payments,2026-07-17T10:00:00Z,111122223333
AWS,EC2,fraud-scoring,4.3559,prod,payments,2026-07-17T11:00:00Z,111122223333
AWS,EC2,fraud-scoring,4.8126,prod,payments,2026-07-17T12:00:00Z,111122223333
AWS,EC2,fraud-scoring,4.4631,prod,payments,2026-07-17T13:00:00Z,111122223333
AWS,EC2,fraud-scoring,4.4090,prod,payments,2026-07-17T14:00:00Z,111122223333
AWS,EC2,fraud-scoring,5.0577,prod,payments,2026-07-17T15:00:00Z,111122223333
AWS,EC2,fraud-scoring,4.7424,prod,payments,2026-07-17T16:00:00Z,111122223333
AWS,EC2,fraud-scoring,4.0046,prod,payments,2026-07-17T17:00:00Z,111122223333
AWS,EC2,fraud-scoring,3.9623,prod,payments,2026-07-17T18:00:00Z,111122223333
AWS,EC2,fraud-scoring,2.9778,prod,payments,2026-07-17T19:00:00Z,111122223333
AWS,EC2,fraud-scoring,3.3563,prod,payments,2026-07-17T20:00:00Z,111122223333
AWS,EC2,fraud-scoring,3.3921,prod,payments,2026-07-17T21:00:00Z,111122223333
AWS,EC2,fraud-scoring,2.8905,prod,payments,2026-07-17T22:00:00Z,111122223333
AWS,EC2,fraud-scoring,3.2567,prod,payments,2026-07-17T23:00:00Z,111122223333
AWS,EC2,fraud-scoring,2.4334,prod,payments,2026-07-18T00:00:00Z,111122223333
AWS,EC2,fraud-scoring,2.0269,prod,payments,2026-07-18T01:00:00Z,111122223333
AWS,EC2,fraud-scoring,2.2818,prod,payments,2026-07-18T02:00:00Z,111122223333
AWS,EC2,fraud-scoring,2.3371,prod,payments,2026-07-18T03:00:00Z,111122223333
AWS,EC2,fraud-scoring,2.2310,prod,payments,2026-07-18T04:00:00Z,111122223333
AWS,EC2,fraud-scoring,2.3719,prod,payments,2026-07-18T05:00:00Z,111122223333
AWS,EC2,fraud-scoring,2.2452,prod,payments,2026-07-18T06:00:00Z,111122223333
AWS,EC2,fraud-scoring,2.1572,prod,payments,2026-07-18T07:00:00Z,111122223333
AWS,EC2,fraud-scoring,2.5131,prod,payments,2026-07-18T08:00:00Z,111122223333
AWS,EC2,fraud-scoring,2.9157,prod,payments,2026-07-18T09:00:00Z,111122223333
AWS,EC2,fraud-scoring,2.9479,prod,payments,2026-07-18T10:00:00Z,111122223333
AWS,EC2,fraud-scoring,3.4881,prod,payments,2026-07-18T11:00:00Z,111122223333
AWS,EC2,fraud-scoring,3.0899,prod,payments,2026-07-18T12:00:00Z,111122223333
AWS,EC2,fraud-scoring,3.7442,prod,payments,2026-07-18T13:00:00Z,111122223333
AWS,EC2,fraud-scoring,3.3218,prod,payments,2026-07-18T14:00:00Z,111122223333
AWS,EC2,fraud-scoring,3.2135,prod,payments,2026-07-18T15:00:00Z,111122223333
AWS,EC2,fraud-scoring,3.0181,prod,payments,2026-07-18T16:00:00Z,111122223333
AWS,EC2,fraud-scoring,3.0103,prod,payments,2026-07-18T17:00:00Z,111122223333
AWS,EC2,fraud-scoring,2.4529,prod,payments,2026-07-18T18:00:00Z,111122223333
AWS,EC2,fraud-scoring,2.3505,prod,payments,2026-07-18T19:00:00Z,111122223333
AWS,EC2,fraud-scoring,2.1180,prod,payments,2026-07-18T20:00:00Z,111122223333
AWS,EC2,fraud-scoring,2.1939,prod,payments,2026-07-18T21:00:00Z,111122223333
AWS,EC2,fraud-scoring,2.2288,prod,payments,2026-07-18T22:00:00Z,111122223333
AWS,EC2,fraud-scoring,2.2450,prod,payments,2026-07-18T23:00:00Z,111122223333
AWS,EC2,fraud-scoring,2.0996,prod,payments,2026-07-19T00:00:00Z,111122223333
AWS,EC2,fraud-scoring,2.1426,prod,payments,2026-07-19T01:00:00Z,111122223333
AWS,EC2,fraud-scoring,2.0719,prod,payments,2026-07-19T02:00:00Z,111122223333
AWS,EC2,fraud-scoring,2.0280,prod,payments,2026-07-19T03:00:00Z,111122223333
AWS,EC2,fraud-scoring,2.0637,prod,payments,2026-07-19T04:00:00Z,111122223333
AWS,EC2,fraud-scoring,2.0532,prod,payments,2026-07-19T05:00:00Z,111122223333
AWS,EC2,fraud-scoring,2.0548,prod,payments,2026-07-19T06:00:00Z,111122223333
AWS,EC2,fraud-scoring,2.3328,prod,payments,2026-07-19T07:00:00Z,111122223333
AWS,EC2,fraud-scoring,2.7137,prod,payments,2026-07-19T08:00:00Z,111122223333
AWS,EC2,fraud-scoring,2.9253,prod,payments,2026-07-19T09:00:00Z,111122223333
AWS,EC2,fraud-scoring,3.0641,prod,payments,2026-07-19T10:00:00Z,111122223333
AWS,EC2,fraud-scoring,3.5391,prod,payments,2026-07-19T11:00:00Z,111122223333
AWS,EC2,fraud-scoring,3.6143,prod,payments,2026-07-19T12:00:00Z,111122223333
AWS,EC2,fraud-scoring,3.2544,prod,payments,2026-07-19T13:00:00Z,111122223333
AWS,EC2,fraud-scoring,3.4695,prod,payments,2026-07-19T14:00:00Z,111122223333
AWS,EC2,fraud-scoring,3.1544,prod,payments,2026-07-19T15:00:00Z,111122223333
AWS,EC2,fraud-scoring,2.9034,prod,payments,2026-07-19T16:00:00Z,111122223333
AWS,EC2,fraud-scoring,2.8483,prod,payments,2026-07-19T17:00:00Z,111122223333
AWS,EC2,fraud-scoring,2.6335,prod,payments,2026-07-19T18:00:00Z,111122223333
AWS,EC2,fraud-scoring,2.2165,prod,payments,2026-07-19T19:00:00Z,111122223333
AWS,EC2,fraud-scoring,2.3421,prod,payments,2026-07-19T20:00:00Z,111122223333
AWS,EC2,fraud-scoring,2.0594,prod,payments,2026-07-19T21:00:00Z,111122223333
AWS,EC2,fraud-scoring,2.2904,prod,payments,2026-07-19T22:00:00Z,111122223333
AWS,EC2,fraud-scoring,2.1340,prod,payments,2026-07-19T23:00:00Z,111122223333
AWS,EC2,fraud-scoring,2.9263,prod,payments,2026-07-20T00:00:00Z,111122223333
AWS,EC2,fraud-scoring,3.4711,prod,payments,2026-07-20T01:00:00Z,111122223333
AWS,EC2,fraud-scoring,3.4342,prod,payments,2026-07-20T02:00:00Z,111122223333
AWS,EC2,fraud-scoring,3.0414,prod,payments,2026-07-20T03:00:00Z,111122223333
AWS,EC2,fraud-scoring,3.4014,prod,payments,2026-07-20T04:00:00Z,111122223333
AWS,EC2,fraud-scoring,3.1847,prod,payments,2026-07-20T05:00:00Z,111122223333
AWS,EC2,fraud-scoring,2.9376,prod,payments,2026-07-20T06:00:00Z,111122223333
AWS,EC2,fraud-scoring,3.4586,prod,payments,2026-07-20T07:00:00Z,111122223333
AWS,EC2,fraud-scoring,3.4787,prod,payments,2026-07-20T08:00:00Z,111122223333
AWS,EC2,fraud-scoring,4.0450,prod,payments,2026-07-20T09:00:00Z,111122223333
AWS,EC2,fraud-scoring,4.6504,prod,payments,2026-07-20T10:00:00Z,111122223333
AWS,EC2,fraud-scoring,5.0563,prod,payments,2026-07-20T11:00:00Z,111122223333
AWS,EC2,fraud-scoring,4.8086,prod,payments,2026-07-20T12:00:00Z,111122223333
AWS,EC2,fraud-scoring,5.0344,prod,payments,2026-07-20T13:00:00Z,111122223333
AWS,EC2,fraud-scoring,5.2080,prod,payments,2026-07-20T14:00:00Z,111122223333
AWS,EC2,fraud-scoring,4.5630,prod,payments,2026-07-20T15:00:00Z,111122223333
AWS,EC2,fraud-scoring,4.3029,prod,payments,2026-07-20T16:00:00Z,111122223333
AWS,EC2,fraud-scoring,4.2410,prod,payments,2026-07-20T17:00:00Z,111122223333
AWS,EC2,fraud-scoring,3.9272,prod,payments,2026-07-20T18:00:00Z,111122223333
AWS,EC2,fraud-scoring,3.3046,prod,payments,2026-07-20T19:00:00Z,111122223333
AWS,EC2,fraud-scoring,3.1528,prod,payments,2026-07-20T20:00:00Z,111122223333
AWS,EC2,fraud-scoring,3.3178,prod,payments,2026-07-20T21:00:00Z,111122223333
AWS,EC2,fraud-scoring,3.3022,prod,payments,2026-07-20T22:00:00Z,111122223333
AWS,EC2,fraud-scoring,3.1227,prod,payments,2026-07-20T23:00:00Z,111122223333
AWS,EC2,fraud-scoring,3.1517,prod,payments,2026-07-21T00:00:00Z,111122223333
AWS,EC2,fraud-scoring,3.1965,prod,payments,2026-07-21T01:00:00Z,111122223333
AWS,EC2,fraud-scoring,3.5247,prod,payments,2026-07-21T02:00:00Z,111122223333
AWS,EC2,fraud-scoring,3.2435,prod,payments,2026-07-21T03:00:00Z,111122223333
AWS,EC2,fraud-scoring,3.2222,prod,payments,2026-07-21T04:00:00Z,111122223333
AWS,EC2,fraud-scoring,2.9570,prod,payments,2026-07-21T05:00:00Z,111122223333
AWS,EC2,fraud-scoring,3.3756,prod,payments,2026-07-21T06:00:00Z,111122223333
AWS,EC2,fraud-scoring,3.1370,prod,payments,2026-07-21T07:00:00Z,111122223333
AWS,EC2,fraud-scoring,3.3537,prod,payments,2026-07-21T08:00:00Z,111122223333
AWS,EC2,fraud-scoring,4.3273,prod,payments,2026-07-21T09:00:00Z,111122223333
AWS,EC2,fraud-scoring,4.8037,prod,payments,2026-07-21T10:00:00Z,111122223333
AWS,EC2,fraud-scoring,4.5318,prod,payments,2026-07-21T11:00:00Z,111122223333
AWS,EC2,fraud-scoring,4.5102,prod,payments,2026-07-21T12:00:00Z,111122223333
AWS,EC2,fraud-scoring,5.2758,prod,payments,2026-07-21T13:00:00Z,111122223333
AWS,EC2,fraud-scoring,4.5617,prod,payments,2026-07-21T14:00:00Z,111122223333
AWS,EC2,fraud-scoring,4.4050,prod,payments,2026-07-21T15:00:00Z,111122223333
AWS,EC2,fraud-scoring,4.9493,prod,payments,2026-07-21T16:00:00Z,111122223333
AWS,EC2,fraud-scoring,4.5412,prod,payments,2026-07-21T17:00:00Z,111122223333
AWS,EC2,fraud-scoring,3.6927,prod,payments,2026-07-21T18:00:00Z,111122223333
AWS,EC2,fraud-scoring,3.5282,prod,payments,2026-07-21T19:00:00Z,111122223333
AWS,EC2,fraud-scoring,3.1168,prod,payments,2026-07-21T20:00:00Z,111122223333
AWS,EC2,fraud-scoring,2.9739,prod,payments,2026-07-21T21:00:00Z,111122223333
AWS,EC2,fraud-scoring,3.0481,prod,payments,2026-07-21T22:00:00Z,111122223333
AWS,EC2,fraud-scoring,3.0474,prod,payments,2026-07-21T23:00:00Z,111122223333
AWS,EC2,fraud-scoring,3.1880,prod,payments,2026-07-22T00:00:00Z,111122223333
AWS,EC2,fraud-scoring,3.2834,prod,payments,2026-07-22T01:00:00Z,111122223333
AWS,EC2,fraud-scoring,3.5003,prod,payments,2026-07-22T02:00:00Z,111122223333
AWS,EC2,fraud-scoring,3.3933,prod,payments,2026-07-22T03:00:00Z,111122223333
AWS,EC2,fraud-scoring,3.1510,prod,payments,2026-07-22T04:00:00Z,111122223333
AWS,EC2,fraud-scoring,2.9708,prod,payments,2026-07-22T05:00:00Z,111122223333
AWS,EC2,fraud-scoring,3.5503,prod,payments,2026-07-22T06:00:00Z,111122223333
AWS,EC2,fraud-scoring,3.2200,prod,payments,2026-07-22T07:00:00Z,111122223333
AWS,EC2,fraud-scoring,3.3795,prod,payments,2026-07-22T08:00:00Z,111122223333
AWS,EC2,fraud-scoring,4.5639,prod,payments,2026-07-22T09:00:00Z,111122223333
AWS,EC2,fraud-scoring,4.3680,prod,payments,2026-07-22T10:00:00Z,111122223333
AWS,EC2,fraud-scoring,4.3877,prod,payments,2026-07-22T11:00:00Z,111122223333
AWS,EC2,fraud-scoring,5.2192,prod,payments,2026-07-22T12:00:00Z,111122223333
AWS,EC2,fraud-scoring,5.4447,prod,payments,2026-07-22T13:00:00Z,111122223333
AWS,EC2,fraud-scoring,5.1434,prod,payments,2026-07-22T14:00:00Z,111122223333
AWS,EC2,fraud-scoring,5.2746,prod,payments,2026-07-22T15:00:00Z,111122223333
AWS,EC2,fraud-scoring,4.8887,prod,payments,2026-07-22T16:00:00Z,111122223333
AWS,EC2,fraud-scoring,4.3219,prod,payments,2026-07-22T17:00:00Z,111122223333
AWS,EC2,fraud-scoring,3.8610,prod,payments,2026-07-22T18:00:00Z,111122223333
AWS,EC2,fraud-scoring,3.2160,prod,payments,2026-07-22T19:00:00Z,111122223333
AWS,EC2,fraud-scoring,2.9715,prod,payments,2026-07-22T20:00:00Z,111122223333
AWS,EC2,fraud-scoring,3.5127,prod,payments,2026-07-22T21:00:00Z,111122223333
AWS,EC2,fraud-scoring,3.2365,prod,payments,2026-07-22T22:00:00Z,111122223333
AWS,EC2,fraud-scoring,3.4324,prod,payments,2026-07-22T23:00:00Z,111122223333
AWS,EC2,fraud-scoring,3.0204,prod,payments,2026-07-23T00:00:00Z,111122223333
AWS,EC2,fraud-scoring,3.3638,prod,payments,2026-07-23T01:00:00Z,111122223333
AWS,EC2,fraud-scoring,3.1263,prod,payments,2026-07-23T02:00:00Z,111122223333
AWS,EC2,fraud-scoring,3.0633,prod,payments,2026-07-23T03:00:00Z,111122223333
AWS,EC2,fraud-scoring,3.3392,prod,payments,2026-07-23T04:00:00Z,111122223333
AWS,EC2,fraud-scoring,3.1010,prod,payments,2026-07-23T05:00:00Z,111122223333
AWS,EC2,fraud-scoring,3.3102,prod,payments,2026-07-23T06:00:00Z,111122223333
AWS,EC2,fraud-scoring,3.4728,prod,payments,2026-07-23T07:00:00Z,111122223333
AWS,EC2,fraud-scoring,3.6767,prod,payments,2026-07-23T08:00:00Z,111122223333
AWS,EC2,fraud-scoring,3.8982,prod,payments,2026-07-23T09:00:00Z,111122223333
AWS,EC2,fraud-scoring,5.0392,prod,payments,2026-07-23T10:00:00Z,111122223333
AWS,EC2,fraud-scoring,5.1162,prod,payments,2026-07-23T11:00:00Z,111122223333
AWS,EC2,fraud-scoring,5.3151,prod,payments,2026-07-23T12:00:00Z,111122223333
AWS,EC2,fraud-scoring,5.2985,prod,payments,2026-07-23T13:00:00Z,111122223333
AWS,EC2,fraud-scoring,4.9750,prod,payments,2026-07-23T14:00:00Z,111122223333
AWS,EC2,fraud-scoring,4.4956,prod,payments,2026-07-23T15:00:00Z,111122223333
AWS,EC2,fraud-scoring,4.6619,prod,payments,2026-07-23T16:00:00Z,111122223333
AWS,EC2,fraud-scoring,4.4031,prod,payments,2026-07-23T17:00:00Z,111122223333
AWS,EC2,fraud-scoring,4.0808,prod,payments,2026-07-23T18:00:00Z,111122223333
AWS,EC2,fraud-scoring,3.0246,prod,payments,2026-07-23T19:00:00Z,111122223333
AWS,EC2,fraud-scoring,3.2933,prod,payments,2026-07-23T20:00:00Z,111122223333
AWS,EC2,fraud-scoring,3.5210,prod,payments,2026-07-23T21:00:00Z,111122223333
AWS,EC2,fraud-scoring,3.4168,prod,payments,2026-07-23T22:00:00Z,111122223333
AWS,EC2,fraud-scoring,3.5302,prod,payments,2026-07-23T23:00:00Z,111122223333
AWS,EC2,fraud-scoring,3.4612,prod,payments,2026-07-24T00:00:00Z,111122223333
AWS,EC2,fraud-scoring,3.5866,prod,payments,2026-07-24T01:00:00Z,111122223333
AWS,EC2,fraud-scoring,3.4762,prod,payments,2026-07-24T02:00:00Z,111122223333
AWS,EC2,fraud-scoring,3.0257,prod,payments,2026-07-24T03:00:00Z,111122223333
AWS,EC2,fraud-scoring,3.2784,prod,payments,2026-07-24T04:00:00Z,111122223333
AWS,EC2,fraud-scoring,3.2547,prod,payments,2026-07-24T05:00:00Z,111122223333
AWS,EC2,fraud-scoring,3.1220,prod,payments,2026-07-24T06:00:00Z,111122223333
AWS,EC2,fraud-scoring,3.6213,prod,payments,2026-07-24T07:00:00Z,111122223333
AWS,EC2,fraud-scoring,3.5467,prod,payments,2026-07-24T08:00:00Z,111122223333
AWS,EC2,fraud-scoring,4.2498,prod,payments,2026-07-24T09:00:00Z,111122223333
AWS,EC2,fraud-scoring,5.0123,prod,payments,2026-07-24T10:00:00Z,111122223333
AWS,EC2,fraud-scoring,4.7503,prod,payments,2026-07-24T11:00:00Z,111122223333
AWS,EC2,fraud-scoring,5.1945,prod,payments,2026-07-24T12:00:00Z,111122223333
AWS,EC2,fraud-scoring,5.3326,prod,payments,2026-07-24T13:00:00Z,111122223333
AWS,EC2,fraud-scoring,5.2949,prod,payments,2026-07-24T14:00:00Z,111122223333
AWS,EC2,fraud-scoring,4.5207,prod,payments,2026-07-24T15:00:00Z,111122223333
AWS,EC2,fraud-scoring,4.4736,prod,payments,2026-07-24T16:00:00Z,111122223333
AWS,EC2,fraud-scoring,4.6661,prod,payments,2026-07-24T17:00:00Z,111122223333
AWS,EC2,fraud-scoring,3.7931,prod,payments,2026-07-24T18:00:00Z,111122223333
AWS,EC2,fraud-scoring,3.0685,prod,payments,2026-07-24T19:00:00Z,111122223333
AWS,EC2,fraud-scoring,3.3157,prod,payments,2026-07-24T20:00:00Z,111122223333
AWS,EC2,fraud-scoring,3.2741,prod,payments,2026-07-24T21:00:00Z,111122223333
AWS,EC2,fraud-scoring,3.0595,prod,payments,2026-07-24T22:00:00Z,111122223333
AWS,EC2,fraud-scoring,3.5291,prod,payments,2026-07-24T23:00:00Z,111122223333
AWS,EC2,fraud-scoring,2.3473,prod,payments,2026-07-25T00:00:00Z,111122223333
AWS,EC2,fraud-scoring,2.3994,prod,payments,2026-07-25T01:00:00Z,111122223333
AWS,EC2,fraud-scoring,2.4086,prod,payments,2026-07-25T02:00:00Z,111122223333
AWS,EC2,fraud-scoring,2.2246,prod,payments,2026-07-25T03:00:00Z,111122223333
AWS,EC2,fraud-scoring,2.2664,prod,payments,2026-07-25T04:00:00Z,111122223333
AWS,EC2,fraud-scoring,2.5159,prod,payments,2026-07-25T05:00:00Z,111122223333
AWS,EC2,fraud-scoring,2.1692,prod,payments,2026-07-25T06:00:00Z,111122223333
AWS,EC2,fraud-scoring,2.4084,prod,payments,2026-07-25T07:00:00Z,111122223333
AWS,EC2,fraud-scoring,2.6733,prod,payments,2026-07-25T08:00:00Z,111122223333
AWS,EC2,fraud-scoring,2.9564,prod,payments,2026-07-25T09:00:00Z,111122223333
AWS,EC2,fraud-scoring,3.1593,prod,payments,2026-07-25T10:00:00Z,111122223333
AWS,EC2,fraud-scoring,3.3205,prod,payments,2026-07-25T11:00:00Z,111122223333
AWS,EC2,fraud-scoring,3.3336,prod,payments,2026-07-25T12:00:00Z,111122223333
AWS,EC2,fraud-scoring,3.7551,prod,payments,2026-07-25T13:00:00Z,111122223333
AWS,EC2,fraud-scoring,3.6329,prod,payments,2026-07-25T14:00:00Z,111122223333
AWS,EC2,fraud-scoring,3.5201,prod,payments,2026-07-25T15:00:00Z,111122223333
AWS,EC2,fraud-scoring,3.3114,prod,payments,2026-07-25T16:00:00Z,111122223333
AWS,EC2,fraud-scoring,3.0434,prod,payments,2026-07-25T17:00:00Z,111122223333
AWS,EC2,fraud-scoring,2.5161,prod,payments,2026-07-25T18:00:00Z,111122223333
AWS,EC2,fraud-scoring,2.5671,prod,payments,2026-07-25T19:00:00Z,111122223333
AWS,EC2,fraud-scoring,2.2040,prod,payments,2026-07-25T20:00:00Z,111122223333
AWS,EC2,fraud-scoring,2.1999,prod,payments,2026-07-25T21:00:00Z,111122223333
AWS,EC2,fraud-scoring,2.2747,prod,payments,2026-07-25T22:00:00Z,111122223333
AWS,EC2,fraud-scoring,2.5606,prod,payments,2026-07-25T23:00:00Z,111122223333
AWS,EC2,fraud-scoring,2.5607,prod,payments,2026-07-26T00:00:00Z,111122223333
AWS,EC2,fraud-scoring,2.3911,prod,payments,2026-07-26T01:00:00Z,111122223333
AWS,EC2,fraud-scoring,2.3398,prod,payments,2026-07-26T02:00:00Z,111122223333
AWS,EC2,fraud-scoring,2.2463,prod,payments,2026-07-26T03:00:00Z,111122223333
AWS,EC2,fraud-scoring,2.4103,prod,payments,2026-07-26T04:00:00Z,111122223333
AWS,EC2,fraud-scoring,2.3015,prod,payments,2026-07-26T05:00:00Z,111122223333
AWS,EC2,fraud-scoring,2.3453,prod,payments,2026-07-26T06:00:00Z,111122223333
AWS,EC2,fraud-scoring,2.4894,prod,payments,2026-07-26T07:00:00Z,111122223333
AWS,EC2,fraud-scoring,2.6086,prod,payments,2026-07-26T08:00:00Z,111122223333
AWS,EC2,fraud-scoring,2.8544,prod,payments,2026-07-26T09:00:00Z,111122223333
AWS,EC2,fraud-scoring,3.0749,prod,payments,2026-07-26T10:00:00Z,111122223333
AWS,EC2,fraud-scoring,3.5693,prod,payments,2026-07-26T11:00:00Z,111122223333
AWS,EC2,fraud-scoring,3.7739,prod,payments,2026-07-26T12:00:00Z,111122223333
AWS,EC2,fraud-scoring,3.6308,prod,payments,2026-07-26T13:00:00Z,111122223333
AWS,EC2,fraud-scoring,3.6281,prod,payments,2026-07-26T14:00:00Z,111122223333
AWS,EC2,fraud-scoring,3.4209,prod,payments,2026-07-26T15:00:00Z,111122223333
AWS,EC2,fraud-scoring,0.7203,staging,payments,2026-07-13T07:00:00Z,111122223333
AWS,EC2,fraud-scoring,0.7461,staging,payments,2026-07-13T08:00:00Z,111122223333
AWS,EC2,fraud-scoring,0.9228,staging,payments,2026-07-13T09:00:00Z,111122223333
AWS,EC2,fraud-scoring,1.0233,staging,payments,2026-07-13T10:00:00Z,111122223333
AWS,EC2,fraud-scoring,0.9727,staging,payments,2026-07-13T11:00:00Z,111122223333
AWS,EC2,fraud-scoring,1.0673,staging,payments,2026-07-13T12:00:00Z,111122223333
AWS,EC2,fraud-scoring,1.0892,staging,payments,2026-07-13T13:00:00Z,111122223333
AWS,EC2,fraud-scoring,1.0964,staging,payments,2026-07-13T14:00:00Z,111122223333
AWS,EC2,fraud-scoring,0.9757,staging,payments,2026-07-13T15:00:00Z,111122223333
AWS,EC2,fraud-scoring,1.0099,staging,payments,2026-07-13T16:00:00Z,111122223333
AWS,EC2,fraud-scoring,0.9630,staging,payments,2026-07-13T17:00:00Z,111122223333
AWS,EC2,fraud-scoring,0.8324,staging,payments,2026-07-13T18:00:00Z,111122223333
AWS,EC2,fraud-scoring,0.7572,staging,payments,2026-07-14T07:00:00Z,111122223333
AWS,EC2,fraud-scoring,0.7616,staging,payments,2026-07-14T08:00:00Z,111122223333
AWS,EC2,fraud-scoring,0.9061,staging,payments,2026-07-14T09:00:00Z,111122223333
AWS,EC2,fraud-scoring,0.9185,staging,payments,2026-07-14T10:00:00Z,111122223333
AWS,EC2,fraud-scoring,1.1660,staging,payments,2026-07-14T11:00:00Z,111122223333
AWS,EC2,fraud-scoring,1.1171,staging,payments,2026-07-14T12:00:00Z,111122223333
AWS,EC2,fraud-scoring,1.2355,staging,payments,2026-07-14T13:00:00Z,111122223333
AWS,EC2,fraud-scoring,1.2186,staging,payments,2026-07-14T14:00:00Z,111122223333
AWS,EC2,fraud-scoring,1.0533,staging,payments,2026-07-14T15:00:00Z,111122223333
AWS,EC2,fraud-scoring,1.0777,staging,payments,2026-07-14T16:00:00Z,111122223333
AWS,EC2,fraud-scoring,1.0094,staging,payments,2026-07-14T17:00:00Z,111122223333
AWS,EC2,fraud-scoring,0.8591,staging,payments,2026-07-14T18:00:00Z,111122223333
AWS,EC2,fraud-scoring,0.6910,staging,payments,2026-07-15T07:00:00Z,111122223333
AWS,EC2,fraud-scoring,0.9131,staging,payments,2026-07-15T08:00:00Z,111122223333
AWS,EC2,fraud-scoring,0.9558,staging,payments,2026-07-15T09:00:00Z,111122223333
AWS,EC2,fraud-scoring,0.9656,staging,payments,2026-07-15T10:00:00Z,111122223333
AWS,EC2,fraud-scoring,1.1427,staging,payments,2026-07-15T11:00:00Z,111122223333
AWS,EC2,fraud-scoring,1.1106,staging,payments,2026-07-15T12:00:00Z,111122223333
AWS,EC2,fraud-scoring,1.1920,staging,payments,2026-07-15T13:00:00Z,111122223333
AWS,EC2,fraud-scoring,1.0302,staging,payments,2026-07-15T14:00:00Z,111122223333
AWS,EC2,fraud-scoring,1.0523,staging,payments,2026-07-15T15:00:00Z,111122223333
AWS,EC2,fraud-scoring,1.0753,staging,payments,2026-07-15T16:00:00Z,111122223333
AWS,EC2,fraud-scoring,0.8528,staging,payments,2026-07-15T17:00:00Z,111122223333
AWS,EC2,fraud-scoring,0.8278,staging,payments,2026-07-15T18:00:00Z,111122223333
AWS,EC2,fraud-scoring,0.7017,staging,payments,2026-07-16T07:00:00Z,111122223333
AWS,EC2,fraud-scoring,0.9014,staging,payments,2026-07-16T08:00:00Z,111122223333
AWS,EC2,fraud-scoring,0.8850,staging,payments,2026-07-16T09:00:00Z,111122223333
AWS,EC2,fraud-scoring,1.0205,staging,payments,2026-07-16T10:00:00Z,111122223333
AWS,EC2,fraud-scoring,0.9888,staging,payments,2026-07-16T11:00:00Z,111122223333
AWS,EC2,fraud-scoring,1.2002,staging,payments,2026-07-16T12:00:00Z,111122223333
AWS,EC2,fraud-scoring,1.2401,staging,payments,2026-07-16T13:00:00Z,111122223333
AWS,EC2,fraud-scoring,1.2256,staging,payments,2026-07-16T14:00:00Z,111122223333
AWS,EC2,fraud-scoring,1.0409,staging,payments,2026-07-16T15:00:00Z,111122223333
AWS,EC2,fraud-scoring,1.1101,staging,payments,2026-07-16T16:00:00Z,111122223333
AWS,EC2,fraud-scoring,0.9684,staging,payments,2026-07-16T17:00:00Z,111122223333
AWS,EC2,fraud-scoring,0.9322,staging,payments,2026-07-16T18:00:00Z,111122223333
AWS,EC2,fraud-scoring,0.8018,staging,payments,2026-07-17T07:00:00Z,111122223333
AWS,EC2,fraud-scoring,0.8160,staging,payments,2026-07-17T08:00:00Z,111122223333
AWS,EC2,fraud-scoring,0.9155,staging,payments,2026-07-17T09:00:00Z,111122223333
AWS,EC2,fraud-scoring,1.0515,staging,payments,2026-07-17T10:00:00Z,111122223333
AWS,EC2,fraud-scoring,1.0608,staging,payments,2026-07-17T11:00:00Z,111122223333
AWS,EC2,fraud-scoring,1.0367,staging,payments,2026-07-17T12:00:00Z,111122223333
AWS,EC2,fraud-scoring,1.2296,staging,payments,2026-07-17T13:00:00Z,111122223333
AWS,EC2,fraud-scoring,1.1070,staging,payments,2026-07-17T14:00:00Z,111122223333
AWS,EC2,fraud-scoring,1.1093,staging,payments,2026-07-17T15:00:00Z,111122223333
AWS,EC2,fraud-scoring,1.1125,staging,payments,2026-07-17T16:00:00Z,111122223333
AWS,EC2,fraud-scoring,1.0459,staging,payments,2026-07-17T17:00:00Z,111122223333
AWS,EC2,fraud-scoring,0.8261,staging,payments,2026-07-17T18:00:00Z,111122223333
AWS,EC2,fraud-scoring,0.8054,staging,payments,2026-07-20T07:00:00Z,111122223333
AWS,EC2,fraud-scoring,0.8436,staging,payments,2026-07-20T08:00:00Z,111122223333
AWS,EC2,fraud-scoring,0.9424,staging,payments,2026-07-20T09:00:00Z,111122223333
AWS,EC2,fraud-scoring,1.0830,staging,payments,2026-07-20T10:00:00Z,111122223333
AWS,EC2,fraud-scoring,1.1315,staging,payments,2026-07-20T11:00:00Z,111122223333
AWS,EC2,fraud-scoring,1.0674,staging,payments,2026-07-20T12:00:00Z,111122223333
AWS,EC2,fraud-scoring,1.2196,staging,payments,2026-07-20T13:00:00Z,111122223333
AWS,EC2,fraud-scoring,1.1445,staging,payments,2026-07-20T14:00:00Z,111122223333
AWS,EC2,fraud-scoring,1.2234,staging,payments,2026-07-20T15:00:00Z,111122223333
AWS,EC2,fraud-scoring,1.1054,staging,payments,2026-07-20T16:00:00Z,111122223333
AWS,EC2,fraud-scoring,0.9016,staging,payments,2026-07-20T17:00:00Z,111122223333
AWS,EC2,fraud-scoring,0.8903,staging,payments,2026-07-20T18:00:00Z,111122223333
AWS,EC2,fraud-scoring,0.8206,staging,payments,2026-07-21T07:00:00Z,111122223333
AWS,EC2,fraud-scoring,0.8596,staging,payments,2026-07-21T08:00:00Z,111122223333
AWS,EC2,fraud-scoring,1.0699,staging,payments,2026-07-21T09:00:00Z,111122223333
AWS,EC2,fraud-scoring,1.0669,staging,payments,2026-07-21T10:00:00Z,111122223333
AWS,EC2,fraud-scoring,1.0791,staging,payments,2026-07-21T11:00:00Z,111122223333
AWS,EC2,fraud-scoring,1.1010,staging,payments,2026-07-21T12:00:00Z,111122223333
AWS,EC2,fraud-scoring,1.2412,staging,payments,2026-07-21T13:00:00Z,111122223333
AWS,EC2,fraud-scoring,1.2225,staging,payments,2026-07-21T14:00:00Z,111122223333
AWS,EC2,fraud-scoring,1.0425,staging,payments,2026-07-21T15:00:00Z,111122223333
AWS,EC2,fraud-scoring,1.0147,staging,payments,2026-07-21T16:00:00Z,111122223333
AWS,EC2,fraud-scoring,0.9309,staging,payments,2026-07-21T17:00:00Z,111122223333
AWS,EC2,fraud-scoring,0.9602,staging,payments,2026-07-21T18:00:00Z,111122223333
AWS,EC2,fraud-scoring,0.7440,staging,payments,2026-07-22T07:00:00Z,111122223333
AWS,EC2,fraud-scoring,0.9450,staging,payments,2026-07-22T08:00:00Z,111122223333
AWS,EC2,fraud-scoring,1.0231,staging,payments,2026-07-22T09:00:00Z,111122223333
AWS,EC2,fraud-scoring,1.0357,staging,payments,2026-07-22T10:00:00Z,111122223333
AWS,EC2,fraud-scoring,1.1210,staging,payments,2026-07-22T11:00:00Z,111122223333
AWS,EC2,fraud-scoring,1.1169,staging,payments,2026-07-22T12:00:00Z,111122223333
AWS,EC2,fraud-scoring,1.1696,staging,payments,2026-07-22T13:00:00Z,111122223333
AWS,EC2,fraud-scoring,1.2154,staging,payments,2026-07-22T14:00:00Z,111122223333
AWS,EC2,fraud-scoring,1.1012,staging,payments,2026-07-22T15:00:00Z,111122223333
AWS,EC2,fraud-scoring,1.0310,staging,payments,2026-07-22T16:00:00Z,111122223333
AWS,EC2,fraud-scoring,1.0034,staging,payments,2026-07-22T17:00:00Z,111122223333
AWS,EC2,fraud-scoring,0.9613,staging,payments,2026-07-22T18:00:00Z,111122223333
AWS,EC2,fraud-scoring,0.8273,staging,payments,2026-07-23T07:00:00Z,111122223333
AWS,EC2,fraud-scoring,0.8459,staging,payments,2026-07-23T08:00:00Z,111122223333
AWS,EC2,fraud-scoring,0.9046,staging,payments,2026-07-23T09:00:00Z,111122223333
AWS,EC2,fraud-scoring,1.1485,staging,payments,2026-07-23T10:00:00Z,111122223333
AWS,EC2,fraud-scoring,1.1525,staging,payments,2026-07-23T11:00:00Z,111122223333
AWS,EC2,fraud-scoring,1.2233,staging,payments,2026-07-23T12:00:00Z,111122223333
AWS,EC2,fraud-scoring,1.2178,staging,payments,2026-07-23T13:00:00Z,111122223333
AWS,EC2,fraud-scoring,1.2379,staging,payments,2026-07-23T14:00:00Z,111122223333
AWS,EC2,fraud-scoring,1.2497,staging,payments,2026-07-23T15:00:00Z,111122223333
AWS,EC2,fraud-scoring,1.1187,staging,payments,2026-07-23T16:00:00Z,111122223333
AWS,EC2,fraud-scoring,1.0679,staging,payments,2026-07-23T17:00:00Z,111122223333
AWS,EC2,fraud-scoring,0.9158,staging,payments,2026-07-23T18:00:00Z,111122223333
AWS,EC2,fraud-scoring,0.7919,staging,payments,2026-07-24T07:00:00Z,111122223333
AWS,EC2,fraud-scoring,0.9445,staging,payments,2026-07-24T08:00:00Z,111122223333
AWS,EC2,fraud-scoring,0.9103,staging,payments,2026-07-24T09:00:00Z,111122223333
AWS,EC2,fraud-scoring,1.1068,staging,payments,2026-07-24T10:00:00Z,111122223333
AWS,EC2,fraud-scoring,1.2532,staging,payments,2026-07-24T11:00:00Z,111122223333
AWS,EC2,fraud-scoring,1.1464,staging,payments,2026-07-24T12:00:00Z,111122223333
AWS,EC2,fraud-scoring,1.2180,staging,payments,2026-07-24T13:00:00Z,111122223333
AWS,EC2,fraud-scoring,1.1294,staging,payments,2026-07-24T14:00:00Z,111122223333
AWS,EC2,fraud-scoring,1.2091,staging,payments,2026-07-24T15:00:00Z,111122223333
AWS,EC2,fraud-scoring,1.0959,staging,payments,2026-07-24T16:00:00Z,111122223333
AWS,EC2,fraud-scoring,0.9447,staging,payments,2026-07-24T17:00:00Z,111122223333
AWS,EC2,fraud-scoring,0.9043,staging,payments,2026-07-24T18:00:00Z,111122223333
Datadog,custom_metrics,fraud-scoring,0.4493,prod,payments,2026-07-12T16:00:00Z,dd-org-main
Datadog,custom_metrics,fraud-scoring,0.4065,prod,payments,2026-07-12T17:00:00Z,dd-org-main
Datadog,custom_metrics,fraud-scoring,0.4166,prod,payments,2026-07-12T18:00:00Z,dd-org-main
Datadog,custom_metrics,fraud-scoring,0.3470,prod,payments,2026-07-12T19:00:00Z,dd-org-main
Datadog,custom_metrics,fraud-scoring,0.3095,prod,payments,2026-07-12T20:00:00Z,dd-org-main
Datadog,custom_metrics,fraud-scoring,0.3635,prod,payments,2026-07-12T21:00:00Z,dd-org-main
Datadog,custom_metrics,fraud-scoring,0.3268,prod,payments,2026-07-12T22:00:00Z,dd-org-main
Datadog,custom_metrics,fraud-scoring,0.3555,prod,payments,2026-07-12T23:00:00Z,dd-org-main
Datadog,custom_metrics,fraud-scoring,0.5037,prod,payments,2026-07-13T00:00:00Z,dd-org-main
Datadog,custom_metrics,fraud-scoring,0.4827,prod,payments,2026-07-13T01:00:00Z,dd-org-main
Datadog,custom_metrics,fraud-scoring,0.5196,prod,payments,2026-07-13T02:00:00Z,dd-org-main
Datadog,custom_metrics,fraud-scoring,0.5245,prod,payments,2026-07-13T03:00:00Z,dd-org-main
Datadog,custom_metrics,fraud-scoring,0.4863,prod,payments,2026-07-13T04:00:00Z,dd-org-main
Datadog,custom_metrics,fraud-scoring,0.4460,prod,payments,2026-07-13T05:00:00Z,dd-org-main
Datadog,custom_metrics,fraud-scoring,0.4666,prod,payments,2026-07-13T06:00:00Z,dd-org-main
Datadog,custom_metrics,fraud-scoring,0.4975,prod,payments,2026-07-13T07:00:00Z,dd-org-main
Datadog,custom_metrics,fraud-scoring,0.5707,prod,payments,2026-07-13T08:00:00Z,dd-org-main
Datadog,custom_metrics,fraud-scoring,0.6107,prod,payments,2026-07-13T09:00:00Z,dd-org-main
Datadog,custom_metrics,fraud-scoring,0.6115,prod,payments,2026-07-13T10:00:00Z,dd-org-main
Datadog,custom_metrics,fraud-scoring,0.7627,prod,payments,2026-07-13T11:00:00Z,dd-org-main
Datadog,custom_metrics,fraud-scoring,0.7112,prod,payments,2026-07-13T12:00:00Z,dd-org-main
Datadog,custom_metrics,fraud-scoring,0.6857,prod,payments,2026-07-13T13:00:00Z,dd-org-main
Datadog,custom_metrics,fraud-scoring,0.6842,prod,payments,2026-07-13T14:00:00Z,dd-org-main
Datadog,custom_metrics,fraud-scoring,0.6913,prod,payments,2026-07-13T15:00:00Z,dd-org-main
Datadog,custom_metrics,fraud-scoring,0.7032,prod,payments,2026-07-13T16:00:00Z,dd-org-main
Datadog,custom_metrics,fraud-scoring,0.5845,prod,payments,2026-07-13T17:00:00Z,dd-org-main
Datadog,custom_metrics,fraud-scoring,0.5992,prod,payments,2026-07-13T18:00:00Z,dd-org-main
Datadog,custom_metrics,fraud-scoring,0.5316,prod,payments,2026-07-13T19:00:00Z,dd-org-main
Datadog,custom_metrics,fraud-scoring,0.4962,prod,payments,2026-07-13T20:00:00Z,dd-org-main
Datadog,custom_metrics,fraud-scoring,0.5151,prod,payments,2026-07-13T21:00:00Z,dd-org-main
Datadog,custom_metrics,fraud-scoring,0.4554,prod,payments,2026-07-13T22:00:00Z,dd-org-main
Datadog,custom_metrics,fraud-scoring,0.4491,prod,payments,2026-07-13T23:00:00Z,dd-org-main
Datadog,custom_metrics,fraud-scoring,0.4396,prod,payments,2026-07-14T00:00:00Z,dd-org-main
Datadog,custom_metrics,fraud-scoring,0.4981,prod,payments,2026-07-14T01:00:00Z,dd-org-main
Datadog,custom_metrics,fraud-scoring,0.5242,prod,payments,2026-07-14T02:00:00Z,dd-org-main
Datadog,custom_metrics,fraud-scoring,0.5084,prod,payments,2026-07-14T03:00:00Z,dd-org-main
Datadog,custom_metrics,fraud-scoring,0.4493,prod,payments,2026-07-14T04:00:00Z,dd-org-main
Datadog,custom_metrics,fraud-scoring,0.5082,prod,payments,2026-07-14T05:00:00Z,dd-org-main
Datadog,custom_metrics,fraud-scoring,0.5236,prod,payments,2026-07-14T06:00:00Z,dd-org-main
Datadog,custom_metrics,fraud-scoring,0.4357,prod,payments,2026-07-14T07:00:00Z,dd-org-main
Datadog,custom_metrics,fraud-scoring,0.5328,prod,payments,2026-07-14T08:00:00Z,dd-org-main
Datadog,custom_metrics,fraud-scoring,0.6134,prod,payments,2026-07-14T09:00:00Z,dd-org-main
Datadog,custom_metrics,fraud-scoring,0.6808,prod,payments,2026-07-14T10:00:00Z,dd-org-main
Datadog,custom_metrics,fraud-scoring,0.7017,prod,payments,2026-07-14T11:00:00Z,dd-org-main
Datadog,custom_metrics,fraud-scoring,0.7384,prod,payments,2026-07-14T12:00:00Z,dd-org-main
Datadog,custom_metrics,fraud-scoring,0.8204,prod,payments,2026-07-14T13:00:00Z,dd-org-main
Datadog,custom_metrics,fraud-scoring,0.7462,prod,payments,2026-07-14T14:00:00Z,dd-org-main
Datadog,custom_metrics,fraud-scoring,0.7561,prod,payments,2026-07-14T15:00:00Z,dd-org-main
Datadog,custom_metrics,fraud-scoring,0.6322,prod,payments,2026-07-14T16:00:00Z,dd-org-main
Datadog,custom_metrics,fraud-scoring,0.6040,prod,payments,2026-07-14T17:00:00Z,dd-org-main
Datadog,custom_metrics,fraud-scoring,0.5352,prod,payments,2026-07-14T18:00:00Z,dd-org-main
Datadog,custom_metrics,fraud-scoring,0.4422,prod,payments,2026-07-14T19:00:00Z,dd-org-main
Datadog,custom_metrics,fraud-scoring,0.4477,prod,payments,2026-07-14T20:00:00Z,dd-org-main
Datadog,custom_metrics,fraud-scoring,0.4942,prod,payments,2026-07-14T21:00:00Z,dd-org-main
Datadog,custom_metrics,fraud-scoring,0.4425,prod,payments,2026-07-14T22:00:00Z,dd-org-main
Datadog,custom_metrics,fraud-scoring,0.4588,prod,payments,2026-07-14T23:00:00Z,dd-org-main
Datadog,custom_metrics,fraud-scoring,0.4547,prod,payments,2026-07-15T00:00:00Z,dd-org-main
Datadog,custom_metrics,fraud-scoring,0.5037,prod,payments,2026-07-15T01:00:00Z,dd-org-main
Datadog,custom_metrics,fraud-scoring,0.5297,prod,payments,2026-07-15T02:00:00Z,dd-org-main
Datadog,custom_metrics,fraud-scoring,0.5258,prod,payments,2026-07-15T03:00:00Z,dd-org-main
Datadog,custom_metrics,fraud-scoring,0.5239,prod,payments,2026-07-15T04:00:00Z,dd-org-main
Datadog,custom_metrics,fraud-scoring,0.4836,prod,payments,2026-07-15T05:00:00Z,dd-org-main
Datadog,custom_metrics,fraud-scoring,0.5081,prod,payments,2026-07-15T06:00:00Z,dd-org-main
Datadog,custom_metrics,fraud-scoring,0.4693,prod,payments,2026-07-15T07:00:00Z,dd-org-main
Datadog,custom_metrics,fraud-scoring,0.6101,prod,payments,2026-07-15T08:00:00Z,dd-org-main
Datadog,custom_metrics,fraud-scoring,0.6380,prod,payments,2026-07-15T09:00:00Z,dd-org-main
Datadog,custom_metrics,fraud-scoring,0.6928,prod,payments,2026-07-15T10:00:00Z,dd-org-main
Datadog,custom_metrics,fraud-scoring,0.7232,prod,payments,2026-07-15T11:00:00Z,dd-org-main
Datadog,custom_metrics,fraud-scoring,0.7634,prod,payments,2026-07-15T12:00:00Z,dd-org-main
Datadog,custom_metrics,fraud-scoring,0.8207,prod,payments,2026-07-15T13:00:00Z,dd-org-main
Datadog,custom_metrics,fraud-scoring,0.7197,prod,payments,2026-07-15T14:00:00Z,dd-org-main
Datadog,custom_metrics,fraud-scoring,0.7795,prod,payments,2026-07-15T15:00:00Z,dd-org-main
Datadog,custom_metrics,fraud-scoring,0.6939,prod,payments,2026-07-15T16:00:00Z,dd-org-main
Datadog,custom_metrics,fraud-scoring,0.6637,prod,payments,2026-07-15T17:00:00Z,dd-org-main
Datadog,custom_metrics,fraud-scoring,0.6122,prod,payments,2026-07-15T18:00:00Z,dd-org-main
Datadog,custom_metrics,fraud-scoring,0.4466,prod,payments,2026-07-15T19:00:00Z,dd-org-main
Datadog,custom_metrics,fraud-scoring,0.4479,prod,payments,2026-07-15T20:00:00Z,dd-org-main
Datadog,custom_metrics,fraud-scoring,0.5299,prod,payments,2026-07-15T21:00:00Z,dd-org-main
Datadog,custom_metrics,fraud-scoring,0.5127,prod,payments,2026-07-15T22:00:00Z,dd-org-main
Datadog,custom_metrics,fraud-scoring,0.5034,prod,payments,2026-07-15T23:00:00Z,dd-org-main
Datadog,custom_metrics,fraud-scoring,0.4978,prod,payments,2026-07-16T00:00:00Z,dd-org-main
Datadog,custom_metrics,fraud-scoring,0.5277,prod,payments,2026-07-16T01:00:00Z,dd-org-main
Datadog,custom_metrics,fraud-scoring,0.4436,prod,payments,2026-07-16T02:00:00Z,dd-org-main
Datadog,custom_metrics,fraud-scoring,0.4566,prod,payments,2026-07-16T03:00:00Z,dd-org-main
Datadog,custom_metrics,fraud-scoring,0.5045,prod,payments,2026-07-16T04:00:00Z,dd-org-main
Datadog,custom_metrics,fraud-scoring,0.5015,prod,payments,2026-07-16T05:00:00Z,dd-org-main
Datadog,custom_metrics,fraud-scoring,0.4893,prod,payments,2026-07-16T06:00:00Z,dd-org-main
Datadog,custom_metrics,fraud-scoring,0.4635,prod,payments,2026-07-16T07:00:00Z,dd-org-main
Datadog,custom_metrics,fraud-scoring,0.5339,prod,payments,2026-07-16T08:00:00Z,dd-org-main
Datadog,custom_metrics,fraud-scoring,0.6093,prod,payments,2026-07-16T09:00:00Z,dd-org-main
Datadog,custom_metrics,fraud-scoring,0.7130,prod,payments,2026-07-16T10:00:00Z,dd-org-main
Datadog,custom_metrics,fraud-scoring,0.7577,prod,payments,2026-07-16T11:00:00Z,dd-org-main
Datadog,custom_metrics,fraud-scoring,0.7049,prod,payments,2026-07-16T12:00:00Z,dd-org-main
Datadog,custom_metrics,fraud-scoring,0.7742,prod,payments,2026-07-16T13:00:00Z,dd-org-main
Datadog,custom_metrics,fraud-scoring,0.7948,prod,payments,2026-07-16T14:00:00Z,dd-org-main
Datadog,custom_metrics,fraud-scoring,0.7868,prod,payments,2026-07-16T15:00:00Z,dd-org-main
Datadog,custom_metrics,fraud-scoring,0.7238,prod,payments,2026-07-16T16:00:00Z,dd-org-main
Datadog,custom_metrics,fraud-scoring,0.6097,prod,payments,2026-07-16T17:00:00Z,dd-org-main
Datadog,custom_metrics,fraud-scoring,0.5289,prod,payments,2026-07-16T18:00:00Z,dd-org-main
Datadog,custom_metrics,fraud-scoring,0.4514,prod,payments,2026-07-16T19:00:00Z,dd-org-main
Datadog,custom_metrics,fraud-scoring,0.4648,prod,payments,2026-07-16T20:00:00Z,dd-org-main
Datadog,custom_metrics,fraud-scoring,0.4563,prod,payments,2026-07-16T21:00:00Z,dd-org-main
Datadog,custom_metrics,fraud-scoring,0.4716,prod,payments,2026-07-16T22:00:00Z,dd-org-main
Datadog,custom_metrics,fraud-scoring,0.4717,prod,payments,2026-07-16T23:00:00Z,dd-org-main
Datadog,custom_metrics,fraud-scoring,0.5001,prod,payments,2026-07-17T00:00:00Z,dd-org-main
Datadog,custom_metrics,fraud-scoring,0.4814,prod,payments,2026-07-17T01:00:00Z,dd-org-main
Datadog,custom_metrics,fraud-scoring,0.5406,prod,payments,2026-07-17T02:00:00Z,dd-org-main
Datadog,custom_metrics,fraud-scoring,0.5127,prod,payments,2026-07-17T03:00:00Z,dd-org-main
Datadog,custom_metrics,fraud-scoring,0.5343,prod,payments,2026-07-17T04:00:00Z,dd-org-main
Datadog,custom_metrics,fraud-scoring,0.5133,prod,payments,2026-07-17T05:00:00Z,dd-org-main
Datadog,custom_metrics,fraud-scoring,0.4932,prod,payments,2026-07-17T06:00:00Z,dd-org-main
Datadog,custom_metrics,fraud-scoring,0.4964,prod,payments,2026-07-17T07:00:00Z,dd-org-main
Datadog,custom_metrics,fraud-scoring,0.6173,prod,payments,2026-07-17T08:00:00Z,dd-org-main
Datadog,custom_metrics,fraud-scoring,0.5901,prod,payments,2026-07-17T09:00:00Z,dd-org-main
Datadog,custom_metrics,fraud-scoring,0.6862,prod,payments,2026-07-17T10:00:00Z,dd-org-main
Datadog,custom_metrics,fraud-scoring,0.7439,prod,payments,2026-07-17T11:00:00Z,dd-org-main
Datadog,custom_metrics,fraud-scoring,0.8280,prod,payments,2026-07-17T12:00:00Z,dd-org-main
Datadog,custom_metrics,fraud-scoring,0.8083,prod,payments,2026-07-17T13:00:00Z,dd-org-main
Datadog,custom_metrics,fraud-scoring,0.7479,prod,payments,2026-07-17T14:00:00Z,dd-org-main
Datadog,custom_metrics,fraud-scoring,0.7335,prod,payments,2026-07-17T15:00:00Z,dd-org-main
Datadog,custom_metrics,fraud-scoring,0.7006,prod,payments,2026-07-17T16:00:00Z,dd-org-main
Datadog,custom_metrics,fraud-scoring,0.5947,prod,payments,2026-07-17T17:00:00Z,dd-org-main
Datadog,custom_metrics,fraud-scoring,0.6046,prod,payments,2026-07-17T18:00:00Z,dd-org-main
Datadog,custom_metrics,fraud-scoring,0.4876,prod,payments,2026-07-17T19:00:00Z,dd-org-main
Datadog,custom_metrics,fraud-scoring,0.4595,prod,payments,2026-07-17T20:00:00Z,dd-org-main
Datadog,custom_metrics,fraud-scoring,0.4699,prod,payments,2026-07-17T21:00:00Z,dd-org-main
Datadog,custom_metrics,fraud-scoring,0.4875,prod,payments,2026-07-17T22:00:00Z,dd-org-main
Datadog,custom_metrics,fraud-scoring,0.5411,prod,payments,2026-07-17T23:00:00Z,dd-org-main
Datadog,custom_metrics,fraud-scoring,0.3208,prod,payments,2026-07-18T00:00:00Z,dd-org-main
Datadog,custom_metrics,fraud-scoring,0.3450,prod,payments,2026-07-18T01:00:00Z,dd-org-main
Datadog,custom_metrics,fraud-scoring,0.3593,prod,payments,2026-07-18T02:00:00Z,dd-org-main
Datadog,custom_metrics,fraud-scoring,0.3487,prod,payments,2026-07-18T03:00:00Z,dd-org-main
Datadog,custom_metrics,fraud-scoring,0.3566,prod,payments,2026-07-18T04:00:00Z,dd-org-main
Datadog,custom_metrics,fraud-scoring,0.3639,prod,payments,2026-07-18T05:00:00Z,dd-org-main
Datadog,custom_metrics,fraud-scoring,0.3494,prod,payments,2026-07-18T06:00:00Z,dd-org-main
Datadog,custom_metrics,fraud-scoring,0.3774,prod,payments,2026-07-18T07:00:00Z,dd-org-main
Datadog,custom_metrics,fraud-scoring,0.4108,prod,payments,2026-07-18T08:00:00Z,dd-org-main
Datadog,custom_metrics,fraud-scoring,0.4358,prod,payments,2026-07-18T09:00:00Z,dd-org-main
Datadog,custom_metrics,fraud-scoring,0.5278,prod,payments,2026-07-18T10:00:00Z,dd-org-main
Datadog,custom_metrics,fraud-scoring,0.5672,prod,payments,2026-07-18T11:00:00Z,dd-org-main
Datadog,custom_metrics,fraud-scoring,0.4971,prod,payments,2026-07-18T12:00:00Z,dd-org-main
Datadog,custom_metrics,fraud-scoring,0.5255,prod,payments,2026-07-18T13:00:00Z,dd-org-main
Datadog,custom_metrics,fraud-scoring,0.5038,prod,payments,2026-07-18T14:00:00Z,dd-org-main
Datadog,custom_metrics,fraud-scoring,0.5281,prod,payments,2026-07-18T15:00:00Z,dd-org-main
Datadog,custom_metrics,fraud-scoring,0.4716,prod,payments,2026-07-18T16:00:00Z,dd-org-main
Datadog,custom_metrics,fraud-scoring,0.4819,prod,payments,2026-07-18T17:00:00Z,dd-org-main
Datadog,custom_metrics,fraud-scoring,0.3902,prod,payments,2026-07-18T18:00:00Z,dd-org-main
Datadog,custom_metrics,fraud-scoring,0.3343,prod,payments,2026-07-18T19:00:00Z,dd-org-main
Datadog,custom_metrics,fraud-scoring,0.3394,prod,payments,2026-07-18T20:00:00Z,dd-org-main
Datadog,custom_metrics,fraud-scoring,0.3829,prod,payments,2026-07-18T21:00:00Z,dd-org-main
Datadog,custom_metrics,fraud-scoring,0.3375,prod,payments,2026-07-18T22:00:00Z,dd-org-main
Datadog,custom_metrics,fraud-scoring,0.3497,prod,payments,2026-07-18T23:00:00Z,dd-org-main
Datadog,custom_metrics,fraud-scoring,0.3284,prod,payments,2026-07-19T00:00:00Z,dd-org-main
Datadog,custom_metrics,fraud-scoring,0.3556,prod,payments,2026-07-19T01:00:00Z,dd-org-main
Datadog,custom_metrics,fraud-scoring,0.3714,prod,payments,2026-07-19T02:00:00Z,dd-org-main
Datadog,custom_metrics,fraud-scoring,0.3231,prod,payments,2026-07-19T03:00:00Z,dd-org-main
Datadog,custom_metrics,fraud-scoring,0.3377,prod,payments,2026-07-19T04:00:00Z,dd-org-main
Datadog,custom_metrics,fraud-scoring,0.3203,prod,payments,2026-07-19T05:00:00Z,dd-org-main
Datadog,custom_metrics,fraud-scoring,0.3263,prod,payments,2026-07-19T06:00:00Z,dd-org-main
Datadog,custom_metrics,fraud-scoring,0.3741,prod,payments,2026-07-19T07:00:00Z,dd-org-main
Datadog,custom_metrics,fraud-scoring,0.3793,prod,payments,2026-07-19T08:00:00Z,dd-org-main
Datadog,custom_metrics,fraud-scoring,0.4693,prod,payments,2026-07-19T09:00:00Z,dd-org-main
Datadog,custom_metrics,fraud-scoring,0.4443,prod,payments,2026-07-19T10:00:00Z,dd-org-main
Datadog,custom_metrics,fraud-scoring,0.5376,prod,payments,2026-07-19T11:00:00Z,dd-org-main
Datadog,custom_metrics,fraud-scoring,0.5417,prod,payments,2026-07-19T12:00:00Z,dd-org-main
Datadog,custom_metrics,fraud-scoring,0.5340,prod,payments,2026-07-19T13:00:00Z,dd-org-main
Datadog,custom_metrics,fraud-scoring,0.5247,prod,payments,2026-07-19T14:00:00Z,dd-org-main
Datadog,custom_metrics,fraud-scoring,0.5593,prod,payments,2026-07-19T15:00:00Z,dd-org-main
Datadog,custom_metrics,fraud-scoring,0.4736,prod,payments,2026-07-19T16:00:00Z,dd-org-main
Datadog,custom_metrics,fraud-scoring,0.4346,prod,payments,2026-07-19T17:00:00Z,dd-org-main
Datadog,custom_metrics,fraud-scoring,0.4208,prod,payments,2026-07-19T18:00:00Z,dd-org-main
Datadog,custom_metrics,fraud-scoring,0.3626,prod,payments,2026-07-19T19:00:00Z,dd-org-main
Datadog,custom_metrics,fraud-scoring,0.3774,prod,payments,2026-07-19T20:00:00Z,dd-org-main
Datadog,custom_metrics,fraud-scoring,0.3822,prod,payments,2026-07-19T21:00:00Z,dd-org-main
Datadog,custom_metrics,fraud-scoring,0.3217,prod,payments,2026-07-19T22:00:00Z,dd-org-main
Datadog,custom_metrics,fraud-scoring,0.3391,prod,payments,2026-07-19T23:00:00Z,dd-org-main
Datadog,custom_metrics,fraud-scoring,0.4659,prod,payments,2026-07-20T00:00:00Z,dd-org-main
Datadog,custom_metrics,fraud-scoring,0.5280,prod,payments,2026-07-20T01:00:00Z,dd-org-main
Datadog,custom_metrics,fraud-scoring,0.5438,prod,payments,2026-07-20T02:00:00Z,dd-org-main
Datadog,custom_metrics,fraud-scoring,0.5404,prod,payments,2026-07-20T03:00:00Z,dd-org-main
Datadog,custom_metrics,fraud-scoring,0.4774,prod,payments,2026-07-20T04:00:00Z,dd-org-main
Datadog,custom_metrics,fraud-scoring,0.5139,prod,payments,2026-07-20T05:00:00Z,dd-org-main
Datadog,custom_metrics,fraud-scoring,0.5442,prod,payments,2026-07-20T06:00:00Z,dd-org-main
Datadog,custom_metrics,fraud-scoring,0.5222,prod,payments,2026-07-20T07:00:00Z,dd-org-main
Datadog,custom_metrics,fraud-scoring,0.6355,prod,payments,2026-07-20T08:00:00Z,dd-org-main
Datadog,custom_metrics,fraud-scoring,0.6147,prod,payments,2026-07-20T09:00:00Z,dd-org-main
Datadog,custom_metrics,fraud-scoring,0.6928,prod,payments,2026-07-20T10:00:00Z,dd-org-main
Datadog,custom_metrics,fraud-scoring,0.7317,prod,payments,2026-07-20T11:00:00Z,dd-org-main
Datadog,custom_metrics,fraud-scoring,0.7079,prod,payments,2026-07-20T12:00:00Z,dd-org-main
Datadog,custom_metrics,fraud-scoring,0.8046,prod,payments,2026-07-20T13:00:00Z,dd-org-main
Datadog,custom_metrics,fraud-scoring,0.8114,prod,payments,2026-07-20T14:00:00Z,dd-org-main
Datadog,custom_metrics,fraud-scoring,0.7220,prod,payments,2026-07-20T15:00:00Z,dd-org-main
Datadog,custom_metrics,fraud-scoring,0.6451,prod,payments,2026-07-20T16:00:00Z,dd-org-main
Datadog,custom_metrics,fraud-scoring,0.6046,prod,payments,2026-07-20T17:00:00Z,dd-org-main
Datadog,custom_metrics,fraud-scoring,0.6168,prod,payments,2026-07-20T18:00:00Z,dd-org-main
Datadog,custom_metrics,fraud-scoring,0.4966,prod,payments,2026-07-20T19:00:00Z,dd-org-main
Datadog,custom_metrics,fraud-scoring,0.5170,prod,payments,2026-07-20T20:00:00Z,dd-org-main
Datadog,custom_metrics,fraud-scoring,0.4916,prod,payments,2026-07-20T21:00:00Z,dd-org-main
Datadog,custom_metrics,fraud-scoring,0.4706,prod,payments,2026-07-20T22:00:00Z,dd-org-main
Datadog,custom_metrics,fraud-scoring,0.4746,prod,payments,2026-07-20T23:00:00Z,dd-org-main
Datadog,custom_metrics,fraud-scoring,0.5174,prod,payments,2026-07-21T00:00:00Z,dd-org-main
Datadog,custom_metrics,fraud-scoring,0.4923,prod,payments,2026-07-21T01:00:00Z,dd-org-main
Datadog,custom_metrics,fraud-scoring,0.5332,prod,payments,2026-07-21T02:00:00Z,dd-org-main
Datadog,custom_metrics,fraud-scoring,0.5565,prod,payments,2026-07-21T03:00:00Z,dd-org-main
Datadog,custom_metrics,fraud-scoring,0.5564,prod,payments,2026-07-21T04:00:00Z,dd-org-main
Datadog,custom_metrics,fraud-scoring,0.5405,prod,payments,2026-07-21T05:00:00Z,dd-org-main
Datadog,custom_metrics,fraud-scoring,0.4767,prod,payments,2026-07-21T06:00:00Z,dd-org-main
Datadog,custom_metrics,fraud-scoring,0.4900,prod,payments,2026-07-21T07:00:00Z,dd-org-main
Datadog,custom_metrics,fraud-scoring,0.5818,prod,payments,2026-07-21T08:00:00Z,dd-org-main
Datadog,custom_metrics,fraud-scoring,0.6090,prod,payments,2026-07-21T09:00:00Z,dd-org-main
Datadog,custom_metrics,fraud-scoring,0.7586,prod,payments,2026-07-21T10:00:00Z,dd-org-main
Datadog,custom_metrics,fraud-scoring,0.7696,prod,payments,2026-07-21T11:00:00Z,dd-org-main
Datadog,custom_metrics,fraud-scoring,0.8197,prod,payments,2026-07-21T12:00:00Z,dd-org-main
Datadog,custom_metrics,fraud-scoring,0.7720,prod,payments,2026-07-21T13:00:00Z,dd-org-main
Datadog,custom_metrics,fraud-scoring,0.8279,prod,payments,2026-07-21T14:00:00Z,dd-org-main
Datadog,custom_metrics,fraud-scoring,0.7896,prod,payments,2026-07-21T15:00:00Z,dd-org-main
Datadog,custom_metrics,fraud-scoring,0.7262,prod,payments,2026-07-21T16:00:00Z,dd-org-main
Datadog,custom_metrics,fraud-scoring,0.7128,prod,payments,2026-07-21T17:00:00Z,dd-org-main
Datadog,custom_metrics,fraud-scoring,0.6328,prod,payments,2026-07-21T18:00:00Z,dd-org-main
Datadog,custom_metrics,fraud-scoring,0.5332,prod,payments,2026-07-21T19:00:00Z,dd-org-main
Datadog,custom_metrics,fraud-scoring,0.4780,prod,payments,2026-07-21T20:00:00Z,dd-org-main
Datadog,custom_metrics,fraud-scoring,0.5460,prod,payments,2026-07-21T21:00:00Z,dd-org-main
Datadog,custom_metrics,fraud-scoring,0.5454,prod,payments,2026-07-21T22:00:00Z,dd-org-main
Datadog,custom_metrics,fraud-scoring,0.4923,prod,payments,2026-07-21T23:00:00Z,dd-org-main
Datadog,custom_metrics,fraud-scoring,0.4780,prod,payments,2026-07-22T00:00:00Z,dd-org-main
Datadog,custom_metrics,fraud-scoring,0.5146,prod,payments,2026-07-22T01:00:00Z,dd-org-main
Datadog,custom_metrics,fraud-scoring,0.5289,prod,payments,2026-07-22T02:00:00Z,dd-org-main
Datadog,custom_metrics,fraud-scoring,0.5552,prod,payments,2026-07-22T03:00:00Z,dd-org-main
Datadog,custom_metrics,fraud-scoring,0.5596,prod,payments,2026-07-22T04:00:00Z,dd-org-main
Datadog,custom_metrics,fraud-scoring,0.5543,prod,payments,2026-07-22T05:00:00Z,dd-org-main
Datadog,custom_metrics,fraud-scoring,0.5632,prod,payments,2026-07-22T06:00:00Z,dd-org-main
Datadog,custom_metrics,fraud-scoring,0.4920,prod,payments,2026-07-22T07:00:00Z,dd-org-main
Datadog,custom_metrics,fraud-scoring,0.6030,prod,payments,2026-07-22T08:00:00Z,dd-org-main
Datadog,custom_metrics,fraud-scoring,0.6645,prod,payments,2026-07-22T09:00:00Z,dd-org-main
Datadog,custom_metrics,fraud-scoring,0.6601,prod,payments,2026-07-22T10:00:00Z,dd-org-main
Datadog,custom_metrics,fraud-scoring,0.8410,prod,payments,2026-07-22T11:00:00Z,dd-org-main
Datadog,custom_metrics,fraud-scoring,0.7239,prod,payments,2026-07-22T12:00:00Z,dd-org-main
Datadog,custom_metrics,fraud-scoring,0.8699,prod,payments,2026-07-22T13:00:00Z,dd-org-main
Datadog,custom_metrics,fraud-scoring,0.7865,prod,payments,2026-07-22T14:00:00Z,dd-org-main
Datadog,custom_metrics,fraud-scoring,0.7211,prod,payments,2026-07-22T15:00:00Z,dd-org-main
Datadog,custom_metrics,fraud-scoring,0.6932,prod,payments,2026-07-22T16:00:00Z,dd-org-main
Datadog,custom_metrics,fraud-scoring,0.7115,prod,payments,2026-07-22T17:00:00Z,dd-org-main
Datadog,custom_metrics,fraud-scoring,0.5571,prod,payments,2026-07-22T18:00:00Z,dd-org-main
Datadog,custom_metrics,fraud-scoring,0.5508,prod,payments,2026-07-22T19:00:00Z,dd-org-main
Datadog,custom_metrics,fraud-scoring,0.5100,prod,payments,2026-07-22T20:00:00Z,dd-org-main
Datadog,custom_metrics,fraud-scoring,0.5673,prod,payments,2026-07-22T21:00:00Z,dd-org-main
Datadog,custom_metrics,fraud-scoring,0.5189,prod,payments,2026-07-22T22:00:00Z,dd-org-main
Datadog,custom_metrics,fraud-scoring,0.4739,prod,payments,2026-07-22T23:00:00Z,dd-org-main
Datadog,custom_metrics,fraud-scoring,0.5442,prod,payments,2026-07-23T00:00:00Z,dd-org-main
Datadog,custom_metrics,fraud-scoring,0.5588,prod,payments,2026-07-23T01:00:00Z,dd-org-main
Datadog,custom_metrics,fraud-scoring,0.4997,prod,payments,2026-07-23T02:00:00Z,dd-org-main
Datadog,custom_metrics,fraud-scoring,0.4739,prod,payments,2026-07-23T03:00:00Z,dd-org-main
Datadog,custom_metrics,fraud-scoring,0.4807,prod,payments,2026-07-23T04:00:00Z,dd-org-main
Datadog,custom_metrics,fraud-scoring,0.5358,prod,payments,2026-07-23T05:00:00Z,dd-org-main
Datadog,custom_metrics,fraud-scoring,0.5385,prod,payments,2026-07-23T06:00:00Z,dd-org-main
Datadog,custom_metrics,fraud-scoring,0.4894,prod,payments,2026-07-23T07:00:00Z,dd-org-main
Datadog,custom_metrics,fraud-scoring,0.5772,prod,payments,2026-07-23T08:00:00Z,dd-org-main
Datadog,custom_metrics,fraud-scoring,0.6849,prod,payments,2026-07-23T09:00:00Z,dd-org-main
Datadog,custom_metrics,fraud-scoring,0.6917,prod,payments,2026-07-23T10:00:00Z,dd-org-main
Datadog,custom_metrics,fraud-scoring,0.8437,prod,payments,2026-07-23T11:00:00Z,dd-org-main
Datadog,custom_metrics,fraud-scoring,0.8548,prod,payments,2026-07-23T12:00:00Z,dd-org-main
Datadog,custom_metrics,fraud-scoring,0.7736,prod,payments,2026-07-23T13:00:00Z,dd-org-main
Datadog,custom_metrics,fraud-scoring,0.7846,prod,payments,2026-07-23T14:00:00Z,dd-org-main
Datadog,custom_metrics,fraud-scoring,0.7186,prod,payments,2026-07-23T15:00:00Z,dd-org-main
Datadog,custom_metrics,fraud-scoring,0.7128,prod,payments,2026-07-23T16:00:00Z,dd-org-main
Datadog,custom_metrics,fraud-scoring,0.6842,prod,payments,2026-07-23T17:00:00Z,dd-org-main
Datadog,custom_metrics,fraud-scoring,0.5850,prod,payments,2026-07-23T18:00:00Z,dd-org-main
Datadog,custom_metrics,fraud-scoring,0.5238,prod,payments,2026-07-23T19:00:00Z,dd-org-main
Datadog,custom_metrics,fraud-scoring,0.5297,prod,payments,2026-07-23T20:00:00Z,dd-org-main
Datadog,custom_metrics,fraud-scoring,0.5197,prod,payments,2026-07-23T21:00:00Z,dd-org-main
Datadog,custom_metrics,fraud-scoring,0.5506,prod,payments,2026-07-23T22:00:00Z,dd-org-main
Datadog,custom_metrics,fraud-scoring,0.4801,prod,payments,2026-07-23T23:00:00Z,dd-org-main
Datadog,custom_metrics,fraud-scoring,0.5091,prod,payments,2026-07-24T00:00:00Z,dd-org-main
Datadog,custom_metrics,fraud-scoring,0.5228,prod,payments,2026-07-24T01:00:00Z,dd-org-main
Datadog,custom_metrics,fraud-scoring,0.5342,prod,payments,2026-07-24T02:00:00Z,dd-org-main
Datadog,custom_metrics,fraud-scoring,0.5694,prod,payments,2026-07-24T03:00:00Z,dd-org-main
Datadog,custom_metrics,fraud-scoring,0.5647,prod,payments,2026-07-24T04:00:00Z,dd-org-main
Datadog,custom_metrics,fraud-scoring,0.5102,prod,payments,2026-07-24T05:00:00Z,dd-org-main
Datadog,custom_metrics,fraud-scoring,0.5549,prod,payments,2026-07-24T06:00:00Z,dd-org-main
Datadog,custom_metrics,fraud-scoring,0.5402,prod,payments,2026-07-24T07:00:00Z,dd-org-main
Datadog,custom_metrics,fraud-scoring,0.5965,prod,payments,2026-07-24T08:00:00Z,dd-org-main
Datadog,custom_metrics,fraud-scoring,0.7340,prod,payments,2026-07-24T09:00:00Z,dd-org-main
Datadog,custom_metrics,fraud-scoring,0.7289,prod,payments,2026-07-24T10:00:00Z,dd-org-main
Datadog,custom_metrics,fraud-scoring,0.7898,prod,payments,2026-07-24T11:00:00Z,dd-org-main
Datadog,custom_metrics,fraud-scoring,0.7396,prod,payments,2026-07-24T12:00:00Z,dd-org-main
Datadog,custom_metrics,fraud-scoring,0.8857,prod,payments,2026-07-24T13:00:00Z,dd-org-main
Datadog,custom_metrics,fraud-scoring,0.7498,prod,payments,2026-07-24T14:00:00Z,dd-org-main
Datadog,custom_metrics,fraud-scoring,0.7718,prod,payments,2026-07-24T15:00:00Z,dd-org-main
Datadog,custom_metrics,fraud-scoring,0.8027,prod,payments,2026-07-24T16:00:00Z,dd-org-main
Datadog,custom_metrics,fraud-scoring,0.7151,prod,payments,2026-07-24T17:00:00Z,dd-org-main
Datadog,custom_metrics,fraud-scoring,0.6068,prod,payments,2026-07-24T18:00:00Z,dd-org-main
Datadog,custom_metrics,fraud-scoring,0.5691,prod,payments,2026-07-24T19:00:00Z,dd-org-main
Datadog,custom_metrics,fraud-scoring,0.5523,prod,payments,2026-07-24T20:00:00Z,dd-org-main
Datadog,custom_metrics,fraud-scoring,0.4958,prod,payments,2026-07-24T21:00:00Z,dd-org-main
Datadog,custom_metrics,fraud-scoring,0.4935,prod,payments,2026-07-24T22:00:00Z,dd-org-main
Datadog,custom_metrics,fraud-scoring,0.4939,prod,payments,2026-07-24T23:00:00Z,dd-org-main
Datadog,custom_metrics,fraud-scoring,0.3650,prod,payments,2026-07-25T00:00:00Z,dd-org-main
Datadog,custom_metrics,fraud-scoring,0.3632,prod,payments,2026-07-25T01:00:00Z,dd-org-main
Datadog,custom_metrics,fraud-scoring,0.3674,prod,payments,2026-07-25T02:00:00Z,dd-org-main
Datadog,custom_metrics,fraud-scoring,0.3920,prod,payments,2026-07-25T03:00:00Z,dd-org-main
Datadog,custom_metrics,fraud-scoring,0.3835,prod,payments,2026-07-25T04:00:00Z,dd-org-main
Datadog,custom_metrics,fraud-scoring,0.3666,prod,payments,2026-07-25T05:00:00Z,dd-org-main
Datadog,custom_metrics,fraud-scoring,0.3852,prod,payments,2026-07-25T06:00:00Z,dd-org-main
Datadog,custom_metrics,fraud-scoring,0.3918,prod,payments,2026-07-25T07:00:00Z,dd-org-main
Datadog,custom_metrics,fraud-scoring,0.4156,prod,payments,2026-07-25T08:00:00Z,dd-org-main
Datadog,custom_metrics,fraud-scoring,0.4859,prod,payments,2026-07-25T09:00:00Z,dd-org-main
Datadog,custom_metrics,fraud-scoring,0.4727,prod,payments,2026-07-25T10:00:00Z,dd-org-main
Datadog,custom_metrics,fraud-scoring,0.5662,prod,payments,2026-07-25T11:00:00Z,dd-org-main
Datadog,custom_metrics,fraud-scoring,0.6125,prod,payments,2026-07-25T12:00:00Z,dd-org-main
Datadog,custom_metrics,fraud-scoring,0.5289,prod,payments,2026-07-25T13:00:00Z,dd-org-main
Datadog,custom_metrics,fraud-scoring,0.5946,prod,payments,2026-07-25T14:00:00Z,dd-org-main
Datadog,custom_metrics,fraud-scoring,0.6010,prod,payments,2026-07-25T15:00:00Z,dd-org-main
Datadog,custom_metrics,fraud-scoring,0.5389,prod,payments,2026-07-25T16:00:00Z,dd-org-main
Datadog,custom_metrics,fraud-scoring,0.4991,prod,payments,2026-07-25T17:00:00Z,dd-org-main
Datadog,custom_metrics,fraud-scoring,0.4399,prod,payments,2026-07-25T18:00:00Z,dd-org-main
Datadog,custom_metrics,fraud-scoring,0.3422,prod,payments,2026-07-25T19:00:00Z,dd-org-main
Datadog,custom_metrics,fraud-scoring,0.3740,prod,payments,2026-07-25T20:00:00Z,dd-org-main
Datadog,custom_metrics,fraud-scoring,0.3453,prod,payments,2026-07-25T21:00:00Z,dd-org-main
Datadog,custom_metrics,fraud-scoring,0.3891,prod,payments,2026-07-25T22:00:00Z,dd-org-main
Datadog,custom_metrics,fraud-scoring,0.4030,prod,payments,2026-07-25T23:00:00Z,dd-org-main
Datadog,custom_metrics,fraud-scoring,0.3768,prod,payments,2026-07-26T00:00:00Z,dd-org-main
Datadog,custom_metrics,fraud-scoring,0.3648,prod,payments,2026-07-26T01:00:00Z,dd-org-main
Datadog,custom_metrics,fraud-scoring,0.3691,prod,payments,2026-07-26T02:00:00Z,dd-org-main
Datadog,custom_metrics,fraud-scoring,0.4046,prod,payments,2026-07-26T03:00:00Z,dd-org-main
Datadog,custom_metrics,fraud-scoring,0.3575,prod,payments,2026-07-26T04:00:00Z,dd-org-main
Datadog,custom_metrics,fraud-scoring,0.3532,prod,payments,2026-07-26T05:00:00Z,dd-org-main
Datadog,custom_metrics,fraud-scoring,0.3789,prod,payments,2026-07-26T06:00:00Z,dd-org-main
Datadog,custom_metrics,fraud-scoring,0.3767,prod,payments,2026-07-26T07:00:00Z,dd-org-main
Datadog,custom_metrics,fraud-scoring,0.4363,prod,payments,2026-07-26T08:00:00Z,dd-org-main
Datadog,custom_metrics,fraud-scoring,0.4454,prod,payments,2026-07-26T09:00:00Z,dd-org-main
Datadog,custom_metrics,fraud-scoring,0.4935,prod,payments,2026-07-26T10:00:00Z,dd-org-main
Datadog,custom_metrics,fraud-scoring,0.5253,prod,payments,2026-07-26T11:00:00Z,dd-org-main
Datadog,custom_metrics,fraud-scoring,0.5564,prod,payments,2026-07-26T12:00:00Z,dd-org-main
Datadog,custom_metrics,fraud-scoring,0.5667,prod,payments,2026-07-26T13:00:00Z,dd-org-main
Datadog,custom_metrics,fraud-scoring,0.6281,prod,payments,2026-07-26T14:00:00Z,dd-org-main
Datadog,custom_metrics,fraud-scoring,0.5597,prod,payments,2026-07-26T15:00:00Z,dd-org-main
AWS,EC2,search-api,3.0825,prod,search,2026-07-12T16:00:00Z,444455556666
AWS,EC2,search-api,3.0786,prod,search,2026-07-12T17:00:00Z,444455556666
AWS,EC2,search-api,2.5491,prod,search,2026-07-12T18:00:00Z,444455556666
AWS,EC2,search-api,2.3591,prod,search,2026-07-12T19:00:00Z,444455556666
AWS,EC2,search-api,2.4329,prod,search,2026-07-12T20:00:00Z,444455556666
AWS,EC2,search-api,2.5758,prod,search,2026-07-12T21:00:00Z,444455556666
AWS,EC2,search-api,2.5327,prod,search,2026-07-12T22:00:00Z,444455556666
AWS,EC2,search-api,2.5365,prod,search,2026-07-12T23:00:00Z,444455556666
AWS,EC2,search-api,3.0798,prod,search,2026-07-13T00:00:00Z,444455556666
AWS,EC2,search-api,3.0908,prod,search,2026-07-13T01:00:00Z,444455556666
AWS,EC2,search-api,3.3842,prod,search,2026-07-13T02:00:00Z,444455556666
AWS,EC2,search-api,3.4193,prod,search,2026-07-13T03:00:00Z,444455556666
AWS,EC2,search-api,3.3360,prod,search,2026-07-13T04:00:00Z,444455556666
AWS,EC2,search-api,3.1622,prod,search,2026-07-13T05:00:00Z,444455556666
AWS,EC2,search-api,3.4142,prod,search,2026-07-13T06:00:00Z,444455556666
AWS,EC2,search-api,3.3057,prod,search,2026-07-13T07:00:00Z,444455556666
AWS,EC2,search-api,3.5931,prod,search,2026-07-13T08:00:00Z,444455556666
AWS,EC2,search-api,4.6387,prod,search,2026-07-13T09:00:00Z,444455556666
AWS,EC2,search-api,4.4182,prod,search,2026-07-13T10:00:00Z,444455556666
AWS,EC2,search-api,5.0334,prod,search,2026-07-13T11:00:00Z,444455556666
AWS,EC2,search-api,4.6777,prod,search,2026-07-13T12:00:00Z,444455556666
AWS,EC2,search-api,5.6335,prod,search,2026-07-13T13:00:00Z,444455556666
AWS,EC2,search-api,4.8575,prod,search,2026-07-13T14:00:00Z,444455556666
AWS,EC2,search-api,5.1505,prod,search,2026-07-13T15:00:00Z,444455556666
AWS,EC2,search-api,4.4194,prod,search,2026-07-13T16:00:00Z,444455556666
AWS,EC2,search-api,4.7226,prod,search,2026-07-13T17:00:00Z,444455556666
AWS,EC2,search-api,3.6406,prod,search,2026-07-13T18:00:00Z,444455556666
AWS,EC2,search-api,3.1931,prod,search,2026-07-13T19:00:00Z,444455556666
AWS,EC2,search-api,3.5570,prod,search,2026-07-13T20:00:00Z,444455556666
AWS,EC2,search-api,3.3342,prod,search,2026-07-13T21:00:00Z,444455556666
AWS,EC2,search-api,3.3561,prod,search,2026-07-13T22:00:00Z,444455556666
AWS,EC2,search-api,3.1015,prod,search,2026-07-13T23:00:00Z,444455556666
AWS,EC2,search-api,3.4123,prod,search,2026-07-14T00:00:00Z,444455556666
AWS,EC2,search-api,3.3294,prod,search,2026-07-14T01:00:00Z,444455556666
AWS,EC2,search-api,3.1114,prod,search,2026-07-14T02:00:00Z,444455556666
AWS,EC2,search-api,3.6389,prod,search,2026-07-14T03:00:00Z,444455556666
AWS,EC2,search-api,3.6943,prod,search,2026-07-14T04:00:00Z,444455556666
AWS,EC2,search-api,3.6937,prod,search,2026-07-14T05:00:00Z,444455556666
AWS,EC2,search-api,3.0801,prod,search,2026-07-14T06:00:00Z,444455556666
AWS,EC2,search-api,3.5095,prod,search,2026-07-14T07:00:00Z,444455556666
AWS,EC2,search-api,4.2173,prod,search,2026-07-14T08:00:00Z,444455556666
AWS,EC2,search-api,4.0931,prod,search,2026-07-14T09:00:00Z,444455556666
AWS,EC2,search-api,5.0396,prod,search,2026-07-14T10:00:00Z,444455556666
AWS,EC2,search-api,4.9529,prod,search,2026-07-14T11:00:00Z,444455556666
AWS,EC2,search-api,4.9691,prod,search,2026-07-14T12:00:00Z,444455556666
AWS,EC2,search-api,5.6963,prod,search,2026-07-14T13:00:00Z,444455556666
AWS,EC2,search-api,4.8531,prod,search,2026-07-14T14:00:00Z,444455556666
AWS,EC2,search-api,4.7921,prod,search,2026-07-14T15:00:00Z,444455556666
AWS,EC2,search-api,4.3214,prod,search,2026-07-14T16:00:00Z,444455556666
AWS,EC2,search-api,4.1789,prod,search,2026-07-14T17:00:00Z,444455556666
AWS,EC2,search-api,3.9466,prod,search,2026-07-14T18:00:00Z,444455556666
AWS,EC2,search-api,3.1849,prod,search,2026-07-14T19:00:00Z,444455556666
AWS,EC2,search-api,3.6853,prod,search,2026-07-14T20:00:00Z,444455556666
AWS,EC2,search-api,3.6231,prod,search,2026-07-14T21:00:00Z,444455556666
AWS,EC2,search-api,3.2327,prod,search,2026-07-14T22:00:00Z,444455556666
AWS,EC2,search-api,3.6842,prod,search,2026-07-14T23:00:00Z,444455556666
AWS,EC2,search-api,3.2640,prod,search,2026-07-15T00:00:00Z,444455556666
AWS,EC2,search-api,3.3509,prod,search,2026-07-15T01:00:00Z,444455556666
AWS,EC2,search-api,3.1561,prod,search,2026-07-15T02:00:00Z,444455556666
AWS,EC2,search-api,3.3487,prod,search,2026-07-15T03:00:00Z,444455556666
AWS,EC2,search-api,3.3143,prod,search,2026-07-15T04:00:00Z,444455556666
AWS,EC2,search-api,3.5204,prod,search,2026-07-15T05:00:00Z,444455556666
AWS,EC2,search-api,3.4401,prod,search,2026-07-15T06:00:00Z,444455556666
AWS,EC2,search-api,3.4236,prod,search,2026-07-15T07:00:00Z,444455556666
AWS,EC2,search-api,4.2193,prod,search,2026-07-15T08:00:00Z,444455556666
AWS,EC2,search-api,4.6365,prod,search,2026-07-15T09:00:00Z,444455556666
AWS,EC2,search-api,4.6717,prod,search,2026-07-15T10:00:00Z,444455556666
AWS,EC2,search-api,5.0188,prod,search,2026-07-15T11:00:00Z,444455556666
AWS,EC2,search-api,5.4527,prod,search,2026-07-15T12:00:00Z,444455556666
AWS,EC2,search-api,5.4860,prod,search,2026-07-15T13:00:00Z,444455556666
AWS,EC2,search-api,5.4308,prod,search,2026-07-15T14:00:00Z,444455556666
AWS,EC2,search-api,4.7487,prod,search,2026-07-15T15:00:00Z,444455556666
AWS,EC2,search-api,4.8835,prod,search,2026-07-15T16:00:00Z,444455556666
AWS,EC2,search-api,4.5870,prod,search,2026-07-15T17:00:00Z,444455556666
AWS,EC2,search-api,3.8124,prod,search,2026-07-15T18:00:00Z,444455556666
AWS,EC2,search-api,3.6328,prod,search,2026-07-15T19:00:00Z,444455556666
AWS,EC2,search-api,3.3859,prod,search,2026-07-15T20:00:00Z,444455556666
AWS,EC2,search-api,3.5531,prod,search,2026-07-15T21:00:00Z,444455556666
AWS,EC2,search-api,3.2876,prod,search,2026-07-15T22:00:00Z,444455556666
AWS,EC2,search-api,3.1461,prod,search,2026-07-15T23:00:00Z,444455556666
AWS,EC2,search-api,3.4722,prod,search,2026-07-16T00:00:00Z,444455556666
AWS,EC2,search-api,3.3240,prod,search,2026-07-16T01:00:00Z,444455556666
AWS,EC2,search-api,3.0615,prod,search,2026-07-16T02:00:00Z,444455556666
AWS,EC2,search-api,3.5392,prod,search,2026-07-16T03:00:00Z,444455556666
AWS,EC2,search-api,3.4460,prod,search,2026-07-16T04:00:00Z,444455556666
AWS,EC2,search-api,3.1617,prod,search,2026-07-16T05:00:00Z,444455556666
AWS,EC2,search-api,3.2638,prod,search,2026-07-16T06:00:00Z,444455556666
AWS,EC2,search-api,3.4868,prod,search,2026-07-16T07:00:00Z,444455556666
AWS,EC2,search-api,3.9009,prod,search,2026-07-16T08:00:00Z,444455556666
AWS,EC2,search-api,4.2437,prod,search,2026-07-16T09:00:00Z,444455556666
AWS,EC2,search-api,4.3418,prod,search,2026-07-16T10:00:00Z,444455556666
AWS,EC2,search-api,5.4486,prod,search,2026-07-16T11:00:00Z,444455556666
AWS,EC2,search-api,5.5417,prod,search,2026-07-16T12:00:00Z,444455556666
AWS,EC2,search-api,4.9015,prod,search,2026-07-16T13:00:00Z,444455556666
AWS,EC2,search-api,5.2923,prod,search,2026-07-16T14:00:00Z,444455556666
AWS,EC2,search-api,4.7761,prod,search,2026-07-16T15:00:00Z,444455556666
AWS,EC2,search-api,4.3745,prod,search,2026-07-16T16:00:00Z,444455556666
AWS,EC2,search-api,4.0158,prod,search,2026-07-16T17:00:00Z,444455556666
AWS,EC2,search-api,3.9760,prod,search,2026-07-16T18:00:00Z,444455556666
AWS,EC2,search-api,3.2847,prod,search,2026-07-16T19:00:00Z,444455556666
AWS,EC2,search-api,3.1501,prod,search,2026-07-16T20:00:00Z,444455556666
AWS,EC2,search-api,3.3488,prod,search,2026-07-16T21:00:00Z,444455556666
AWS,EC2,search-api,3.3612,prod,search,2026-07-16T22:00:00Z,444455556666
AWS,EC2,search-api,3.3595,prod,search,2026-07-16T23:00:00Z,444455556666
AWS,EC2,search-api,3.4271,prod,search,2026-07-17T00:00:00Z,444455556666
AWS,EC2,search-api,3.6668,prod,search,2026-07-17T01:00:00Z,444455556666
AWS,EC2,search-api,3.1257,prod,search,2026-07-17T02:00:00Z,444455556666
AWS,EC2,search-api,3.2261,prod,search,2026-07-17T03:00:00Z,444455556666
AWS,EC2,search-api,3.2284,prod,search,2026-07-17T04:00:00Z,444455556666
AWS,EC2,search-api,3.2911,prod,search,2026-07-17T05:00:00Z,444455556666
AWS,EC2,search-api,3.2835,prod,search,2026-07-17T06:00:00Z,444455556666
AWS,EC2,search-api,3.2975,prod,search,2026-07-17T07:00:00Z,444455556666
AWS,EC2,search-api,3.6316,prod,search,2026-07-17T08:00:00Z,444455556666
AWS,EC2,search-api,4.4217,prod,search,2026-07-17T09:00:00Z,444455556666
AWS,EC2,search-api,4.7439,prod,search,2026-07-17T10:00:00Z,444455556666
AWS,EC2,search-api,4.8848,prod,search,2026-07-17T11:00:00Z,444455556666
AWS,EC2,search-api,5.4914,prod,search,2026-07-17T12:00:00Z,444455556666
AWS,EC2,search-api,5.2461,prod,search,2026-07-17T13:00:00Z,444455556666
AWS,EC2,search-api,4.7674,prod,search,2026-07-17T14:00:00Z,444455556666
AWS,EC2,search-api,4.6408,prod,search,2026-07-17T15:00:00Z,444455556666
AWS,EC2,search-api,4.9623,prod,search,2026-07-17T16:00:00Z,444455556666
AWS,EC2,search-api,4.5450,prod,search,2026-07-17T17:00:00Z,444455556666
AWS,EC2,search-api,3.9557,prod,search,2026-07-17T18:00:00Z,444455556666
AWS,EC2,search-api,3.0720,prod,search,2026-07-17T19:00:00Z,444455556666
AWS,EC2,search-api,3.6322,prod,search,2026-07-17T20:00:00Z,444455556666
AWS,EC2,search-api,3.4026,prod,search,2026-07-17T21:00:00Z,444455556666
AWS,EC2,search-api,3.5810,prod,search,2026-07-17T22:00:00Z,444455556666
AWS,EC2,search-api,3.0379,prod,search,2026-07-17T23:00:00Z,444455556666
AWS,EC2,search-api,2.4041,prod,search,2026-07-18T00:00:00Z,444455556666
AWS,EC2,search-api,2.5490,prod,search,2026-07-18T01:00:00Z,444455556666
AWS,EC2,search-api,2.3669,prod,search,2026-07-18T02:00:00Z,444455556666
AWS,EC2,search-api,2.2660,prod,search,2026-07-18T03:00:00Z,444455556666
AWS,EC2,search-api,2.3185,prod,search,2026-07-18T04:00:00Z,444455556666
AWS,EC2,search-api,2.1376,prod,search,2026-07-18T05:00:00Z,444455556666
AWS,EC2,search-api,2.1669,prod,search,2026-07-18T06:00:00Z,444455556666
AWS,EC2,search-api,2.5830,prod,search,2026-07-18T07:00:00Z,444455556666
AWS,EC2,search-api,2.8784,prod,search,2026-07-18T08:00:00Z,444455556666
AWS,EC2,search-api,2.7518,prod,search,2026-07-18T09:00:00Z,444455556666
AWS,EC2,search-api,3.1620,prod,search,2026-07-18T10:00:00Z,444455556666
AWS,EC2,search-api,3.5935,prod,search,2026-07-18T11:00:00Z,444455556666
AWS,EC2,search-api,3.3284,prod,search,2026-07-18T12:00:00Z,444455556666
AWS,EC2,search-api,3.6234,prod,search,2026-07-18T13:00:00Z,444455556666
AWS,EC2,search-api,3.4453,prod,search,2026-07-18T14:00:00Z,444455556666
AWS,EC2,search-api,3.7611,prod,search,2026-07-18T15:00:00Z,444455556666
AWS,EC2,search-api,3.2689,prod,search,2026-07-18T16:00:00Z,444455556666
AWS,EC2,search-api,3.0092,prod,search,2026-07-18T17:00:00Z,444455556666
AWS,EC2,search-api,2.6262,prod,search,2026-07-18T18:00:00Z,444455556666
AWS,EC2,search-api,2.2923,prod,search,2026-07-18T19:00:00Z,444455556666
AWS,EC2,search-api,2.3514,prod,search,2026-07-18T20:00:00Z,444455556666
AWS,EC2,search-api,2.1650,prod,search,2026-07-18T21:00:00Z,444455556666
AWS,EC2,search-api,2.2958,prod,search,2026-07-18T22:00:00Z,444455556666
AWS,EC2,search-api,2.2986,prod,search,2026-07-18T23:00:00Z,444455556666
AWS,EC2,search-api,2.1391,prod,search,2026-07-19T00:00:00Z,444455556666
AWS,EC2,search-api,2.3923,prod,search,2026-07-19T01:00:00Z,444455556666
AWS,EC2,search-api,2.4585,prod,search,2026-07-19T02:00:00Z,444455556666
AWS,EC2,search-api,2.3796,prod,search,2026-07-19T03:00:00Z,444455556666
AWS,EC2,search-api,2.5755,prod,search,2026-07-19T04:00:00Z,444455556666
AWS,EC2,search-api,2.3369,prod,search,2026-07-19T05:00:00Z,444455556666
AWS,EC2,search-api,2.2752,prod,search,2026-07-19T06:00:00Z,444455556666
AWS,EC2,search-api,2.3465,prod,search,2026-07-19T07:00:00Z,444455556666
AWS,EC2,search-api,2.5060,prod,search,2026-07-19T08:00:00Z,444455556666
AWS,EC2,search-api,2.8569,prod,search,2026-07-19T09:00:00Z,444455556666
AWS,EC2,search-api,2.9807,prod,search,2026-07-19T10:00:00Z,444455556666
AWS,EC2,search-api,3.2956,prod,search,2026-07-19T11:00:00Z,444455556666
AWS,EC2,search-api,3.9457,prod,search,2026-07-19T12:00:00Z,444455556666
AWS,EC2,search-api,3.5044,prod,search,2026-07-19T13:00:00Z,444455556666
AWS,EC2,search-api,3.2894,prod,search,2026-07-19T14:00:00Z,444455556666
AWS,EC2,search-api,3.2048,prod,search,2026-07-19T15:00:00Z,444455556666
AWS,EC2,search-api,3.2318,prod,search,2026-07-19T16:00:00Z,444455556666
AWS,EC2,search-api,2.8732,prod,search,2026-07-19T17:00:00Z,444455556666
AWS,EC2,search-api,2.8979,prod,search,2026-07-19T18:00:00Z,444455556666
AWS,EC2,search-api,2.2617,prod,search,2026-07-19T19:00:00Z,444455556666
AWS,EC2,search-api,2.2464,prod,search,2026-07-19T20:00:00Z,444455556666
AWS,EC2,search-api,2.1637,prod,search,2026-07-19T21:00:00Z,444455556666
AWS,EC2,search-api,2.2503,prod,search,2026-07-19T22:00:00Z,444455556666
AWS,EC2,search-api,2.4246,prod,search,2026-07-19T23:00:00Z,444455556666
AWS,EC2,search-api,3.5554,prod,search,2026-07-20T00:00:00Z,444455556666
AWS,EC2,search-api,3.1265,prod,search,2026-07-20T01:00:00Z,444455556666
AWS,EC2,search-api,3.2340,prod,search,2026-07-20T02:00:00Z,444455556666
AWS,EC2,search-api,3.5493,prod,search,2026-07-20T03:00:00Z,444455556666
AWS,EC2,search-api,3.6781,prod,search,2026-07-20T04:00:00Z,444455556666
AWS,EC2,search-api,3.1071,prod,search,2026-07-20T05:00:00Z,444455556666
AWS,EC2,search-api,3.2108,prod,search,2026-07-20T06:00:00Z,444455556666
AWS,EC2,search-api,3.4873,prod,search,2026-07-20T07:00:00Z,444455556666
AWS,EC2,search-api,3.9263,prod,search,2026-07-20T08:00:00Z,444455556666
AWS,EC2,search-api,4.0654,prod,search,2026-07-20T09:00:00Z,444455556666
AWS,EC2,search-api,4.4535,prod,search,2026-07-20T10:00:00Z,444455556666
AWS,EC2,search-api,4.6447,prod,search,2026-07-20T11:00:00Z,444455556666
AWS,EC2,search-api,5.3544,prod,search,2026-07-20T12:00:00Z,444455556666
AWS,EC2,search-api,5.1774,prod,search,2026-07-20T13:00:00Z,444455556666
AWS,EC2,search-api,5.4666,prod,search,2026-07-20T14:00:00Z,444455556666
AWS,EC2,search-api,5.1384,prod,search,2026-07-20T15:00:00Z,444455556666
AWS,EC2,search-api,4.6479,prod,search,2026-07-20T16:00:00Z,444455556666
AWS,EC2,search-api,4.1884,prod,search,2026-07-20T17:00:00Z,444455556666
AWS,EC2,search-api,4.1605,prod,search,2026-07-20T18:00:00Z,444455556666
AWS,EC2,search-api,3.2555,prod,search,2026-07-20T19:00:00Z,444455556666
AWS,EC2,search-api,3.0664,prod,search,2026-07-20T20:00:00Z,444455556666
AWS,EC2,search-api,3.3786,prod,search,2026-07-20T21:00:00Z,444455556666
AWS,EC2,search-api,3.4690,prod,search,2026-07-20T22:00:00Z,444455556666
AWS,EC2,search-api,3.3111,prod,search,2026-07-20T23:00:00Z,444455556666
AWS,EC2,search-api,3.2857,prod,search,2026-07-21T00:00:00Z,444455556666
AWS,EC2,search-api,3.3635,prod,search,2026-07-21T01:00:00Z,444455556666
AWS,EC2,search-api,3.1301,prod,search,2026-07-21T02:00:00Z,444455556666
AWS,EC2,search-api,3.5016,prod,search,2026-07-21T03:00:00Z,444455556666
AWS,EC2,search-api,3.5788,prod,search,2026-07-21T04:00:00Z,444455556666
AWS,EC2,search-api,3.6349,prod,search,2026-07-21T05:00:00Z,444455556666
AWS,EC2,search-api,3.5706,prod,search,2026-07-21T06:00:00Z,444455556666
AWS,EC2,search-api,3.2583,prod,search,2026-07-21T07:00:00Z,444455556666
AWS,EC2,search-api,3.7889,prod,search,2026-07-21T08:00:00Z,444455556666
AWS,EC2,search-api,4.2524,prod,search,2026-07-21T09:00:00Z,444455556666
AWS,EC2,search-api,4.8678,prod,search,2026-07-21T10:00:00Z,444455556666
AWS,EC2,search-api,4.7575,prod,search,2026-07-21T11:00:00Z,444455556666
AWS,EC2,search-api,4.7283,prod,search,2026-07-21T12:00:00Z,444455556666
AWS,EC2,search-api,4.7577,prod,search,2026-07-21T13:00:00Z,444455556666
AWS,EC2,search-api,5.6261,prod,search,2026-07-21T14:00:00Z,444455556666
AWS,EC2,search-api,4.6766,prod,search,2026-07-21T15:00:00Z,444455556666
AWS,EC2,search-api,4.2511,prod,search,2026-07-21T16:00:00Z,444455556666
AWS,EC2,search-api,4.5199,prod,search,2026-07-21T17:00:00Z,444455556666
AWS,EC2,search-api,3.5710,prod,search,2026-07-21T18:00:00Z,444455556666
AWS,EC2,search-api,3.5897,prod,search,2026-07-21T19:00:00Z,444455556666
AWS,EC2,search-api,3.5033,prod,search,2026-07-21T20:00:00Z,444455556666
AWS,EC2,search-api,3.1774,prod,search,2026-07-21T21:00:00Z,444455556666
AWS,EC2,search-api,3.0860,prod,search,2026-07-21T22:00:00Z,444455556666
AWS,EC2,search-api,3.1554,prod,search,2026-07-21T23:00:00Z,444455556666
AWS,EC2,search-api,3.2821,prod,search,2026-07-22T00:00:00Z,444455556666
AWS,EC2,search-api,3.5056,prod,search,2026-07-22T01:00:00Z,444455556666
AWS,EC2,search-api,3.6198,prod,search,2026-07-22T02:00:00Z,444455556666
AWS,EC2,search-api,3.6686,prod,search,2026-07-22T03:00:00Z,444455556666
AWS,EC2,search-api,3.4862,prod,search,2026-07-22T04:00:00Z,444455556666
AWS,EC2,search-api,3.2505,prod,search,2026-07-22T05:00:00Z,444455556666
AWS,EC2,search-api,3.5340,prod,search,2026-07-22T06:00:00Z,444455556666
AWS,EC2,search-api,3.2314,prod,search,2026-07-22T07:00:00Z,444455556666
AWS,EC2,search-api,3.9563,prod,search,2026-07-22T08:00:00Z,444455556666
AWS,EC2,search-api,4.2890,prod,search,2026-07-22T09:00:00Z,444455556666
AWS,EC2,search-api,4.7162,prod,search,2026-07-22T10:00:00Z,444455556666
AWS,EC2,search-api,5.1546,prod,search,2026-07-22T11:00:00Z,444455556666
AWS,EC2,search-api,5.0060,prod,search,2026-07-22T12:00:00Z,444455556666
AWS,EC2,search-api,4.9193,prod,search,2026-07-22T13:00:00Z,444455556666
AWS,EC2,search-api,5.2873,prod,search,2026-07-22T14:00:00Z,444455556666
AWS,EC2,search-api,5.1705,prod,search,2026-07-22T15:00:00Z,444455556666
AWS,EC2,search-api,4.8162,prod,search,2026-07-22T16:00:00Z,444455556666
AWS,EC2,search-api,4.4655,prod,search,2026-07-22T17:00:00Z,444455556666
AWS,EC2,search-api,3.7748,prod,search,2026-07-22T18:00:00Z,444455556666
AWS,EC2,search-api,3.0357,prod,search,2026-07-22T19:00:00Z,444455556666
AWS,EC2,search-api,3.0821,prod,search,2026-07-22T20:00:00Z,444455556666
AWS,EC2,search-api,3.3154,prod,search,2026-07-22T21:00:00Z,444455556666
AWS,EC2,search-api,3.1918,prod,search,2026-07-22T22:00:00Z,444455556666
AWS,EC2,search-api,3.5353,prod,search,2026-07-22T23:00:00Z,444455556666
AWS,EC2,search-api,3.5792,prod,search,2026-07-23T00:00:00Z,444455556666
AWS,EC2,search-api,3.3982,prod,search,2026-07-23T01:00:00Z,444455556666
AWS,EC2,search-api,3.1719,prod,search,2026-07-23T02:00:00Z,444455556666
AWS,EC2,search-api,3.3863,prod,search,2026-07-23T03:00:00Z,444455556666
AWS,EC2,search-api,3.6358,prod,search,2026-07-23T04:00:00Z,444455556666
AWS,EC2,search-api,3.3635,prod,search,2026-07-23T05:00:00Z,444455556666
AWS,EC2,search-api,3.5761,prod,search,2026-07-23T06:00:00Z,444455556666
AWS,EC2,search-api,3.1750,prod,search,2026-07-23T07:00:00Z,444455556666
AWS,EC2,search-api,4.1975,prod,search,2026-07-23T08:00:00Z,444455556666
AWS,EC2,search-api,4.3990,prod,search,2026-07-23T09:00:00Z,444455556666
AWS,EC2,search-api,5.1512,prod,search,2026-07-23T10:00:00Z,444455556666
AWS,EC2,search-api,5.3623,prod,search,2026-07-23T11:00:00Z,444455556666
AWS,EC2,search-api,5.2746,prod,search,2026-07-23T12:00:00Z,444455556666
AWS,EC2,search-api,4.9507,prod,search,2026-07-23T13:00:00Z,444455556666
AWS,EC2,search-api,4.8909,prod,search,2026-07-23T14:00:00Z,444455556666
AWS,EC2,search-api,5.4849,prod,search,2026-07-23T15:00:00Z,444455556666
AWS,EC2,search-api,4.7417,prod,search,2026-07-23T16:00:00Z,444455556666
AWS,EC2,search-api,3.9949,prod,search,2026-07-23T17:00:00Z,444455556666
AWS,EC2,search-api,3.7760,prod,search,2026-07-23T18:00:00Z,444455556666
AWS,EC2,search-api,3.3829,prod,search,2026-07-23T19:00:00Z,444455556666
AWS,EC2,search-api,3.3660,prod,search,2026-07-23T20:00:00Z,444455556666
AWS,EC2,search-api,3.4498,prod,search,2026-07-23T21:00:00Z,444455556666
AWS,EC2,search-api,3.1972,prod,search,2026-07-23T22:00:00Z,444455556666
AWS,EC2,search-api,3.1526,prod,search,2026-07-23T23:00:00Z,444455556666
AWS,EC2,search-api,3.2009,prod,search,2026-07-24T00:00:00Z,444455556666
AWS,EC2,search-api,3.0322,prod,search,2026-07-24T01:00:00Z,444455556666
AWS,EC2,search-api,3.0977,prod,search,2026-07-24T02:00:00Z,444455556666
AWS,EC2,search-api,3.3293,prod,search,2026-07-24T03:00:00Z,444455556666
AWS,EC2,search-api,3.1937,prod,search,2026-07-24T04:00:00Z,444455556666
AWS,EC2,search-api,3.5996,prod,search,2026-07-24T05:00:00Z,444455556666
AWS,EC2,search-api,3.6154,prod,search,2026-07-24T06:00:00Z,444455556666
AWS,EC2,search-api,3.4156,prod,search,2026-07-24T07:00:00Z,444455556666
AWS,EC2,search-api,3.8942,prod,search,2026-07-24T08:00:00Z,444455556666
AWS,EC2,search-api,4.2450,prod,search,2026-07-24T09:00:00Z,444455556666
AWS,EC2,search-api,4.5066,prod,search,2026-07-24T10:00:00Z,444455556666
AWS,EC2,search-api,4.7201,prod,search,2026-07-24T11:00:00Z,444455556666
AWS,EC2,search-api,5.0772,prod,search,2026-07-24T12:00:00Z,444455556666
AWS,EC2,search-api,4.8871,prod,search,2026-07-24T13:00:00Z,444455556666
AWS,EC2,search-api,5.6569,prod,search,2026-07-24T14:00:00Z,444455556666
AWS,EC2,search-api,5.2913,prod,search,2026-07-24T15:00:00Z,444455556666
AWS,EC2,search-api,4.7058,prod,search,2026-07-24T16:00:00Z,444455556666
AWS,EC2,search-api,4.3423,prod,search,2026-07-24T17:00:00Z,444455556666
AWS,EC2,search-api,3.4829,prod,search,2026-07-24T18:00:00Z,444455556666
AWS,EC2,search-api,3.1927,prod,search,2026-07-24T19:00:00Z,444455556666
AWS,EC2,search-api,3.1715,prod,search,2026-07-24T20:00:00Z,444455556666
AWS,EC2,search-api,3.0940,prod,search,2026-07-24T21:00:00Z,444455556666
AWS,EC2,search-api,3.2348,prod,search,2026-07-24T22:00:00Z,444455556666
AWS,EC2,search-api,3.5684,prod,search,2026-07-24T23:00:00Z,444455556666
AWS,EC2,search-api,2.4454,prod,search,2026-07-25T00:00:00Z,444455556666
AWS,EC2,search-api,2.1283,prod,search,2026-07-25T01:00:00Z,444455556666
AWS,EC2,search-api,2.1819,prod,search,2026-07-25T02:00:00Z,444455556666
AWS,EC2,search-api,2.4663,prod,search,2026-07-25T03:00:00Z,444455556666
AWS,EC2,search-api,2.1970,prod,search,2026-07-25T04:00:00Z,444455556666
AWS,EC2,search-api,2.3132,prod,search,2026-07-25T05:00:00Z,444455556666
AWS,EC2,search-api,2.1698,prod,search,2026-07-25T06:00:00Z,444455556666
AWS,EC2,search-api,2.1457,prod,search,2026-07-25T07:00:00Z,444455556666
AWS,EC2,search-api,2.7388,prod,search,2026-07-25T08:00:00Z,444455556666
AWS,EC2,search-api,3.2140,prod,search,2026-07-25T09:00:00Z,444455556666
AWS,EC2,search-api,3.2410,prod,search,2026-07-25T10:00:00Z,444455556666
AWS,EC2,search-api,3.4622,prod,search,2026-07-25T11:00:00Z,444455556666
AWS,EC2,search-api,3.8277,prod,search,2026-07-25T12:00:00Z,444455556666
AWS,EC2,search-api,3.3975,prod,search,2026-07-25T13:00:00Z,444455556666
AWS,EC2,search-api,3.7236,prod,search,2026-07-25T14:00:00Z,444455556666
AWS,EC2,search-api,3.1946,prod,search,2026-07-25T15:00:00Z,444455556666
AWS,EC2,search-api,3.4467,prod,search,2026-07-25T16:00:00Z,444455556666
AWS,EC2,search-api,3.1719,prod,search,2026-07-25T17:00:00Z,444455556666
AWS,EC2,search-api,2.8024,prod,search,2026-07-25T18:00:00Z,444455556666
AWS,EC2,search-api,2.4253,prod,search,2026-07-25T19:00:00Z,444455556666
AWS,EC2,search-api,2.5217,prod,search,2026-07-25T20:00:00Z,444455556666
AWS,EC2,search-api,2.2947,prod,search,2026-07-25T21:00:00Z,444455556666
AWS,EC2,search-api,2.2107,prod,search,2026-07-25T22:00:00Z,444455556666
AWS,EC2,search-api,2.5297,prod,search,2026-07-25T23:00:00Z,444455556666
AWS,EC2,search-api,2.4188,prod,search,2026-07-26T00:00:00Z,444455556666
AWS,EC2,search-api,2.3467,prod,search,2026-07-26T01:00:00Z,444455556666
AWS,EC2,search-api,2.4312,prod,search,2026-07-26T02:00:00Z,444455556666
AWS,EC2,search-api,2.3283,prod,search,2026-07-26T03:00:00Z,444455556666
AWS,EC2,search-api,2.1312,prod,search,2026-07-26T04:00:00Z,444455556666
AWS,EC2,search-api,2.5800,prod,search,2026-07-26T05:00:00Z,444455556666
AWS,EC2,search-api,2.4386,prod,search,2026-07-26T06:00:00Z,444455556666
AWS,EC2,search-api,2.5495,prod,search,2026-07-26T07:00:00Z,444455556666
AWS,EC2,search-api,2.7378,prod,search,2026-07-26T08:00:00Z,444455556666
AWS,EC2,search-api,3.2245,prod,search,2026-07-26T09:00:00Z,444455556666
AWS,EC2,search-api,3.5992,prod,search,2026-07-26T10:00:00Z,444455556666
AWS,EC2,search-api,3.2088,prod,search,2026-07-26T11:00:00Z,444455556666
AWS,EC2,search-api,3.4598,prod,search,2026-07-26T12:00:00Z,444455556666
AWS,EC2,search-api,4.0218,prod,search,2026-07-26T13:00:00Z,444455556666
AWS,EC2,search-api,3.4758,prod,search,2026-07-26T14:00:00Z,444455556666
AWS,EC2,search-api,3.6070,prod,search,2026-07-26T15:00:00Z,444455556666
AWS,EC2,search-api,0.8690,staging,search,2026-07-13T07:00:00Z,444455556666
AWS,EC2,search-api,0.9541,staging,search,2026-07-13T08:00:00Z,444455556666
AWS,EC2,search-api,1.1264,staging,search,2026-07-13T09:00:00Z,444455556666
AWS,EC2,search-api,1.1220,staging,search,2026-07-13T10:00:00Z,444455556666
AWS,EC2,search-api,1.1446,staging,search,2026-07-13T11:00:00Z,444455556666
AWS,EC2,search-api,1.3214,staging,search,2026-07-13T12:00:00Z,444455556666
AWS,EC2,search-api,1.2455,staging,search,2026-07-13T13:00:00Z,444455556666
AWS,EC2,search-api,1.2351,staging,search,2026-07-13T14:00:00Z,444455556666
AWS,EC2,search-api,1.2402,staging,search,2026-07-13T15:00:00Z,444455556666
AWS,EC2,search-api,1.1184,staging,search,2026-07-13T16:00:00Z,444455556666
AWS,EC2,search-api,0.9513,staging,search,2026-07-13T17:00:00Z,444455556666
AWS,EC2,search-api,0.9907,staging,search,2026-07-13T18:00:00Z,444455556666
AWS,EC2,search-api,0.7535,staging,search,2026-07-14T07:00:00Z,444455556666
AWS,EC2,search-api,0.9627,staging,search,2026-07-14T08:00:00Z,444455556666
AWS,EC2,search-api,0.9677,staging,search,2026-07-14T09:00:00Z,444455556666
AWS,EC2,search-api,1.0310,staging,search,2026-07-14T10:00:00Z,444455556666
AWS,EC2,search-api,1.1244,staging,search,2026-07-14T11:00:00Z,444455556666
AWS,EC2,search-api,1.1585,staging,search,2026-07-14T12:00:00Z,444455556666
AWS,EC2,search-api,1.3002,staging,search,2026-07-14T13:00:00Z,444455556666
AWS,EC2,search-api,1.2035,staging,search,2026-07-14T14:00:00Z,444455556666
AWS,EC2,search-api,1.2719,staging,search,2026-07-14T15:00:00Z,444455556666
AWS,EC2,search-api,1.1915,staging,search,2026-07-14T16:00:00Z,444455556666
AWS,EC2,search-api,1.0047,staging,search,2026-07-14T17:00:00Z,444455556666
AWS,EC2,search-api,0.8531,staging,search,2026-07-14T18:00:00Z,444455556666
AWS,EC2,search-api,0.8068,staging,search,2026-07-15T07:00:00Z,444455556666
AWS,EC2,search-api,0.9440,staging,search,2026-07-15T08:00:00Z,444455556666
AWS,EC2,search-api,1.0423,staging,search,2026-07-15T09:00:00Z,444455556666
AWS,EC2,search-api,1.0709,staging,search,2026-07-15T10:00:00Z,444455556666
AWS,EC2,search-api,1.2346,staging,search,2026-07-15T11:00:00Z,444455556666
AWS,EC2,search-api,1.1986,staging,search,2026-07-15T12:00:00Z,444455556666
AWS,EC2,search-api,1.3097,staging,search,2026-07-15T13:00:00Z,444455556666
AWS,EC2,search-api,1.1388,staging,search,2026-07-15T14:00:00Z,444455556666
AWS,EC2,search-api,1.1210,staging,search,2026-07-15T15:00:00Z,444455556666
AWS,EC2,search-api,1.0835,staging,search,2026-07-15T16:00:00Z,444455556666
AWS,EC2,search-api,1.1106,staging,search,2026-07-15T17:00:00Z,444455556666
AWS,EC2,search-api,0.9723,staging,search,2026-07-15T18:00:00Z,444455556666
AWS,EC2,search-api,0.8057,staging,search,2026-07-16T07:00:00Z,444455556666
AWS,EC2,search-api,0.8722,staging,search,2026-07-16T08:00:00Z,444455556666
AWS,EC2,search-api,1.0895,staging,search,2026-07-16T09:00:00Z,444455556666
AWS,EC2,search-api,1.1776,staging,search,2026-07-16T10:00:00Z,444455556666
AWS,EC2,search-api,1.2485,staging,search,2026-07-16T11:00:00Z,444455556666
AWS,EC2,search-api,1.2062,staging,search,2026-07-16T12:00:00Z,444455556666
AWS,EC2,search-api,1.2481,staging,search,2026-07-16T13:00:00Z,444455556666
AWS,EC2,search-api,1.2945,staging,search,2026-07-16T14:00:00Z,444455556666
AWS,EC2,search-api,1.2522,staging,search,2026-07-16T15:00:00Z,444455556666
AWS,EC2,search-api,1.1454,staging,search,2026-07-16T16:00:00Z,444455556666
AWS,EC2,search-api,0.9935,staging,search,2026-07-16T17:00:00Z,444455556666
AWS,EC2,search-api,0.8412,staging,search,2026-07-16T18:00:00Z,444455556666
AWS,EC2,search-api,0.7326,staging,search,2026-07-17T07:00:00Z,444455556666
AWS,EC2,search-api,0.9059,staging,search,2026-07-17T08:00:00Z,444455556666
AWS,EC2,search-api,1.0895,staging,search,2026-07-17T09:00:00Z,444455556666
AWS,EC2,search-api,1.0795,staging,search,2026-07-17T10:00:00Z,444455556666
AWS,EC2,search-api,1.0847,staging,search,2026-07-17T11:00:00Z,444455556666
AWS,EC2,search-api,1.3431,staging,search,2026-07-17T12:00:00Z,444455556666
AWS,EC2,search-api,1.3697,staging,search,2026-07-17T13:00:00Z,444455556666
AWS,EC2,search-api,1.2342,staging,search,2026-07-17T14:00:00Z,444455556666
AWS,EC2,search-api,1.2902,staging,search,2026-07-17T15:00:00Z,444455556666
AWS,EC2,search-api,1.0533,staging,search,2026-07-17T16:00:00Z,444455556666
AWS,EC2,search-api,1.1089,staging,search,2026-07-17T17:00:00Z,444455556666
AWS,EC2,search-api,0.8341,staging,search,2026-07-17T18:00:00Z,444455556666
AWS,EC2,search-api,0.7218,staging,search,2026-07-20T07:00:00Z,444455556666
AWS,EC2,search-api,0.9132,staging,search,2026-07-20T08:00:00Z,444455556666
AWS,EC2,search-api,1.0874,staging,search,2026-07-20T09:00:00Z,444455556666
AWS,EC2,search-api,1.0778,staging,search,2026-07-20T10:00:00Z,444455556666
AWS,EC2,search-api,1.2848,staging,search,2026-07-20T11:00:00Z,444455556666
AWS,EC2,search-api,1.2714,staging,search,2026-07-20T12:00:00Z,444455556666
AWS,EC2,search-api,1.2581,staging,search,2026-07-20T13:00:00Z,444455556666
AWS,EC2,search-api,1.3455,staging,search,2026-07-20T14:00:00Z,444455556666
AWS,EC2,search-api,1.2187,staging,search,2026-07-20T15:00:00Z,444455556666
AWS,EC2,search-api,1.1262,staging,search,2026-07-20T16:00:00Z,444455556666
AWS,EC2,search-api,0.9431,staging,search,2026-07-20T17:00:00Z,444455556666
AWS,EC2,search-api,0.9007,staging,search,2026-07-20T18:00:00Z,444455556666
AWS,EC2,search-api,0.7914,staging,search,2026-07-21T07:00:00Z,444455556666
AWS,EC2,search-api,0.9534,staging,search,2026-07-21T08:00:00Z,444455556666
AWS,EC2,search-api,0.9557,staging,search,2026-07-21T09:00:00Z,444455556666
AWS,EC2,search-api,1.1512,staging,search,2026-07-21T10:00:00Z,444455556666
AWS,EC2,search-api,1.0824,staging,search,2026-07-21T11:00:00Z,444455556666
AWS,EC2,search-api,1.3196,staging,search,2026-07-21T12:00:00Z,444455556666
AWS,EC2,search-api,1.2504,staging,search,2026-07-21T13:00:00Z,444455556666
AWS,EC2,search-api,1.2117,staging,search,2026-07-21T14:00:00Z,444455556666
AWS,EC2,search-api,1.1264,staging,search,2026-07-21T15:00:00Z,444455556666
AWS,EC2,search-api,1.1239,staging,search,2026-07-21T16:00:00Z,444455556666
AWS,EC2,search-api,1.0243,staging,search,2026-07-21T17:00:00Z,444455556666
AWS,EC2,search-api,0.8271,staging,search,2026-07-21T18:00:00Z,444455556666
AWS,EC2,search-api,0.8621,staging,search,2026-07-22T07:00:00Z,444455556666
AWS,EC2,search-api,0.8463,staging,search,2026-07-22T08:00:00Z,444455556666
AWS,EC2,search-api,1.0665,staging,search,2026-07-22T09:00:00Z,444455556666
AWS,EC2,search-api,1.1227,staging,search,2026-07-22T10:00:00Z,444455556666
AWS,EC2,search-api,1.3041,staging,search,2026-07-22T11:00:00Z,444455556666
AWS,EC2,search-api,1.1252,staging,search,2026-07-22T12:00:00Z,444455556666
AWS,EC2,search-api,1.3623,staging,search,2026-07-22T13:00:00Z,444455556666
AWS,EC2,search-api,1.1330,staging,search,2026-07-22T14:00:00Z,444455556666
AWS,EC2,search-api,1.2490,staging,search,2026-07-22T15:00:00Z,444455556666
AWS,EC2,search-api,1.1001,staging,search,2026-07-22T16:00:00Z,444455556666
AWS,EC2,search-api,1.0181,staging,search,2026-07-22T17:00:00Z,444455556666
AWS,EC2,search-api,0.8735,staging,search,2026-07-22T18:00:00Z,444455556666
AWS,EC2,search-api,0.7260,staging,search,2026-07-23T07:00:00Z,444455556666
AWS,EC2,search-api,0.9645,staging,search,2026-07-23T08:00:00Z,444455556666
AWS,EC2,search-api,1.0774,staging,search,2026-07-23T09:00:00Z,444455556666
AWS,EC2,search-api,1.2202,staging,search,2026-07-23T10:00:00Z,444455556666
AWS,EC2,search-api,1.1905,staging,search,2026-07-23T11:00:00Z,444455556666
AWS,EC2,search-api,1.1252,staging,search,2026-07-23T12:00:00Z,444455556666
AWS,EC2,search-api,1.2795,staging,search,2026-07-23T13:00:00Z,444455556666
AWS,EC2,search-api,1.1415,staging,search,2026-07-23T14:00:00Z,444455556666
AWS,EC2,search-api,1.1349,staging,search,2026-07-23T15:00:00Z,444455556666
AWS,EC2,search-api,1.1097,staging,search,2026-07-23T16:00:00Z,444455556666
AWS,EC2,search-api,0.9308,staging,search,2026-07-23T17:00:00Z,444455556666
AWS,EC2,search-api,0.9068,staging,search,2026-07-23T18:00:00Z,444455556666
AWS,EC2,search-api,0.8721,staging,search,2026-07-24T07:00:00Z,444455556666
AWS,EC2,search-api,0.8353,staging,search,2026-07-24T08:00:00Z,444455556666
AWS,EC2,search-api,0.9803,staging,search,2026-07-24T09:00:00Z,444455556666
AWS,EC2,search-api,1.2164,staging,search,2026-07-24T10:00:00Z,444455556666
AWS,EC2,search-api,1.1163,staging,search,2026-07-24T11:00:00Z,444455556666
AWS,EC2,search-api,1.1144,staging,search,2026-07-24T12:00:00Z,444455556666
AWS,EC2,search-api,1.2241,staging,search,2026-07-24T13:00:00Z,444455556666
AWS,EC2,search-api,1.2583,staging,search,2026-07-24T14:00:00Z,444455556666
AWS,EC2,search-api,1.2339,staging,search,2026-07-24T15:00:00Z,444455556666
AWS,EC2,search-api,1.1962,staging,search,2026-07-24T16:00:00Z,444455556666
AWS,EC2,search-api,1.0348,staging,search,2026-07-24T17:00:00Z,444455556666
AWS,EC2,search-api,0.8482,staging,search,2026-07-24T18:00:00Z,444455556666
Datadog,log_ingested,search-api,0.7545,prod,search,2026-07-12T16:00:00Z,dd-org-main
Datadog,log_ingested,search-api,0.6961,prod,search,2026-07-12T17:00:00Z,dd-org-main
Datadog,log_ingested,search-api,0.6344,prod,search,2026-07-12T18:00:00Z,dd-org-main
Datadog,log_ingested,search-api,0.5072,prod,search,2026-07-12T19:00:00Z,dd-org-main
Datadog,log_ingested,search-api,0.4769,prod,search,2026-07-12T20:00:00Z,dd-org-main
Datadog,log_ingested,search-api,0.5187,prod,search,2026-07-12T21:00:00Z,dd-org-main
Datadog,log_ingested,search-api,0.5516,prod,search,2026-07-12T22:00:00Z,dd-org-main
Datadog,log_ingested,search-api,0.5465,prod,search,2026-07-12T23:00:00Z,dd-org-main
Datadog,log_ingested,search-api,0.7066,prod,search,2026-07-13T00:00:00Z,dd-org-main
Datadog,log_ingested,search-api,0.7609,prod,search,2026-07-13T01:00:00Z,dd-org-main
Datadog,log_ingested,search-api,0.7822,prod,search,2026-07-13T02:00:00Z,dd-org-main
Datadog,log_ingested,search-api,0.6870,prod,search,2026-07-13T03:00:00Z,dd-org-main
Datadog,log_ingested,search-api,0.6645,prod,search,2026-07-13T04:00:00Z,dd-org-main
Datadog,log_ingested,search-api,0.7887,prod,search,2026-07-13T05:00:00Z,dd-org-main
Datadog,log_ingested,search-api,0.7358,prod,search,2026-07-13T06:00:00Z,dd-org-main
Datadog,log_ingested,search-api,0.6619,prod,search,2026-07-13T07:00:00Z,dd-org-main
Datadog,log_ingested,search-api,0.8737,prod,search,2026-07-13T08:00:00Z,dd-org-main
Datadog,log_ingested,search-api,0.8336,prod,search,2026-07-13T09:00:00Z,dd-org-main
Datadog,log_ingested,search-api,0.9557,prod,search,2026-07-13T10:00:00Z,dd-org-main
Datadog,log_ingested,search-api,1.0315,prod,search,2026-07-13T11:00:00Z,dd-org-main
Datadog,log_ingested,search-api,1.0332,prod,search,2026-07-13T12:00:00Z,dd-org-main
Datadog,log_ingested,search-api,1.0829,prod,search,2026-07-13T13:00:00Z,dd-org-main
Datadog,log_ingested,search-api,1.1786,prod,search,2026-07-13T14:00:00Z,dd-org-main
Datadog,log_ingested,search-api,1.0035,prod,search,2026-07-13T15:00:00Z,dd-org-main
Datadog,log_ingested,search-api,1.0778,prod,search,2026-07-13T16:00:00Z,dd-org-main
Datadog,log_ingested,search-api,0.9627,prod,search,2026-07-13T17:00:00Z,dd-org-main
Datadog,log_ingested,search-api,0.8418,prod,search,2026-07-13T18:00:00Z,dd-org-main
Datadog,log_ingested,search-api,0.6805,prod,search,2026-07-13T19:00:00Z,dd-org-main
Datadog,log_ingested,search-api,0.7200,prod,search,2026-07-13T20:00:00Z,dd-org-main
Datadog,log_ingested,search-api,0.7611,prod,search,2026-07-13T21:00:00Z,dd-org-main
Datadog,log_ingested,search-api,0.7772,prod,search,2026-07-13T22:00:00Z,dd-org-main
Datadog,log_ingested,search-api,0.7398,prod,search,2026-07-13T23:00:00Z,dd-org-main
Datadog,log_ingested,search-api,0.6890,prod,search,2026-07-14T00:00:00Z,dd-org-main
Datadog,log_ingested,search-api,0.6931,prod,search,2026-07-14T01:00:00Z,dd-org-main
Datadog,log_ingested,search-api,0.7868,prod,search,2026-07-14T02:00:00Z,dd-org-main
Datadog,log_ingested,search-api,0.6973,prod,search,2026-07-14T03:00:00Z,dd-org-main
Datadog,log_ingested,search-api,0.6728,prod,search,2026-07-14T04:00:00Z,dd-org-main
Datadog,log_ingested,search-api,0.7553,prod,search,2026-07-14T05:00:00Z,dd-org-main
Datadog,log_ingested,search-api,0.6912,prod,search,2026-07-14T06:00:00Z,dd-org-main
Datadog,log_ingested,search-api,0.7008,prod,search,2026-07-14T07:00:00Z,dd-org-main
Datadog,log_ingested,search-api,0.9057,prod,search,2026-07-14T08:00:00Z,dd-org-main
Datadog,log_ingested,search-api,0.9351,prod,search,2026-07-14T09:00:00Z,dd-org-main
Datadog,log_ingested,search-api,1.0797,prod,search,2026-07-14T10:00:00Z,dd-org-main
Datadog,log_ingested,search-api,1.1338,prod,search,2026-07-14T11:00:00Z,dd-org-main
Datadog,log_ingested,search-api,1.1758,prod,search,2026-07-14T12:00:00Z,dd-org-main
Datadog,log_ingested,search-api,1.0339,prod,search,2026-07-14T13:00:00Z,dd-org-main
Datadog,log_ingested,search-api,1.0089,prod,search,2026-07-14T14:00:00Z,dd-org-main
Datadog,log_ingested,search-api,0.9997,prod,search,2026-07-14T15:00:00Z,dd-org-main
Datadog,log_ingested,search-api,1.0455,prod,search,2026-07-14T16:00:00Z,dd-org-main
Datadog,log_ingested,search-api,0.9897,prod,search,2026-07-14T17:00:00Z,dd-org-main
Datadog,log_ingested,search-api,0.7895,prod,search,2026-07-14T18:00:00Z,dd-org-main
Datadog,log_ingested,search-api,0.6525,prod,search,2026-07-14T19:00:00Z,dd-org-main
Datadog,log_ingested,search-api,0.7670,prod,search,2026-07-14T20:00:00Z,dd-org-main
Datadog,log_ingested,search-api,0.6914,prod,search,2026-07-14T21:00:00Z,dd-org-main
Datadog,log_ingested,search-api,0.6966,prod,search,2026-07-14T22:00:00Z,dd-org-main
Datadog,log_ingested,search-api,0.7221,prod,search,2026-07-14T23:00:00Z,dd-org-main
Datadog,log_ingested,search-api,0.7469,prod,search,2026-07-15T00:00:00Z,dd-org-main
Datadog,log_ingested,search-api,0.6848,prod,search,2026-07-15T01:00:00Z,dd-org-main
Datadog,log_ingested,search-api,0.7327,prod,search,2026-07-15T02:00:00Z,dd-org-main
Datadog,log_ingested,search-api,0.7441,prod,search,2026-07-15T03:00:00Z,dd-org-main
Datadog,log_ingested,search-api,0.7631,prod,search,2026-07-15T04:00:00Z,dd-org-main
Datadog,log_ingested,search-api,0.7208,prod,search,2026-07-15T05:00:00Z,dd-org-main
Datadog,log_ingested,search-api,0.6856,prod,search,2026-07-15T06:00:00Z,dd-org-main
Datadog,log_ingested,search-api,0.7709,prod,search,2026-07-15T07:00:00Z,dd-org-main
Datadog,log_ingested,search-api,0.7447,prod,search,2026-07-15T08:00:00Z,dd-org-main
Datadog,log_ingested,search-api,0.8518,prod,search,2026-07-15T09:00:00Z,dd-org-main
Datadog,log_ingested,search-api,1.0645,prod,search,2026-07-15T10:00:00Z,dd-org-main
Datadog,log_ingested,search-api,1.0420,prod,search,2026-07-15T11:00:00Z,dd-org-main
Datadog,log_ingested,search-api,1.0969,prod,search,2026-07-15T12:00:00Z,dd-org-main
Datadog,log_ingested,search-api,1.1824,prod,search,2026-07-15T13:00:00Z,dd-org-main
Datadog,log_ingested,search-api,1.1825,prod,search,2026-07-15T14:00:00Z,dd-org-main
Datadog,log_ingested,search-api,1.0633,prod,search,2026-07-15T15:00:00Z,dd-org-main
Datadog,log_ingested,search-api,1.0302,prod,search,2026-07-15T16:00:00Z,dd-org-main
Datadog,log_ingested,search-api,0.9040,prod,search,2026-07-15T17:00:00Z,dd-org-main
Datadog,log_ingested,search-api,0.7838,prod,search,2026-07-15T18:00:00Z,dd-org-main
Datadog,log_ingested,search-api,0.6697,prod,search,2026-07-15T19:00:00Z,dd-org-main
Datadog,log_ingested,search-api,0.7884,prod,search,2026-07-15T20:00:00Z,dd-org-main
Datadog,log_ingested,search-api,0.6509,prod,search,2026-07-15T21:00:00Z,dd-org-main
Datadog,log_ingested,search-api,0.6590,prod,search,2026-07-15T22:00:00Z,dd-org-main
Datadog,log_ingested,search-api,0.7889,prod,search,2026-07-15T23:00:00Z,dd-org-main
Datadog,log_ingested,search-api,0.6831,prod,search,2026-07-16T00:00:00Z,dd-org-main
Datadog,log_ingested,search-api,0.6757,prod,search,2026-07-16T01:00:00Z,dd-org-main
Datadog,log_ingested,search-api,0.6798,prod,search,2026-07-16T02:00:00Z,dd-org-main
Datadog,log_ingested,search-api,0.7539,prod,search,2026-07-16T03:00:00Z,dd-org-main
Datadog,log_ingested,search-api,0.6712,prod,search,2026-07-16T04:00:00Z,dd-org-main
Datadog,log_ingested,search-api,0.7219,prod,search,2026-07-16T05:00:00Z,dd-org-main
Datadog,log_ingested,search-api,0.6796,prod,search,2026-07-16T06:00:00Z,dd-org-main
Datadog,log_ingested,search-api,0.7668,prod,search,2026-07-16T07:00:00Z,dd-org-main
Datadog,log_ingested,search-api,0.9023,prod,search,2026-07-16T08:00:00Z,dd-org-main
Datadog,log_ingested,search-api,0.9356,prod,search,2026-07-16T09:00:00Z,dd-org-main
Datadog,log_ingested,search-api,1.0834,prod,search,2026-07-16T10:00:00Z,dd-org-main
Datadog,log_ingested,search-api,1.1049,prod,search,2026-07-16T11:00:00Z,dd-org-main
Datadog,log_ingested,search-api,1.0909,prod,search,2026-07-16T12:00:00Z,dd-org-main
Datadog,log_ingested,search-api,1.2350,prod,search,2026-07-16T13:00:00Z,dd-org-main
Datadog,log_ingested,search-api,1.1846,prod,search,2026-07-16T14:00:00Z,dd-org-main
Datadog,log_ingested,search-api,1.0052,prod,search,2026-07-16T15:00:00Z,dd-org-main
Datadog,log_ingested,search-api,0.9926,prod,search,2026-07-16T16:00:00Z,dd-org-main
Datadog,log_ingested,search-api,0.9609,prod,search,2026-07-16T17:00:00Z,dd-org-main
Datadog,log_ingested,search-api,0.8862,prod,search,2026-07-16T18:00:00Z,dd-org-main
Datadog,log_ingested,search-api,0.7143,prod,search,2026-07-16T19:00:00Z,dd-org-main
Datadog,log_ingested,search-api,0.6944,prod,search,2026-07-16T20:00:00Z,dd-org-main
Datadog,log_ingested,search-api,0.6628,prod,search,2026-07-16T21:00:00Z,dd-org-main
Datadog,log_ingested,search-api,0.7242,prod,search,2026-07-16T22:00:00Z,dd-org-main
Datadog,log_ingested,search-api,0.7682,prod,search,2026-07-16T23:00:00Z,dd-org-main
Datadog,log_ingested,search-api,0.7494,prod,search,2026-07-17T00:00:00Z,dd-org-main
Datadog,log_ingested,search-api,0.7132,prod,search,2026-07-17T01:00:00Z,dd-org-main
Datadog,log_ingested,search-api,0.7361,prod,search,2026-07-17T02:00:00Z,dd-org-main
Datadog,log_ingested,search-api,0.7125,prod,search,2026-07-17T03:00:00Z,dd-org-main
Datadog,log_ingested,search-api,0.6877,prod,search,2026-07-17T04:00:00Z,dd-org-main
Datadog,log_ingested,search-api,0.7219,prod,search,2026-07-17T05:00:00Z,dd-org-main
Datadog,log_ingested,search-api,0.7038,prod,search,2026-07-17T06:00:00Z,dd-org-main
Datadog,log_ingested,search-api,0.7711,prod,search,2026-07-17T07:00:00Z,dd-org-main
Datadog,log_ingested,search-api,0.7627,prod,search,2026-07-17T08:00:00Z,dd-org-main
Datadog,log_ingested,search-api,0.8720,prod,search,2026-07-17T09:00:00Z,dd-org-main
Datadog,log_ingested,search-api,0.9541,prod,search,2026-07-17T10:00:00Z,dd-org-main
Datadog,log_ingested,search-api,1.1448,prod,search,2026-07-17T11:00:00Z,dd-org-main
Datadog,log_ingested,search-api,1.1862,prod,search,2026-07-17T12:00:00Z,dd-org-main
Datadog,log_ingested,search-api,1.1641,prod,search,2026-07-17T13:00:00Z,dd-org-main
Datadog,log_ingested,search-api,1.1780,prod,search,2026-07-17T14:00:00Z,dd-org-main
Datadog,log_ingested,search-api,1.0420,prod,search,2026-07-17T15:00:00Z,dd-org-main
Datadog,log_ingested,search-api,1.0284,prod,search,2026-07-17T16:00:00Z,dd-org-main
Datadog,log_ingested,search-api,0.8563,prod,search,2026-07-17T17:00:00Z,dd-org-main
Datadog,log_ingested,search-api,0.8009,prod,search,2026-07-17T18:00:00Z,dd-org-main
Datadog,log_ingested,search-api,0.7304,prod,search,2026-07-17T19:00:00Z,dd-org-main
Datadog,log_ingested,search-api,0.6862,prod,search,2026-07-17T20:00:00Z,dd-org-main
Datadog,log_ingested,search-api,0.6949,prod,search,2026-07-17T21:00:00Z,dd-org-main
Datadog,log_ingested,search-api,0.7653,prod,search,2026-07-17T22:00:00Z,dd-org-main
Datadog,log_ingested,search-api,0.6552,prod,search,2026-07-17T23:00:00Z,dd-org-main
Datadog,log_ingested,search-api,0.5388,prod,search,2026-07-18T00:00:00Z,dd-org-main
Datadog,log_ingested,search-api,0.5036,prod,search,2026-07-18T01:00:00Z,dd-org-main
Datadog,log_ingested,search-api,0.4981,prod,search,2026-07-18T02:00:00Z,dd-org-main
Datadog,log_ingested,search-api,0.5353,prod,search,2026-07-18T03:00:00Z,dd-org-main
Datadog,log_ingested,search-api,0.5479,prod,search,2026-07-18T04:00:00Z,dd-org-main
Datadog,log_ingested,search-api,0.5352,prod,search,2026-07-18T05:00:00Z,dd-org-main
Datadog,log_ingested,search-api,0.5182,prod,search,2026-07-18T06:00:00Z,dd-org-main
Datadog,log_ingested,search-api,0.4916,prod,search,2026-07-18T07:00:00Z,dd-org-main
Datadog,log_ingested,search-api,0.5322,prod,search,2026-07-18T08:00:00Z,dd-org-main
Datadog,log_ingested,search-api,0.6351,prod,search,2026-07-18T09:00:00Z,dd-org-main
Datadog,log_ingested,search-api,0.6548,prod,search,2026-07-18T10:00:00Z,dd-org-main
Datadog,log_ingested,search-api,0.7406,prod,search,2026-07-18T11:00:00Z,dd-org-main
Datadog,log_ingested,search-api,0.7444,prod,search,2026-07-18T12:00:00Z,dd-org-main
Datadog,log_ingested,search-api,0.8240,prod,search,2026-07-18T13:00:00Z,dd-org-main
Datadog,log_ingested,search-api,0.8516,prod,search,2026-07-18T14:00:00Z,dd-org-main
Datadog,log_ingested,search-api,0.6790,prod,search,2026-07-18T15:00:00Z,dd-org-main
Datadog,log_ingested,search-api,0.7729,prod,search,2026-07-18T16:00:00Z,dd-org-main
Datadog,log_ingested,search-api,0.7043,prod,search,2026-07-18T17:00:00Z,dd-org-main
Datadog,log_ingested,search-api,0.5469,prod,search,2026-07-18T18:00:00Z,dd-org-main
Datadog,log_ingested,search-api,0.4984,prod,search,2026-07-18T19:00:00Z,dd-org-main
Datadog,log_ingested,search-api,0.5017,prod,search,2026-07-18T20:00:00Z,dd-org-main
Datadog,log_ingested,search-api,0.4778,prod,search,2026-07-18T21:00:00Z,dd-org-main
Datadog,log_ingested,search-api,0.5415,prod,search,2026-07-18T22:00:00Z,dd-org-main
Datadog,log_ingested,search-api,0.5525,prod,search,2026-07-18T23:00:00Z,dd-org-main
Datadog,log_ingested,search-api,0.5056,prod,search,2026-07-19T00:00:00Z,dd-org-main
Datadog,log_ingested,search-api,0.4633,prod,search,2026-07-19T01:00:00Z,dd-org-main
Datadog,log_ingested,search-api,0.4833,prod,search,2026-07-19T02:00:00Z,dd-org-main
Datadog,log_ingested,search-api,0.5516,prod,search,2026-07-19T03:00:00Z,dd-org-main
Datadog,log_ingested,search-api,0.5005,prod,search,2026-07-19T04:00:00Z,dd-org-main
Datadog,log_ingested,search-api,0.5488,prod,search,2026-07-19T05:00:00Z,dd-org-main
Datadog,log_ingested,search-api,0.5239,prod,search,2026-07-19T06:00:00Z,dd-org-main
Datadog,log_ingested,search-api,0.4711,prod,search,2026-07-19T07:00:00Z,dd-org-main
Datadog,log_ingested,search-api,0.5955,prod,search,2026-07-19T08:00:00Z,dd-org-main
Datadog,log_ingested,search-api,0.6141,prod,search,2026-07-19T09:00:00Z,dd-org-main
Datadog,log_ingested,search-api,0.6709,prod,search,2026-07-19T10:00:00Z,dd-org-main
Datadog,log_ingested,search-api,0.7444,prod,search,2026-07-19T11:00:00Z,dd-org-main
Datadog,log_ingested,search-api,0.7070,prod,search,2026-07-19T12:00:00Z,dd-org-main
Datadog,log_ingested,search-api,0.7384,prod,search,2026-07-19T13:00:00Z,dd-org-main
Datadog,log_ingested,search-api,0.8487,prod,search,2026-07-19T14:00:00Z,dd-org-main
Datadog,log_ingested,search-api,0.7942,prod,search,2026-07-19T15:00:00Z,dd-org-main
Datadog,log_ingested,search-api,0.7060,prod,search,2026-07-19T16:00:00Z,dd-org-main
Datadog,log_ingested,search-api,0.7053,prod,search,2026-07-19T17:00:00Z,dd-org-main
Datadog,log_ingested,search-api,0.6326,prod,search,2026-07-19T18:00:00Z,dd-org-main
Datadog,log_ingested,search-api,0.4814,prod,search,2026-07-19T19:00:00Z,dd-org-main
Datadog,log_ingested,search-api,0.5311,prod,search,2026-07-19T20:00:00Z,dd-org-main
Datadog,log_ingested,search-api,0.5234,prod,search,2026-07-19T21:00:00Z,dd-org-main
Datadog,log_ingested,search-api,0.5463,prod,search,2026-07-19T22:00:00Z,dd-org-main
Datadog,log_ingested,search-api,0.4870,prod,search,2026-07-19T23:00:00Z,dd-org-main
Datadog,log_ingested,search-api,0.6841,prod,search,2026-07-20T00:00:00Z,dd-org-main
Datadog,log_ingested,search-api,0.7522,prod,search,2026-07-20T01:00:00Z,dd-org-main
Datadog,log_ingested,search-api,0.6901,prod,search,2026-07-20T02:00:00Z,dd-org-main
Datadog,log_ingested,search-api,0.7050,prod,search,2026-07-20T03:00:00Z,dd-org-main
Datadog,log_ingested,search-api,0.7103,prod,search,2026-07-20T04:00:00Z,dd-org-main
Datadog,log_ingested,search-api,0.6668,prod,search,2026-07-20T05:00:00Z,dd-org-main
Datadog,log_ingested,search-api,0.7282,prod,search,2026-07-20T06:00:00Z,dd-org-main
Datadog,log_ingested,search-api,0.7222,prod,search,2026-07-20T07:00:00Z,dd-org-main
Datadog,log_ingested,search-api,0.8230,prod,search,2026-07-20T08:00:00Z,dd-org-main
Datadog,log_ingested,search-api,0.9021,prod,search,2026-07-20T09:00:00Z,dd-org-main
Datadog,log_ingested,search-api,1.0562,prod,search,2026-07-20T10:00:00Z,dd-org-main
Datadog,log_ingested,search-api,1.0822,prod,search,2026-07-20T11:00:00Z,dd-org-main
Datadog,log_ingested,search-api,1.1328,prod,search,2026-07-20T12:00:00Z,dd-org-main
Datadog,log_ingested,search-api,1.0963,prod,search,2026-07-20T13:00:00Z,dd-org-main
Datadog,log_ingested,search-api,1.1618,prod,search,2026-07-20T14:00:00Z,dd-org-main
Datadog,log_ingested,search-api,1.1520,prod,search,2026-07-20T15:00:00Z,dd-org-main
Datadog,log_ingested,search-api,1.0874,prod,search,2026-07-20T16:00:00Z,dd-org-main
Datadog,log_ingested,search-api,0.8973,prod,search,2026-07-20T17:00:00Z,dd-org-main
Datadog,log_ingested,search-api,0.9012,prod,search,2026-07-20T18:00:00Z,dd-org-main
Datadog,log_ingested,search-api,0.6972,prod,search,2026-07-20T19:00:00Z,dd-org-main
Datadog,log_ingested,search-api,0.7027,prod,search,2026-07-20T20:00:00Z,dd-org-main
Datadog,log_ingested,search-api,0.7196,prod,search,2026-07-20T21:00:00Z,dd-org-main
Datadog,log_ingested,search-api,0.6550,prod,search,2026-07-20T22:00:00Z,dd-org-main
Datadog,log_ingested,search-api,0.7710,prod,search,2026-07-20T23:00:00Z,dd-org-main
Datadog,log_ingested,search-api,0.7303,prod,search,2026-07-21T00:00:00Z,dd-org-main
Datadog,log_ingested,search-api,0.6654,prod,search,2026-07-21T01:00:00Z,dd-org-main
Datadog,log_ingested,search-api,0.6965,prod,search,2026-07-21T02:00:00Z,dd-org-main
Datadog,log_ingested,search-api,0.7018,prod,search,2026-07-21T03:00:00Z,dd-org-main
Datadog,log_ingested,search-api,0.7369,prod,search,2026-07-21T04:00:00Z,dd-org-main
Datadog,log_ingested,search-api,0.6960,prod,search,2026-07-21T05:00:00Z,dd-org-main
Datadog,log_ingested,search-api,0.7630,prod,search,2026-07-21T06:00:00Z,dd-org-main
Datadog,log_ingested,search-api,0.7456,prod,search,2026-07-21T07:00:00Z,dd-org-main
Datadog,log_ingested,search-api,0.7717,prod,search,2026-07-21T08:00:00Z,dd-org-main
Datadog,log_ingested,search-api,0.9878,prod,search,2026-07-21T09:00:00Z,dd-org-main
Datadog,log_ingested,search-api,0.9478,prod,search,2026-07-21T10:00:00Z,dd-org-main
Datadog,log_ingested,search-api,1.0598,prod,search,2026-07-21T11:00:00Z,dd-org-main
Datadog,log_ingested,search-api,1.1524,prod,search,2026-07-21T12:00:00Z,dd-org-main
Datadog,log_ingested,search-api,1.0983,prod,search,2026-07-21T13:00:00Z,dd-org-main
Datadog,log_ingested,search-api,1.0630,prod,search,2026-07-21T14:00:00Z,dd-org-main
Datadog,log_ingested,search-api,1.1151,prod,search,2026-07-21T15:00:00Z,dd-org-main
Datadog,log_ingested,search-api,0.9543,prod,search,2026-07-21T16:00:00Z,dd-org-main
Datadog,log_ingested,search-api,0.8517,prod,search,2026-07-21T17:00:00Z,dd-org-main
Datadog,log_ingested,search-api,0.8262,prod,search,2026-07-21T18:00:00Z,dd-org-main
Datadog,log_ingested,search-api,0.6984,prod,search,2026-07-21T19:00:00Z,dd-org-main
Datadog,log_ingested,search-api,0.7072,prod,search,2026-07-21T20:00:00Z,dd-org-main
Datadog,log_ingested,search-api,0.7730,prod,search,2026-07-21T21:00:00Z,dd-org-main
Datadog,log_ingested,search-api,0.6841,prod,search,2026-07-21T22:00:00Z,dd-org-main
Datadog,log_ingested,search-api,0.7623,prod,search,2026-07-21T23:00:00Z,dd-org-main
Datadog,log_ingested,search-api,0.7195,prod,search,2026-07-22T00:00:00Z,dd-org-main
Datadog,log_ingested,search-api,0.6679,prod,search,2026-07-22T01:00:00Z,dd-org-main
Datadog,log_ingested,search-api,0.7479,prod,search,2026-07-22T02:00:00Z,dd-org-main
Datadog,log_ingested,search-api,0.6649,prod,search,2026-07-22T03:00:00Z,dd-org-main
Datadog,log_ingested,search-api,0.7558,prod,search,2026-07-22T04:00:00Z,dd-org-main
Datadog,log_ingested,search-api,0.7185,prod,search,2026-07-22T05:00:00Z,dd-org-main
Datadog,log_ingested,search-api,0.6821,prod,search,2026-07-22T06:00:00Z,dd-org-main
Datadog,log_ingested,search-api,0.7278,prod,search,2026-07-22T07:00:00Z,dd-org-main
Datadog,log_ingested,search-api,0.7901,prod,search,2026-07-22T08:00:00Z,dd-org-main
Datadog,log_ingested,search-api,0.9066,prod,search,2026-07-22T09:00:00Z,dd-org-main
Datadog,log_ingested,search-api,1.0520,prod,search,2026-07-22T10:00:00Z,dd-org-main
Datadog,log_ingested,search-api,1.0401,prod,search,2026-07-22T11:00:00Z,dd-org-main
Datadog,log_ingested,search-api,1.0138,prod,search,2026-07-22T12:00:00Z,dd-org-main
Datadog,log_ingested,search-api,1.1718,prod,search,2026-07-22T13:00:00Z,dd-org-main
Datadog,log_ingested,search-api,1.1356,prod,search,2026-07-22T14:00:00Z,dd-org-main
Datadog,log_ingested,search-api,1.1484,prod,search,2026-07-22T15:00:00Z,dd-org-main
Datadog,log_ingested,search-api,0.9226,prod,search,2026-07-22T16:00:00Z,dd-org-main
Datadog,log_ingested,search-api,0.8357,prod,search,2026-07-22T17:00:00Z,dd-org-main
Datadog,log_ingested,search-api,0.8845,prod,search,2026-07-22T18:00:00Z,dd-org-main
Datadog,log_ingested,search-api,0.7794,prod,search,2026-07-22T19:00:00Z,dd-org-main
Datadog,log_ingested,search-api,0.7729,prod,search,2026-07-22T20:00:00Z,dd-org-main
Datadog,log_ingested,search-api,0.7528,prod,search,2026-07-22T21:00:00Z,dd-org-main
Datadog,log_ingested,search-api,0.7441,prod,search,2026-07-22T22:00:00Z,dd-org-main
Datadog,log_ingested,search-api,0.7128,prod,search,2026-07-22T23:00:00Z,dd-org-main
Datadog,log_ingested,search-api,0.7598,prod,search,2026-07-23T00:00:00Z,dd-org-main
Datadog,log_ingested,search-api,0.6571,prod,search,2026-07-23T01:00:00Z,dd-org-main
Datadog,log_ingested,search-api,0.7003,prod,search,2026-07-23T02:00:00Z,dd-org-main
Datadog,log_ingested,search-api,0.7676,prod,search,2026-07-23T03:00:00Z,dd-org-main
Datadog,log_ingested,search-api,0.6741,prod,search,2026-07-23T04:00:00Z,dd-org-main
Datadog,log_ingested,search-api,0.6617,prod,search,2026-07-23T05:00:00Z,dd-org-main
Datadog,log_ingested,search-api,0.7149,prod,search,2026-07-23T06:00:00Z,dd-org-main
Datadog,log_ingested,search-api,0.7727,prod,search,2026-07-23T07:00:00Z,dd-org-main
Datadog,log_ingested,search-api,0.8164,prod,search,2026-07-23T08:00:00Z,dd-org-main
Datadog,log_ingested,search-api,0.9399,prod,search,2026-07-23T09:00:00Z,dd-org-main
Datadog,log_ingested,search-api,0.9149,prod,search,2026-07-23T10:00:00Z,dd-org-main
Datadog,log_ingested,search-api,0.9654,prod,search,2026-07-23T11:00:00Z,dd-org-main
Datadog,log_ingested,search-api,1.1756,prod,search,2026-07-23T12:00:00Z,dd-org-main
Datadog,log_ingested,search-api,1.0757,prod,search,2026-07-23T13:00:00Z,dd-org-main
Datadog,log_ingested,search-api,1.1969,prod,search,2026-07-23T14:00:00Z,dd-org-main
Datadog,log_ingested,search-api,0.9647,prod,search,2026-07-23T15:00:00Z,dd-org-main
Datadog,log_ingested,search-api,0.9517,prod,search,2026-07-23T16:00:00Z,dd-org-main
Datadog,log_ingested,search-api,0.8966,prod,search,2026-07-23T17:00:00Z,dd-org-main
Datadog,log_ingested,search-api,0.9009,prod,search,2026-07-23T18:00:00Z,dd-org-main
Datadog,log_ingested,search-api,0.6526,prod,search,2026-07-23T19:00:00Z,dd-org-main
Datadog,log_ingested,search-api,0.7710,prod,search,2026-07-23T20:00:00Z,dd-org-main
Datadog,log_ingested,search-api,0.7149,prod,search,2026-07-23T21:00:00Z,dd-org-main
Datadog,log_ingested,search-api,0.7088,prod,search,2026-07-23T22:00:00Z,dd-org-main
Datadog,log_ingested,search-api,0.7758,prod,search,2026-07-23T23:00:00Z,dd-org-main
Datadog,log_ingested,search-api,0.6946,prod,search,2026-07-24T00:00:00Z,dd-org-main
Datadog,log_ingested,search-api,0.6963,prod,search,2026-07-24T01:00:00Z,dd-org-main
Datadog,log_ingested,search-api,0.7714,prod,search,2026-07-24T02:00:00Z,dd-org-main
Datadog,log_ingested,search-api,0.6518,prod,search,2026-07-24T03:00:00Z,dd-org-main
Datadog,log_ingested,search-api,0.7457,prod,search,2026-07-24T04:00:00Z,dd-org-main
Datadog,log_ingested,search-api,0.7560,prod,search,2026-07-24T05:00:00Z,dd-org-main
Datadog,log_ingested,search-api,0.7608,prod,search,2026-07-24T06:00:00Z,dd-org-main
Datadog,log_ingested,search-api,0.7292,prod,search,2026-07-24T07:00:00Z,dd-org-main
Datadog,log_ingested,search-api,0.7432,prod,search,2026-07-24T08:00:00Z,dd-org-main
Datadog,log_ingested,search-api,0.8429,prod,search,2026-07-24T09:00:00Z,dd-org-main
Datadog,log_ingested,search-api,0.9213,prod,search,2026-07-24T10:00:00Z,dd-org-main
Datadog,log_ingested,search-api,1.1265,prod,search,2026-07-24T11:00:00Z,dd-org-main
Datadog,log_ingested,search-api,1.0013,prod,search,2026-07-24T12:00:00Z,dd-org-main
Datadog,log_ingested,search-api,1.1741,prod,search,2026-07-24T13:00:00Z,dd-org-main
Datadog,log_ingested,search-api,1.1687,prod,search,2026-07-24T14:00:00Z,dd-org-main
Datadog,log_ingested,search-api,1.0897,prod,search,2026-07-24T15:00:00Z,dd-org-main
Datadog,log_ingested,search-api,1.0155,prod,search,2026-07-24T16:00:00Z,dd-org-main
Datadog,log_ingested,search-api,0.9866,prod,search,2026-07-24T17:00:00Z,dd-org-main
Datadog,log_ingested,search-api,0.8011,prod,search,2026-07-24T18:00:00Z,dd-org-main
Datadog,log_ingested,search-api,0.7535,prod,search,2026-07-24T19:00:00Z,dd-org-main
Datadog,log_ingested,search-api,0.7863,prod,search,2026-07-24T20:00:00Z,dd-org-main
Datadog,log_ingested,search-api,0.7196,prod,search,2026-07-24T21:00:00Z,dd-org-main
Datadog,log_ingested,search-api,0.7292,prod,search,2026-07-24T22:00:00Z,dd-org-main
Datadog,log_ingested,search-api,0.7746,prod,search,2026-07-24T23:00:00Z,dd-org-main
Datadog,log_ingested,search-api,0.5427,prod,search,2026-07-25T00:00:00Z,dd-org-main
Datadog,log_ingested,search-api,0.4625,prod,search,2026-07-25T01:00:00Z,dd-org-main
Datadog,log_ingested,search-api,0.4854,prod,search,2026-07-25T02:00:00Z,dd-org-main
Datadog,log_ingested,search-api,0.4615,prod,search,2026-07-25T03:00:00Z,dd-org-main
Datadog,log_ingested,search-api,0.5322,prod,search,2026-07-25T04:00:00Z,dd-org-main
Datadog,log_ingested,search-api,0.4795,prod,search,2026-07-25T05:00:00Z,dd-org-main
Datadog,log_ingested,search-api,0.5326,prod,search,2026-07-25T06:00:00Z,dd-org-main
Datadog,log_ingested,search-api,0.5516,prod,search,2026-07-25T07:00:00Z,dd-org-main
Datadog,log_ingested,search-api,0.5769,prod,search,2026-07-25T08:00:00Z,dd-org-main
Datadog,log_ingested,search-api,0.6423,prod,search,2026-07-25T09:00:00Z,dd-org-main
Datadog,log_ingested,search-api,0.7040,prod,search,2026-07-25T10:00:00Z,dd-org-main
Datadog,log_ingested,search-api,0.6860,prod,search,2026-07-25T11:00:00Z,dd-org-main
Datadog,log_ingested,search-api,0.7103,prod,search,2026-07-25T12:00:00Z,dd-org-main
Datadog,log_ingested,search-api,0.7515,prod,search,2026-07-25T13:00:00Z,dd-org-main
Datadog,log_ingested,search-api,0.8335,prod,search,2026-07-25T14:00:00Z,dd-org-main
Datadog,log_ingested,search-api,0.7676,prod,search,2026-07-25T15:00:00Z,dd-org-main
Datadog,log_ingested,search-api,0.7231,prod,search,2026-07-25T16:00:00Z,dd-org-main
Datadog,log_ingested,search-api,0.6666,prod,search,2026-07-25T17:00:00Z,dd-org-main
Datadog,log_ingested,search-api,0.5286,prod,search,2026-07-25T18:00:00Z,dd-org-main
Datadog,log_ingested,search-api,0.5515,prod,search,2026-07-25T19:00:00Z,dd-org-main
Datadog,log_ingested,search-api,0.4754,prod,search,2026-07-25T20:00:00Z,dd-org-main
Datadog,log_ingested,search-api,0.4881,prod,search,2026-07-25T21:00:00Z,dd-org-main
Datadog,log_ingested,search-api,0.5513,prod,search,2026-07-25T22:00:00Z,dd-org-main
Datadog,log_ingested,search-api,0.5009,prod,search,2026-07-25T23:00:00Z,dd-org-main
Datadog,log_ingested,search-api,0.4681,prod,search,2026-07-26T00:00:00Z,dd-org-main
Datadog,log_ingested,search-api,0.5438,prod,search,2026-07-26T01:00:00Z,dd-org-main
Datadog,log_ingested,search-api,0.5511,prod,search,2026-07-26T02:00:00Z,dd-org-main
Datadog,log_ingested,search-api,0.4551,prod,search,2026-07-26T03:00:00Z,dd-org-main
Datadog,log_ingested,search-api,0.5265,prod,search,2026-07-26T04:00:00Z,dd-org-main
Datadog,log_ingested,search-api,0.5320,prod,search,2026-07-26T05:00:00Z,dd-org-main
Datadog,log_ingested,search-api,0.5264,prod,search,2026-07-26T06:00:00Z,dd-org-main
Datadog,log_ingested,search-api,0.5468,prod,search,2026-07-26T07:00:00Z,dd-org-main
Datadog,log_ingested,search-api,0.5493,prod,search,2026-07-26T08:00:00Z,dd-org-main
Datadog,log_ingested,search-api,0.6181,prod,search,2026-07-26T09:00:00Z,dd-org-main
Datadog,log_ingested,search-api,0.7671,prod,search,2026-07-26T10:00:00Z,dd-org-main
Datadog,log_ingested,search-api,0.7576,prod,search,2026-07-26T11:00:00Z,dd-org-main
Datadog,log_ingested,search-api,0.8360,prod,search,2026-07-26T12:00:00Z,dd-org-main
Datadog,log_ingested,search-api,0.7265,prod,search,2026-07-26T13:00:00Z,dd-org-main
Datadog,log_ingested,search-api,0.8123,prod,search,2026-07-26T14:00:00Z,dd-org-main
Datadog,log_ingested,search-api,0.6931,prod,search,2026-07-26T15:00:00Z,dd-org-main
AWS,EC2,indexer,2.2977,prod,search,2026-07-12T16:00:00Z,444455556666
AWS,EC2,indexer,1.8337,prod,search,2026-07-12T17:00:00Z,444455556666
AWS,EC2,indexer,1.9531,prod,search,2026-07-12T18:00:00Z,444455556666
AWS,EC2,indexer,1.6963,prod,search,2026-07-12T19:00:00Z,444455556666
AWS,EC2,indexer,1.6817,prod,search,2026-07-12T20:00:00Z,444455556666
AWS,EC2,indexer,1.6188,prod,search,2026-07-12T21:00:00Z,444455556666
AWS,EC2,indexer,1.5325,prod,search,2026-07-12T22:00:00Z,444455556666
AWS,EC2,indexer,1.4600,prod,search,2026-07-12T23:00:00Z,444455556666
AWS,EC2,indexer,2.2036,prod,search,2026-07-13T00:00:00Z,444455556666
AWS,EC2,indexer,2.3293,prod,search,2026-07-13T01:00:00Z,444455556666
AWS,EC2,indexer,2.1829,prod,search,2026-07-13T02:00:00Z,444455556666
AWS,EC2,indexer,2.0841,prod,search,2026-07-13T03:00:00Z,444455556666
AWS,EC2,indexer,2.3897,prod,search,2026-07-13T04:00:00Z,444455556666
AWS,EC2,indexer,2.4352,prod,search,2026-07-13T05:00:00Z,444455556666
AWS,EC2,indexer,2.4324,prod,search,2026-07-13T06:00:00Z,444455556666
AWS,EC2,indexer,2.4629,prod,search,2026-07-13T07:00:00Z,444455556666
AWS,EC2,indexer,2.4905,prod,search,2026-07-13T08:00:00Z,444455556666
AWS,EC2,indexer,2.8550,prod,search,2026-07-13T09:00:00Z,444455556666
AWS,EC2,indexer,2.9441,prod,search,2026-07-13T10:00:00Z,444455556666
AWS,EC2,indexer,3.1550,prod,search,2026-07-13T11:00:00Z,444455556666
AWS,EC2,indexer,3.2020,prod,search,2026-07-13T12:00:00Z,444455556666
AWS,EC2,indexer,3.5347,prod,search,2026-07-13T13:00:00Z,444455556666
AWS,EC2,indexer,3.3075,prod,search,2026-07-13T14:00:00Z,444455556666
AWS,EC2,indexer,3.3053,prod,search,2026-07-13T15:00:00Z,444455556666
AWS,EC2,indexer,3.0917,prod,search,2026-07-13T16:00:00Z,444455556666
AWS,EC2,indexer,2.8515,prod,search,2026-07-13T17:00:00Z,444455556666
AWS,EC2,indexer,2.6190,prod,search,2026-07-13T18:00:00Z,444455556666
AWS,EC2,indexer,2.3347,prod,search,2026-07-13T19:00:00Z,444455556666
AWS,EC2,indexer,2.4426,prod,search,2026-07-13T20:00:00Z,444455556666
AWS,EC2,indexer,2.4457,prod,search,2026-07-13T21:00:00Z,444455556666
AWS,EC2,indexer,2.4009,prod,search,2026-07-13T22:00:00Z,444455556666
AWS,EC2,indexer,2.1085,prod,search,2026-07-13T23:00:00Z,444455556666
AWS,EC2,indexer,2.1070,prod,search,2026-07-14T00:00:00Z,444455556666
AWS,EC2,indexer,2.3541,prod,search,2026-07-14T01:00:00Z,444455556666
AWS,EC2,indexer,2.1566,prod,search,2026-07-14T02:00:00Z,444455556666
AWS,EC2,indexer,2.2968,prod,search,2026-07-14T03:00:00Z,444455556666
AWS,EC2,indexer,2.1921,prod,search,2026-07-14T04:00:00Z,444455556666
AWS,EC2,indexer,2.4233,prod,search,2026-07-14T05:00:00Z,444455556666
AWS,EC2,indexer,2.1482,prod,search,2026-07-14T06:00:00Z,444455556666
AWS,EC2,indexer,2.3755,prod,search,2026-07-14T07:00:00Z,444455556666
AWS,EC2,indexer,2.4176,prod,search,2026-07-14T08:00:00Z,444455556666
AWS,EC2,indexer,2.7324,prod,search,2026-07-14T09:00:00Z,444455556666
AWS,EC2,indexer,3.3773,prod,search,2026-07-14T10:00:00Z,444455556666
AWS,EC2,indexer,3.1399,prod,search,2026-07-14T11:00:00Z,444455556666
AWS,EC2,indexer,3.6022,prod,search,2026-07-14T12:00:00Z,444455556666
AWS,EC2,indexer,3.1889,prod,search,2026-07-14T13:00:00Z,444455556666
AWS,EC2,indexer,3.2575,prod,search,2026-07-14T14:00:00Z,444455556666
AWS,EC2,indexer,3.5512,prod,search,2026-07-14T15:00:00Z,444455556666
AWS,EC2,indexer,2.8219,prod,search,2026-07-14T16:00:00Z,444455556666
AWS,EC2,indexer,2.7791,prod,search,2026-07-14T17:00:00Z,444455556666
AWS,EC2,indexer,2.4542,prod,search,2026-07-14T18:00:00Z,444455556666
AWS,EC2,indexer,2.2233,prod,search,2026-07-14T19:00:00Z,444455556666
AWS,EC2,indexer,2.2323,prod,search,2026-07-14T20:00:00Z,444455556666
AWS,EC2,indexer,2.2547,prod,search,2026-07-14T21:00:00Z,444455556666
AWS,EC2,indexer,2.4018,prod,search,2026-07-14T22:00:00Z,444455556666
AWS,EC2,indexer,2.2542,prod,search,2026-07-14T23:00:00Z,444455556666
AWS,EC2,indexer,2.2427,prod,search,2026-07-15T00:00:00Z,444455556666
AWS,EC2,indexer,2.1416,prod,search,2026-07-15T01:00:00Z,444455556666
AWS,EC2,indexer,2.0829,prod,search,2026-07-15T02:00:00Z,444455556666
AWS,EC2,indexer,2.0212,prod,search,2026-07-15T03:00:00Z,444455556666
AWS,EC2,indexer,2.3657,prod,search,2026-07-15T04:00:00Z,444455556666
AWS,EC2,indexer,2.4103,prod,search,2026-07-15T05:00:00Z,444455556666
AWS,EC2,indexer,2.0819,prod,search,2026-07-15T06:00:00Z,444455556666
AWS,EC2,indexer,2.0867,prod,search,2026-07-15T07:00:00Z,444455556666
AWS,EC2,indexer,2.3900,prod,search,2026-07-15T08:00:00Z,444455556666
AWS,EC2,indexer,3.0755,prod,search,2026-07-15T09:00:00Z,444455556666
AWS,EC2,indexer,3.1412,prod,search,2026-07-15T10:00:00Z,444455556666
AWS,EC2,indexer,3.0627,prod,search,2026-07-15T11:00:00Z,444455556666
AWS,EC2,indexer,3.4730,prod,search,2026-07-15T12:00:00Z,444455556666
AWS,EC2,indexer,3.7131,prod,search,2026-07-15T13:00:00Z,444455556666
AWS,EC2,indexer,3.5014,prod,search,2026-07-15T14:00:00Z,444455556666
AWS,EC2,indexer,3.6075,prod,search,2026-07-15T15:00:00Z,444455556666
AWS,EC2,indexer,3.3479,prod,search,2026-07-15T16:00:00Z,444455556666
AWS,EC2,indexer,2.8798,prod,search,2026-07-15T17:00:00Z,444455556666
AWS,EC2,indexer,2.5538,prod,search,2026-07-15T18:00:00Z,444455556666
AWS,EC2,indexer,2.1208,prod,search,2026-07-15T19:00:00Z,444455556666
AWS,EC2,indexer,2.2872,prod,search,2026-07-15T20:00:00Z,444455556666
AWS,EC2,indexer,2.1204,prod,search,2026-07-15T21:00:00Z,444455556666
AWS,EC2,indexer,2.1466,prod,search,2026-07-15T22:00:00Z,444455556666
AWS,EC2,indexer,2.0275,prod,search,2026-07-15T23:00:00Z,444455556666
AWS,EC2,indexer,2.2212,prod,search,2026-07-16T00:00:00Z,444455556666
AWS,EC2,indexer,2.0259,prod,search,2026-07-16T01:00:00Z,444455556666
AWS,EC2,indexer,2.3914,prod,search,2026-07-16T02:00:00Z,444455556666
AWS,EC2,indexer,2.3350,prod,search,2026-07-16T03:00:00Z,444455556666
AWS,EC2,indexer,2.2408,prod,search,2026-07-16T04:00:00Z,444455556666
AWS,EC2,indexer,2.1005,prod,search,2026-07-16T05:00:00Z,444455556666
AWS,EC2,indexer,2.2262,prod,search,2026-07-16T06:00:00Z,444455556666
AWS,EC2,indexer,2.3450,prod,search,2026-07-16T07:00:00Z,444455556666
AWS,EC2,indexer,2.7285,prod,search,2026-07-16T08:00:00Z,444455556666
AWS,EC2,indexer,3.1287,prod,search,2026-07-16T09:00:00Z,444455556666
AWS,EC2,indexer,2.8306,prod,search,2026-07-16T10:00:00Z,444455556666
AWS,EC2,indexer,3.5872,prod,search,2026-07-16T11:00:00Z,444455556666
AWS,EC2,indexer,3.5068,prod,search,2026-07-16T12:00:00Z,444455556666
AWS,EC2,indexer,3.2067,prod,search,2026-07-16T13:00:00Z,444455556666
AWS,EC2,indexer,3.5013,prod,search,2026-07-16T14:00:00Z,444455556666
AWS,EC2,indexer,3.4683,prod,search,2026-07-16T15:00:00Z,444455556666
AWS,EC2,indexer,3.0525,prod,search,2026-07-16T16:00:00Z,444455556666
AWS,EC2,indexer,2.9765,prod,search,2026-07-16T17:00:00Z,444455556666
AWS,EC2,indexer,2.3313,prod,search,2026-07-16T18:00:00Z,444455556666
AWS,EC2,indexer,2.2532,prod,search,2026-07-16T19:00:00Z,444455556666
AWS,EC2,indexer,2.0253,prod,search,2026-07-16T20:00:00Z,444455556666
AWS,EC2,indexer,2.1141,prod,search,2026-07-16T21:00:00Z,444455556666
AWS,EC2,indexer,2.2830,prod,search,2026-07-16T22:00:00Z,444455556666
AWS,EC2,indexer,2.3714,prod,search,2026-07-16T23:00:00Z,444455556666
AWS,EC2,indexer,2.2510,prod,search,2026-07-17T00:00:00Z,444455556666
AWS,EC2,indexer,2.2038,prod,search,2026-07-17T01:00:00Z,444455556666
AWS,EC2,indexer,2.3377,prod,search,2026-07-17T02:00:00Z,444455556666
AWS,EC2,indexer,2.3150,prod,search,2026-07-17T03:00:00Z,444455556666
AWS,EC2,indexer,2.4525,prod,search,2026-07-17T04:00:00Z,444455556666
AWS,EC2,indexer,2.3552,prod,search,2026-07-17T05:00:00Z,444455556666
AWS,EC2,indexer,2.2535,prod,search,2026-07-17T06:00:00Z,444455556666
AWS,EC2,indexer,2.0778,prod,search,2026-07-17T07:00:00Z,444455556666
AWS,EC2,indexer,2.3303,prod,search,2026-07-17T08:00:00Z,444455556666
AWS,EC2,indexer,2.9998,prod,search,2026-07-17T09:00:00Z,444455556666
AWS,EC2,indexer,3.0959,prod,search,2026-07-17T10:00:00Z,444455556666
AWS,EC2,indexer,3.4492,prod,search,2026-07-17T11:00:00Z,444455556666
AWS,EC2,indexer,3.6708,prod,search,2026-07-17T12:00:00Z,444455556666
AWS,EC2,indexer,3.5872,prod,search,2026-07-17T13:00:00Z,444455556666
AWS,EC2,indexer,3.7173,prod,search,2026-07-17T14:00:00Z,444455556666
AWS,EC2,indexer,3.3637,prod,search,2026-07-17T15:00:00Z,444455556666
AWS,EC2,indexer,3.2361,prod,search,2026-07-17T16:00:00Z,444455556666
AWS,EC2,indexer,2.9758,prod,search,2026-07-17T17:00:00Z,444455556666
AWS,EC2,indexer,2.3168,prod,search,2026-07-17T18:00:00Z,444455556666
AWS,EC2,indexer,2.2869,prod,search,2026-07-17T19:00:00Z,444455556666
AWS,EC2,indexer,2.1993,prod,search,2026-07-17T20:00:00Z,444455556666
AWS,EC2,indexer,2.2004,prod,search,2026-07-17T21:00:00Z,444455556666
AWS,EC2,indexer,2.0234,prod,search,2026-07-17T22:00:00Z,444455556666
AWS,EC2,indexer,2.4558,prod,search,2026-07-17T23:00:00Z,444455556666
AWS,EC2,indexer,1.7169,prod,search,2026-07-18T00:00:00Z,444455556666
AWS,EC2,indexer,1.6558,prod,search,2026-07-18T01:00:00Z,444455556666
AWS,EC2,indexer,1.5480,prod,search,2026-07-18T02:00:00Z,444455556666
AWS,EC2,indexer,1.6726,prod,search,2026-07-18T03:00:00Z,444455556666
AWS,EC2,indexer,1.4578,prod,search,2026-07-18T04:00:00Z,444455556666
AWS,EC2,indexer,1.6094,prod,search,2026-07-18T05:00:00Z,444455556666
AWS,EC2,indexer,1.7064,prod,search,2026-07-18T06:00:00Z,444455556666
AWS,EC2,indexer,1.6151,prod,search,2026-07-18T07:00:00Z,444455556666
AWS,EC2,indexer,1.6933,prod,search,2026-07-18T08:00:00Z,444455556666
AWS,EC2,indexer,2.0694,prod,search,2026-07-18T09:00:00Z,444455556666
AWS,EC2,indexer,2.1583,prod,search,2026-07-18T10:00:00Z,444455556666
AWS,EC2,indexer,2.1038,prod,search,2026-07-18T11:00:00Z,444455556666
AWS,EC2,indexer,2.3795,prod,search,2026-07-18T12:00:00Z,444455556666
AWS,EC2,indexer,2.2291,prod,search,2026-07-18T13:00:00Z,444455556666
AWS,EC2,indexer,2.1903,prod,search,2026-07-18T14:00:00Z,444455556666
AWS,EC2,indexer,2.4972,prod,search,2026-07-18T15:00:00Z,444455556666
AWS,EC2,indexer,2.0497,prod,search,2026-07-18T16:00:00Z,444455556666
AWS,EC2,indexer,1.8107,prod,search,2026-07-18T17:00:00Z,444455556666
AWS,EC2,indexer,1.8296,prod,search,2026-07-18T18:00:00Z,444455556666
AWS,EC2,indexer,1.4294,prod,search,2026-07-18T19:00:00Z,444455556666
AWS,EC2,indexer,1.4510,prod,search,2026-07-18T20:00:00Z,444455556666
AWS,EC2,indexer,1.5107,prod,search,2026-07-18T21:00:00Z,444455556666
AWS,EC2,indexer,1.4491,prod,search,2026-07-18T22:00:00Z,444455556666
AWS,EC2,indexer,1.4349,prod,search,2026-07-18T23:00:00Z,444455556666
AWS,EC2,indexer,1.7114,prod,search,2026-07-19T00:00:00Z,444455556666
AWS,EC2,indexer,1.6281,prod,search,2026-07-19T01:00:00Z,444455556666
AWS,EC2,indexer,1.4927,prod,search,2026-07-19T02:00:00Z,444455556666
AWS,EC2,indexer,1.5675,prod,search,2026-07-19T03:00:00Z,444455556666
AWS,EC2,indexer,1.5200,prod,search,2026-07-19T04:00:00Z,444455556666
AWS,EC2,indexer,1.4943,prod,search,2026-07-19T05:00:00Z,444455556666
AWS,EC2,indexer,1.7206,prod,search,2026-07-19T06:00:00Z,444455556666
AWS,EC2,indexer,1.4439,prod,search,2026-07-19T07:00:00Z,444455556666
AWS,EC2,indexer,1.7217,prod,search,2026-07-19T08:00:00Z,444455556666
AWS,EC2,indexer,2.1898,prod,search,2026-07-19T09:00:00Z,444455556666
AWS,EC2,indexer,2.2152,prod,search,2026-07-19T10:00:00Z,444455556666
AWS,EC2,indexer,2.5535,prod,search,2026-07-19T11:00:00Z,444455556666
AWS,EC2,indexer,2.4131,prod,search,2026-07-19T12:00:00Z,444455556666
AWS,EC2,indexer,2.6207,prod,search,2026-07-19T13:00:00Z,444455556666
AWS,EC2,indexer,2.1986,prod,search,2026-07-19T14:00:00Z,444455556666
AWS,EC2,indexer,2.4335,prod,search,2026-07-19T15:00:00Z,444455556666
AWS,EC2,indexer,2.2448,prod,search,2026-07-19T16:00:00Z,444455556666
AWS,EC2,indexer,1.8109,prod,search,2026-07-19T17:00:00Z,444455556666
AWS,EC2,indexer,1.8094,prod,search,2026-07-19T18:00:00Z,444455556666
AWS,EC2,indexer,1.5150,prod,search,2026-07-19T19:00:00Z,444455556666
AWS,EC2,indexer,1.5122,prod,search,2026-07-19T20:00:00Z,444455556666
AWS,EC2,indexer,1.6254,prod,search,2026-07-19T21:00:00Z,444455556666
AWS,EC2,indexer,1.5692,prod,search,2026-07-19T22:00:00Z,444455556666
AWS,EC2,indexer,1.4749,prod,search,2026-07-19T23:00:00Z,444455556666
AWS,EC2,indexer,2.1870,prod,search,2026-07-20T00:00:00Z,444455556666
AWS,EC2,indexer,2.2767,prod,search,2026-07-20T01:00:00Z,444455556666
AWS,EC2,indexer,2.1811,prod,search,2026-07-20T02:00:00Z,444455556666
AWS,EC2,indexer,2.1489,prod,search,2026-07-20T03:00:00Z,444455556666
AWS,EC2,indexer,2.2655,prod,search,2026-07-20T04:00:00Z,444455556666
AWS,EC2,indexer,2.2673,prod,search,2026-07-20T05:00:00Z,444455556666
AWS,EC2,indexer,2.0261,prod,search,2026-07-20T06:00:00Z,444455556666
AWS,EC2,indexer,2.3203,prod,search,2026-07-20T07:00:00Z,444455556666
AWS,EC2,indexer,2.4928,prod,search,2026-07-20T08:00:00Z,444455556666
AWS,EC2,indexer,2.6898,prod,search,2026-07-20T09:00:00Z,444455556666
AWS,EC2,indexer,3.3329,prod,search,2026-07-20T10:00:00Z,444455556666
AWS,EC2,indexer,3.3464,prod,search,2026-07-20T11:00:00Z,444455556666
AWS,EC2,indexer,3.6737,prod,search,2026-07-20T12:00:00Z,444455556666
AWS,EC2,indexer,3.1787,prod,search,2026-07-20T13:00:00Z,444455556666
AWS,EC2,indexer,3.1758,prod,search,2026-07-20T14:00:00Z,444455556666
AWS,EC2,indexer,3.4265,prod,search,2026-07-20T15:00:00Z,444455556666
AWS,EC2,indexer,3.3965,prod,search,2026-07-20T16:00:00Z,444455556666
AWS,EC2,indexer,2.6147,prod,search,2026-07-20T17:00:00Z,444455556666
AWS,EC2,indexer,2.3719,prod,search,2026-07-20T18:00:00Z,444455556666
AWS,EC2,indexer,2.0550,prod,search,2026-07-20T19:00:00Z,444455556666
AWS,EC2,indexer,2.3921,prod,search,2026-07-20T20:00:00Z,444455556666
AWS,EC2,indexer,2.3284,prod,search,2026-07-20T21:00:00Z,444455556666
AWS,EC2,indexer,2.3644,prod,search,2026-07-20T22:00:00Z,444455556666
AWS,EC2,indexer,2.0585,prod,search,2026-07-20T23:00:00Z,444455556666
AWS,EC2,indexer,2.0393,prod,search,2026-07-21T00:00:00Z,444455556666
AWS,EC2,indexer,2.0687,prod,search,2026-07-21T01:00:00Z,444455556666
AWS,EC2,indexer,2.4038,prod,search,2026-07-21T02:00:00Z,444455556666
AWS,EC2,indexer,2.1983,prod,search,2026-07-21T03:00:00Z,444455556666
AWS,EC2,indexer,2.3285,prod,search,2026-07-21T04:00:00Z,444455556666
AWS,EC2,indexer,2.0530,prod,search,2026-07-21T05:00:00Z,444455556666
AWS,EC2,indexer,2.1100,prod,search,2026-07-21T06:00:00Z,444455556666
AWS,EC2,indexer,2.4175,prod,search,2026-07-21T07:00:00Z,444455556666
AWS,EC2,indexer,2.4874,prod,search,2026-07-21T08:00:00Z,444455556666
AWS,EC2,indexer,3.0992,prod,search,2026-07-21T09:00:00Z,444455556666
AWS,EC2,indexer,3.2499,prod,search,2026-07-21T10:00:00Z,444455556666
AWS,EC2,indexer,3.5678,prod,search,2026-07-21T11:00:00Z,444455556666
AWS,EC2,indexer,3.7133,prod,search,2026-07-21T12:00:00Z,444455556666
AWS,EC2,indexer,3.4176,prod,search,2026-07-21T13:00:00Z,444455556666
AWS,EC2,indexer,3.5864,prod,search,2026-07-21T14:00:00Z,444455556666
AWS,EC2,indexer,3.2438,prod,search,2026-07-21T15:00:00Z,444455556666
AWS,EC2,indexer,3.2622,prod,search,2026-07-21T16:00:00Z,444455556666
AWS,EC2,indexer,2.9276,prod,search,2026-07-21T17:00:00Z,444455556666
AWS,EC2,indexer,2.7399,prod,search,2026-07-21T18:00:00Z,444455556666
AWS,EC2,indexer,2.3758,prod,search,2026-07-21T19:00:00Z,444455556666
AWS,EC2,indexer,2.1652,prod,search,2026-07-21T20:00:00Z,444455556666
AWS,EC2,indexer,2.4096,prod,search,2026-07-21T21:00:00Z,444455556666
AWS,EC2,indexer,2.3639,prod,search,2026-07-21T22:00:00Z,444455556666
AWS,EC2,indexer,2.0844,prod,search,2026-07-21T23:00:00Z,444455556666
AWS,EC2,indexer,2.2809,prod,search,2026-07-22T00:00:00Z,444455556666
AWS,EC2,indexer,2.0515,prod,search,2026-07-22T01:00:00Z,444455556666
AWS,EC2,indexer,2.0982,prod,search,2026-07-22T02:00:00Z,444455556666
AWS,EC2,indexer,2.1714,prod,search,2026-07-22T03:00:00Z,444455556666
AWS,EC2,indexer,2.1200,prod,search,2026-07-22T04:00:00Z,444455556666
AWS,EC2,indexer,2.1147,prod,search,2026-07-22T05:00:00Z,444455556666
AWS,EC2,indexer,2.2498,prod,search,2026-07-22T06:00:00Z,444455556666
AWS,EC2,indexer,2.1341,prod,search,2026-07-22T07:00:00Z,444455556666
AWS,EC2,indexer,2.3339,prod,search,2026-07-22T08:00:00Z,444455556666
AWS,EC2,indexer,2.7024,prod,search,2026-07-22T09:00:00Z,444455556666
AWS,EC2,indexer,3.2422,prod,search,2026-07-22T10:00:00Z,444455556666
AWS,EC2,indexer,3.2893,prod,search,2026-07-22T11:00:00Z,444455556666
AWS,EC2,indexer,3.2472,prod,search,2026-07-22T12:00:00Z,444455556666
AWS,EC2,indexer,3.6333,prod,search,2026-07-22T13:00:00Z,444455556666
AWS,EC2,indexer,3.1838,prod,search,2026-07-22T14:00:00Z,444455556666
AWS,EC2,indexer,3.4828,prod,search,2026-07-22T15:00:00Z,444455556666
AWS,EC2,indexer,3.0258,prod,search,2026-07-22T16:00:00Z,444455556666
AWS,EC2,indexer,2.7913,prod,search,2026-07-22T17:00:00Z,444455556666
AWS,EC2,indexer,2.7584,prod,search,2026-07-22T18:00:00Z,444455556666
AWS,EC2,indexer,2.2509,prod,search,2026-07-22T19:00:00Z,444455556666
AWS,EC2,indexer,2.0851,prod,search,2026-07-22T20:00:00Z,444455556666
AWS,EC2,indexer,2.1149,prod,search,2026-07-22T21:00:00Z,444455556666
AWS,EC2,indexer,2.1110,prod,search,2026-07-22T22:00:00Z,444455556666
AWS,EC2,indexer,2.4469,prod,search,2026-07-22T23:00:00Z,444455556666
AWS,EC2,indexer,2.0262,prod,search,2026-07-23T00:00:00Z,444455556666
AWS,EC2,indexer,2.4335,prod,search,2026-07-23T01:00:00Z,444455556666
AWS,EC2,indexer,2.2280,prod,search,2026-07-23T02:00:00Z,444455556666
AWS,EC2,indexer,2.3708,prod,search,2026-07-23T03:00:00Z,444455556666
AWS,EC2,indexer,2.4090,prod,search,2026-07-23T04:00:00Z,444455556666
AWS,EC2,indexer,2.0674,prod,search,2026-07-23T05:00:00Z,444455556666
AWS,EC2,indexer,2.2256,prod,search,2026-07-23T06:00:00Z,444455556666
AWS,EC2,indexer,2.1299,prod,search,2026-07-23T07:00:00Z,444455556666
AWS,EC2,indexer,2.8138,prod,search,2026-07-23T08:00:00Z,444455556666
AWS,EC2,indexer,3.1342,prod,search,2026-07-23T09:00:00Z,444455556666
AWS,EC2,indexer,3.0332,prod,search,2026-07-23T10:00:00Z,444455556666
AWS,EC2,indexer,3.1290,prod,search,2026-07-23T11:00:00Z,444455556666
AWS,EC2,indexer,3.7672,prod,search,2026-07-23T12:00:00Z,444455556666
AWS,EC2,indexer,3.4011,prod,search,2026-07-23T13:00:00Z,444455556666
AWS,EC2,indexer,3.1582,prod,search,2026-07-23T14:00:00Z,444455556666
AWS,EC2,indexer,3.6294,prod,search,2026-07-23T15:00:00Z,444455556666
AWS,EC2,indexer,2.8760,prod,search,2026-07-23T16:00:00Z,444455556666
AWS,EC2,indexer,2.8052,prod,search,2026-07-23T17:00:00Z,444455556666
AWS,EC2,indexer,2.7751,prod,search,2026-07-23T18:00:00Z,444455556666
AWS,EC2,indexer,2.3189,prod,search,2026-07-23T19:00:00Z,444455556666
AWS,EC2,indexer,2.0395,prod,search,2026-07-23T20:00:00Z,444455556666
AWS,EC2,indexer,2.1821,prod,search,2026-07-23T21:00:00Z,444455556666
AWS,EC2,indexer,2.3224,prod,search,2026-07-23T22:00:00Z,444455556666
AWS,EC2,indexer,2.4611,prod,search,2026-07-23T23:00:00Z,444455556666
AWS,EC2,indexer,2.1240,prod,search,2026-07-24T00:00:00Z,444455556666
AWS,EC2,indexer,2.1864,prod,search,2026-07-24T01:00:00Z,444455556666
AWS,EC2,indexer,2.1053,prod,search,2026-07-24T02:00:00Z,444455556666
AWS,EC2,indexer,2.0933,prod,search,2026-07-24T03:00:00Z,444455556666
AWS,EC2,indexer,2.2962,prod,search,2026-07-24T04:00:00Z,444455556666
AWS,EC2,indexer,2.1683,prod,search,2026-07-24T05:00:00Z,444455556666
AWS,EC2,indexer,2.3881,prod,search,2026-07-24T06:00:00Z,444455556666
AWS,EC2,indexer,2.3293,prod,search,2026-07-24T07:00:00Z,444455556666
AWS,EC2,indexer,2.3967,prod,search,2026-07-24T08:00:00Z,444455556666
AWS,EC2,indexer,3.0208,prod,search,2026-07-24T09:00:00Z,444455556666
AWS,EC2,indexer,2.9277,prod,search,2026-07-24T10:00:00Z,444455556666
AWS,EC2,indexer,3.5237,prod,search,2026-07-24T11:00:00Z,444455556666
AWS,EC2,indexer,3.2493,prod,search,2026-07-24T12:00:00Z,444455556666
AWS,EC2,indexer,3.4171,prod,search,2026-07-24T13:00:00Z,444455556666
AWS,EC2,indexer,3.3869,prod,search,2026-07-24T14:00:00Z,444455556666
AWS,EC2,indexer,3.2799,prod,search,2026-07-24T15:00:00Z,444455556666
AWS,EC2,indexer,3.2107,prod,search,2026-07-24T16:00:00Z,444455556666
AWS,EC2,indexer,3.0213,prod,search,2026-07-24T17:00:00Z,444455556666
AWS,EC2,indexer,2.6657,prod,search,2026-07-24T18:00:00Z,444455556666
AWS,EC2,indexer,2.2966,prod,search,2026-07-24T19:00:00Z,444455556666
AWS,EC2,indexer,2.2032,prod,search,2026-07-24T20:00:00Z,444455556666
AWS,EC2,indexer,2.3187,prod,search,2026-07-24T21:00:00Z,444455556666
AWS,EC2,indexer,2.2489,prod,search,2026-07-24T22:00:00Z,444455556666
AWS,EC2,indexer,2.0982,prod,search,2026-07-24T23:00:00Z,444455556666
AWS,EC2,indexer,1.4279,prod,search,2026-07-25T00:00:00Z,444455556666
AWS,EC2,indexer,1.4250,prod,search,2026-07-25T01:00:00Z,444455556666
AWS,EC2,indexer,1.5834,prod,search,2026-07-25T02:00:00Z,444455556666
AWS,EC2,indexer,1.7059,prod,search,2026-07-25T03:00:00Z,444455556666
AWS,EC2,indexer,1.5758,prod,search,2026-07-25T04:00:00Z,444455556666
AWS,EC2,indexer,1.7103,prod,search,2026-07-25T05:00:00Z,444455556666
AWS,EC2,indexer,1.6680,prod,search,2026-07-25T06:00:00Z,444455556666
AWS,EC2,indexer,1.5910,prod,search,2026-07-25T07:00:00Z,444455556666
AWS,EC2,indexer,1.7478,prod,search,2026-07-25T08:00:00Z,444455556666
AWS,EC2,indexer,2.1655,prod,search,2026-07-25T09:00:00Z,444455556666
AWS,EC2,indexer,2.2245,prod,search,2026-07-25T10:00:00Z,444455556666
AWS,EC2,indexer,2.2452,prod,search,2026-07-25T11:00:00Z,444455556666
AWS,EC2,indexer,2.2901,prod,search,2026-07-25T12:00:00Z,444455556666
AWS,EC2,indexer,2.4177,prod,search,2026-07-25T13:00:00Z,444455556666
AWS,EC2,indexer,2.5519,prod,search,2026-07-25T14:00:00Z,444455556666
AWS,EC2,indexer,2.1753,prod,search,2026-07-25T15:00:00Z,444455556666
AWS,EC2,indexer,2.1282,prod,search,2026-07-25T16:00:00Z,444455556666
AWS,EC2,indexer,2.1453,prod,search,2026-07-25T17:00:00Z,444455556666
AWS,EC2,indexer,1.6274,prod,search,2026-07-25T18:00:00Z,444455556666
AWS,EC2,indexer,1.5228,prod,search,2026-07-25T19:00:00Z,444455556666
AWS,EC2,indexer,1.5633,prod,search,2026-07-25T20:00:00Z,444455556666
AWS,EC2,indexer,1.4878,prod,search,2026-07-25T21:00:00Z,444455556666
AWS,EC2,indexer,1.5201,prod,search,2026-07-25T22:00:00Z,444455556666
AWS,EC2,indexer,1.5515,prod,search,2026-07-25T23:00:00Z,444455556666
AWS,EC2,indexer,1.5865,prod,search,2026-07-26T00:00:00Z,444455556666
AWS,EC2,indexer,1.4176,prod,search,2026-07-26T01:00:00Z,444455556666
AWS,EC2,indexer,1.6842,prod,search,2026-07-26T02:00:00Z,444455556666
AWS,EC2,indexer,1.7149,prod,search,2026-07-26T03:00:00Z,444455556666
AWS,EC2,indexer,1.5801,prod,search,2026-07-26T04:00:00Z,444455556666
AWS,EC2,indexer,1.4853,prod,search,2026-07-26T05:00:00Z,444455556666
AWS,EC2,indexer,1.7239,prod,search,2026-07-26T06:00:00Z,444455556666
AWS,EC2,indexer,1.4987,prod,search,2026-07-26T07:00:00Z,444455556666
AWS,EC2,indexer,1.8760,prod,search,2026-07-26T08:00:00Z,444455556666
AWS,EC2,indexer,2.2000,prod,search,2026-07-26T09:00:00Z,444455556666
AWS,EC2,indexer,2.0456,prod,search,2026-07-26T10:00:00Z,444455556666
AWS,EC2,indexer,2.3025,prod,search,2026-07-26T11:00:00Z,444455556666
AWS,EC2,indexer,2.6473,prod,search,2026-07-26T12:00:00Z,444455556666
AWS,EC2,indexer,2.4767,prod,search,2026-07-26T13:00:00Z,444455556666
AWS,EC2,indexer,2.5795,prod,search,2026-07-26T14:00:00Z,444455556666
AWS,EC2,indexer,2.4114,prod,search,2026-07-26T15:00:00Z,444455556666
AWS,EC2,indexer,0.4200,dev2,search,2026-07-13T07:00:00Z,444455556666
AWS,EC2,indexer,0.4364,dev2,search,2026-07-13T08:00:00Z,444455556666
AWS,EC2,indexer,0.5010,dev2,search,2026-07-13T09:00:00Z,444455556666
AWS,EC2,indexer,0.5868,dev2,search,2026-07-13T10:00:00Z,444455556666
AWS,EC2,indexer,0.5849,dev2,search,2026-07-13T11:00:00Z,444455556666
AWS,EC2,indexer,0.6761,dev2,search,2026-07-13T12:00:00Z,444455556666
AWS,EC2,indexer,0.6195,dev2,search,2026-07-13T13:00:00Z,444455556666
AWS,EC2,indexer,0.6220,dev2,search,2026-07-13T14:00:00Z,444455556666
AWS,EC2,indexer,0.6474,dev2,search,2026-07-13T15:00:00Z,444455556666
AWS,EC2,indexer,0.5629,dev2,search,2026-07-13T16:00:00Z,444455556666
AWS,EC2,indexer,0.4949,dev2,search,2026-07-13T17:00:00Z,444455556666
AWS,EC2,indexer,0.4261,dev2,search,2026-07-13T18:00:00Z,444455556666
AWS,EC2,indexer,0.3732,dev2,search,2026-07-14T07:00:00Z,444455556666
AWS,EC2,indexer,0.4469,dev2,search,2026-07-14T08:00:00Z,444455556666
AWS,EC2,indexer,0.5629,dev2,search,2026-07-14T09:00:00Z,444455556666
AWS,EC2,indexer,0.5936,dev2,search,2026-07-14T10:00:00Z,444455556666
AWS,EC2,indexer,0.6345,dev2,search,2026-07-14T11:00:00Z,444455556666
AWS,EC2,indexer,0.6102,dev2,search,2026-07-14T12:00:00Z,444455556666
AWS,EC2,indexer,0.6696,dev2,search,2026-07-14T13:00:00Z,444455556666
AWS,EC2,indexer,0.6481,dev2,search,2026-07-14T14:00:00Z,444455556666
AWS,EC2,indexer,0.5816,dev2,search,2026-07-14T15:00:00Z,444455556666
AWS,EC2,indexer,0.6097,dev2,search,2026-07-14T16:00:00Z,444455556666
AWS,EC2,indexer,0.5632,dev2,search,2026-07-14T17:00:00Z,444455556666
AWS,EC2,indexer,0.4295,dev2,search,2026-07-14T18:00:00Z,444455556666
AWS,EC2,indexer,0.4395,dev2,search,2026-07-15T07:00:00Z,444455556666
AWS,EC2,indexer,0.4618,dev2,search,2026-07-15T08:00:00Z,444455556666
AWS,EC2,indexer,0.4639,dev2,search,2026-07-15T09:00:00Z,444455556666
AWS,EC2,indexer,0.5340,dev2,search,2026-07-15T10:00:00Z,444455556666
AWS,EC2,indexer,0.5410,dev2,search,2026-07-15T11:00:00Z,444455556666
AWS,EC2,indexer,0.6261,dev2,search,2026-07-15T12:00:00Z,444455556666
AWS,EC2,indexer,0.6346,dev2,search,2026-07-15T13:00:00Z,444455556666
AWS,EC2,indexer,0.5775,dev2,search,2026-07-15T14:00:00Z,444455556666
AWS,EC2,indexer,0.5746,dev2,search,2026-07-15T15:00:00Z,444455556666
AWS,EC2,indexer,0.6104,dev2,search,2026-07-15T16:00:00Z,444455556666
AWS,EC2,indexer,0.5390,dev2,search,2026-07-15T17:00:00Z,444455556666
AWS,EC2,indexer,0.4250,dev2,search,2026-07-15T18:00:00Z,444455556666
AWS,EC2,indexer,0.3856,dev2,search,2026-07-16T07:00:00Z,444455556666
AWS,EC2,indexer,0.4346,dev2,search,2026-07-16T08:00:00Z,444455556666
AWS,EC2,indexer,0.4743,dev2,search,2026-07-16T09:00:00Z,444455556666
AWS,EC2,indexer,0.5714,dev2,search,2026-07-16T10:00:00Z,444455556666
AWS,EC2,indexer,0.6411,dev2,search,2026-07-16T11:00:00Z,444455556666
AWS,EC2,indexer,0.6350,dev2,search,2026-07-16T12:00:00Z,444455556666
AWS,EC2,indexer,0.6524,dev2,search,2026-07-16T13:00:00Z,444455556666
AWS,EC2,indexer,0.6483,dev2,search,2026-07-16T14:00:00Z,444455556666
AWS,EC2,indexer,0.6409,dev2,search,2026-07-16T15:00:00Z,444455556666
AWS,EC2,indexer,0.6139,dev2,search,2026-07-16T16:00:00Z,444455556666
AWS,EC2,indexer,0.5187,dev2,search,2026-07-16T17:00:00Z,444455556666
AWS,EC2,indexer,0.4807,dev2,search,2026-07-16T18:00:00Z,444455556666
AWS,EC2,indexer,0.4214,dev2,search,2026-07-17T07:00:00Z,444455556666
AWS,EC2,indexer,0.5025,dev2,search,2026-07-17T08:00:00Z,444455556666
AWS,EC2,indexer,0.5364,dev2,search,2026-07-17T09:00:00Z,444455556666
AWS,EC2,indexer,0.5826,dev2,search,2026-07-17T10:00:00Z,444455556666
AWS,EC2,indexer,0.6500,dev2,search,2026-07-17T11:00:00Z,444455556666
AWS,EC2,indexer,0.5900,dev2,search,2026-07-17T12:00:00Z,444455556666
AWS,EC2,indexer,0.6403,dev2,search,2026-07-17T13:00:00Z,444455556666
AWS,EC2,indexer,0.6753,dev2,search,2026-07-17T14:00:00Z,444455556666
AWS,EC2,indexer,0.6181,dev2,search,2026-07-17T15:00:00Z,444455556666
AWS,EC2,indexer,0.5233,dev2,search,2026-07-17T16:00:00Z,444455556666
AWS,EC2,indexer,0.5513,dev2,search,2026-07-17T17:00:00Z,444455556666
AWS,EC2,indexer,0.4332,dev2,search,2026-07-17T18:00:00Z,444455556666
AWS,EC2,indexer,0.3618,dev2,search,2026-07-20T07:00:00Z,444455556666
AWS,EC2,indexer,0.4919,dev2,search,2026-07-20T08:00:00Z,444455556666
AWS,EC2,indexer,0.5542,dev2,search,2026-07-20T09:00:00Z,444455556666
AWS,EC2,indexer,0.5258,dev2,search,2026-07-20T10:00:00Z,444455556666
AWS,EC2,indexer,0.6138,dev2,search,2026-07-20T11:00:00Z,444455556666
AWS,EC2,indexer,0.6185,dev2,search,2026-07-20T12:00:00Z,444455556666
AWS,EC2,indexer,0.5682,dev2,search,2026-07-20T13:00:00Z,444455556666
AWS,EC2,indexer,0.6243,dev2,search,2026-07-20T14:00:00Z,444455556666
AWS,EC2,indexer,0.6377,dev2,search,2026-07-20T15:00:00Z,444455556666
AWS,EC2,indexer,0.5097,dev2,search,2026-07-20T16:00:00Z,444455556666
AWS,EC2,indexer,0.4988,dev2,search,2026-07-20T17:00:00Z,444455556666
AWS,EC2,indexer,0.4926,dev2,search,2026-07-20T18:00:00Z,444455556666
AWS,EC2,indexer,0.4226,dev2,search,2026-07-21T07:00:00Z,444455556666
AWS,EC2,indexer,0.4695,dev2,search,2026-07-21T08:00:00Z,444455556666
AWS,EC2,indexer,0.5089,dev2,search,2026-07-21T09:00:00Z,444455556666
AWS,EC2,indexer,0.6141,dev2,search,2026-07-21T10:00:00Z,444455556666
AWS,EC2,indexer,0.6392,dev2,search,2026-07-21T11:00:00Z,444455556666
AWS,EC2,indexer,0.6213,dev2,search,2026-07-21T12:00:00Z,444455556666
AWS,EC2,indexer,0.6873,dev2,search,2026-07-21T13:00:00Z,444455556666
AWS,EC2,indexer,0.6565,dev2,search,2026-07-21T14:00:00Z,444455556666
AWS,EC2,indexer,0.6474,dev2,search,2026-07-21T15:00:00Z,444455556666
AWS,EC2,indexer,0.5077,dev2,search,2026-07-21T16:00:00Z,444455556666
AWS,EC2,indexer,0.5319,dev2,search,2026-07-21T17:00:00Z,444455556666
AWS,EC2,indexer,0.4376,dev2,search,2026-07-21T18:00:00Z,444455556666
AWS,EC2,indexer,0.3829,dev2,search,2026-07-22T07:00:00Z,444455556666
AWS,EC2,indexer,0.4787,dev2,search,2026-07-22T08:00:00Z,444455556666
AWS,EC2,indexer,0.4614,dev2,search,2026-07-22T09:00:00Z,444455556666
AWS,EC2,indexer,0.5753,dev2,search,2026-07-22T10:00:00Z,444455556666
AWS,EC2,indexer,0.6086,dev2,search,2026-07-22T11:00:00Z,444455556666
AWS,EC2,indexer,0.5934,dev2,search,2026-07-22T12:00:00Z,444455556666
AWS,EC2,indexer,0.6501,dev2,search,2026-07-22T13:00:00Z,444455556666
AWS,EC2,indexer,0.6239,dev2,search,2026-07-22T14:00:00Z,444455556666
AWS,EC2,indexer,0.6313,dev2,search,2026-07-22T15:00:00Z,444455556666
AWS,EC2,indexer,0.5929,dev2,search,2026-07-22T16:00:00Z,444455556666
AWS,EC2,indexer,0.5636,dev2,search,2026-07-22T17:00:00Z,444455556666
AWS,EC2,indexer,0.4625,dev2,search,2026-07-22T18:00:00Z,444455556666
AWS,EC2,indexer,0.3617,dev2,search,2026-07-23T07:00:00Z,444455556666
AWS,EC2,indexer,0.5028,dev2,search,2026-07-23T08:00:00Z,444455556666
AWS,EC2,indexer,0.5586,dev2,search,2026-07-23T09:00:00Z,444455556666
AWS,EC2,indexer,0.5184,dev2,search,2026-07-23T10:00:00Z,444455556666
AWS,EC2,indexer,0.5620,dev2,search,2026-07-23T11:00:00Z,444455556666
AWS,EC2,indexer,0.5672,dev2,search,2026-07-23T12:00:00Z,444455556666
AWS,EC2,indexer,0.5904,dev2,search,2026-07-23T13:00:00Z,444455556666
AWS,EC2,indexer,0.6137,dev2,search,2026-07-23T14:00:00Z,444455556666
AWS,EC2,indexer,0.6088,dev2,search,2026-07-23T15:00:00Z,444455556666
AWS,EC2,indexer,0.5120,dev2,search,2026-07-23T16:00:00Z,444455556666
AWS,EC2,indexer,0.5328,dev2,search,2026-07-23T17:00:00Z,444455556666
AWS,EC2,indexer,0.4847,dev2,search,2026-07-23T18:00:00Z,444455556666
AWS,EC2,indexer,0.3770,dev2,search,2026-07-24T07:00:00Z,444455556666
AWS,EC2,indexer,0.4585,dev2,search,2026-07-24T08:00:00Z,444455556666
AWS,EC2,indexer,0.4780,dev2,search,2026-07-24T09:00:00Z,444455556666
AWS,EC2,indexer,0.5157,dev2,search,2026-07-24T10:00:00Z,444455556666
AWS,EC2,indexer,0.5646,dev2,search,2026-07-24T11:00:00Z,444455556666
AWS,EC2,indexer,0.6218,dev2,search,2026-07-24T12:00:00Z,444455556666
AWS,EC2,indexer,0.6029,dev2,search,2026-07-24T13:00:00Z,444455556666
AWS,EC2,indexer,0.6356,dev2,search,2026-07-24T14:00:00Z,444455556666
AWS,EC2,indexer,0.6480,dev2,search,2026-07-24T15:00:00Z,444455556666
AWS,EC2,indexer,0.5113,dev2,search,2026-07-24T16:00:00Z,444455556666
AWS,EC2,indexer,0.5476,dev2,search,2026-07-24T17:00:00Z,444455556666
AWS,EC2,indexer,0.4832,dev2,search,2026-07-24T18:00:00Z,444455556666
Azure,BlobStorage,indexer,0.7783,prod,search,2026-07-12T16:00:00Z,azr-sub-search-7f2e
Azure,BlobStorage,indexer,0.7153,prod,search,2026-07-12T17:00:00Z,azr-sub-search-7f2e
Azure,BlobStorage,indexer,0.7724,prod,search,2026-07-12T18:00:00Z,azr-sub-search-7f2e
Azure,BlobStorage,indexer,0.7333,prod,search,2026-07-12T19:00:00Z,azr-sub-search-7f2e
Azure,BlobStorage,indexer,0.7857,prod,search,2026-07-12T20:00:00Z,azr-sub-search-7f2e
Azure,BlobStorage,indexer,0.7692,prod,search,2026-07-12T21:00:00Z,azr-sub-search-7f2e
Azure,BlobStorage,indexer,0.8242,prod,search,2026-07-12T22:00:00Z,azr-sub-search-7f2e
Azure,BlobStorage,indexer,0.8155,prod,search,2026-07-12T23:00:00Z,azr-sub-search-7f2e
Azure,BlobStorage,indexer,0.8786,prod,search,2026-07-13T00:00:00Z,azr-sub-search-7f2e
Azure,BlobStorage,indexer,0.7330,prod,search,2026-07-13T01:00:00Z,azr-sub-search-7f2e
Azure,BlobStorage,indexer,0.8573,prod,search,2026-07-13T02:00:00Z,azr-sub-search-7f2e
Azure,BlobStorage,indexer,0.8519,prod,search,2026-07-13T03:00:00Z,azr-sub-search-7f2e
Azure,BlobStorage,indexer,0.7328,prod,search,2026-07-13T04:00:00Z,azr-sub-search-7f2e
Azure,BlobStorage,indexer,0.8470,prod,search,2026-07-13T05:00:00Z,azr-sub-search-7f2e
Azure,BlobStorage,indexer,0.7694,prod,search,2026-07-13T06:00:00Z,azr-sub-search-7f2e
Azure,BlobStorage,indexer,0.8536,prod,search,2026-07-13T07:00:00Z,azr-sub-search-7f2e
Azure,BlobStorage,indexer,0.7365,prod,search,2026-07-13T08:00:00Z,azr-sub-search-7f2e
Azure,BlobStorage,indexer,0.7902,prod,search,2026-07-13T09:00:00Z,azr-sub-search-7f2e
Azure,BlobStorage,indexer,0.8451,prod,search,2026-07-13T10:00:00Z,azr-sub-search-7f2e
Azure,BlobStorage,indexer,0.7484,prod,search,2026-07-13T11:00:00Z,azr-sub-search-7f2e
Azure,BlobStorage,indexer,0.7544,prod,search,2026-07-13T12:00:00Z,azr-sub-search-7f2e
Azure,BlobStorage,indexer,0.8184,prod,search,2026-07-13T13:00:00Z,azr-sub-search-7f2e
Azure,BlobStorage,indexer,0.7920,prod,search,2026-07-13T14:00:00Z,azr-sub-search-7f2e
Azure,BlobStorage,indexer,0.8646,prod,search,2026-07-13T15:00:00Z,azr-sub-search-7f2e
Azure,BlobStorage,indexer,0.8342,prod,search,2026-07-13T16:00:00Z,azr-sub-search-7f2e
Azure,BlobStorage,indexer,0.7854,prod,search,2026-07-13T17:00:00Z,azr-sub-search-7f2e
Azure,BlobStorage,indexer,0.7878,prod,search,2026-07-13T18:00:00Z,azr-sub-search-7f2e
Azure,BlobStorage,indexer,0.8618,prod,search,2026-07-13T19:00:00Z,azr-sub-search-7f2e
Azure,BlobStorage,indexer,0.7635,prod,search,2026-07-13T20:00:00Z,azr-sub-search-7f2e
Azure,BlobStorage,indexer,0.7909,prod,search,2026-07-13T21:00:00Z,azr-sub-search-7f2e
Azure,BlobStorage,indexer,0.8072,prod,search,2026-07-13T22:00:00Z,azr-sub-search-7f2e
Azure,BlobStorage,indexer,0.7573,prod,search,2026-07-13T23:00:00Z,azr-sub-search-7f2e
Azure,BlobStorage,indexer,0.7431,prod,search,2026-07-14T00:00:00Z,azr-sub-search-7f2e
Azure,BlobStorage,indexer,0.7202,prod,search,2026-07-14T01:00:00Z,azr-sub-search-7f2e
Azure,BlobStorage,indexer,0.7585,prod,search,2026-07-14T02:00:00Z,azr-sub-search-7f2e
Azure,BlobStorage,indexer,0.7313,prod,search,2026-07-14T03:00:00Z,azr-sub-search-7f2e
Azure,BlobStorage,indexer,0.8397,prod,search,2026-07-14T04:00:00Z,azr-sub-search-7f2e
Azure,BlobStorage,indexer,0.8408,prod,search,2026-07-14T05:00:00Z,azr-sub-search-7f2e
Azure,BlobStorage,indexer,0.8255,prod,search,2026-07-14T06:00:00Z,azr-sub-search-7f2e
Azure,BlobStorage,indexer,0.8766,prod,search,2026-07-14T07:00:00Z,azr-sub-search-7f2e
Azure,BlobStorage,indexer,0.8010,prod,search,2026-07-14T08:00:00Z,azr-sub-search-7f2e
Azure,BlobStorage,indexer,0.8314,prod,search,2026-07-14T09:00:00Z,azr-sub-search-7f2e
Azure,BlobStorage,indexer,0.7500,prod,search,2026-07-14T10:00:00Z,azr-sub-search-7f2e
Azure,BlobStorage,indexer,0.8464,prod,search,2026-07-14T11:00:00Z,azr-sub-search-7f2e
Azure,BlobStorage,indexer,0.7325,prod,search,2026-07-14T12:00:00Z,azr-sub-search-7f2e
Azure,BlobStorage,indexer,0.8410,prod,search,2026-07-14T13:00:00Z,azr-sub-search-7f2e
Azure,BlobStorage,indexer,0.8769,prod,search,2026-07-14T14:00:00Z,azr-sub-search-7f2e
Azure,BlobStorage,indexer,0.7411,prod,search,2026-07-14T15:00:00Z,azr-sub-search-7f2e
Azure,BlobStorage,indexer,0.8142,prod,search,2026-07-14T16:00:00Z,azr-sub-search-7f2e
Azure,BlobStorage,indexer,0.8600,prod,search,2026-07-14T17:00:00Z,azr-sub-search-7f2e
Azure,BlobStorage,indexer,0.8424,prod,search,2026-07-14T18:00:00Z,azr-sub-search-7f2e
Azure,BlobStorage,indexer,0.8269,prod,search,2026-07-14T19:00:00Z,azr-sub-search-7f2e
Azure,BlobStorage,indexer,0.7319,prod,search,2026-07-14T20:00:00Z,azr-sub-search-7f2e
Azure,BlobStorage,indexer,0.7325,prod,search,2026-07-14T21:00:00Z,azr-sub-search-7f2e
Azure,BlobStorage,indexer,0.7467,prod,search,2026-07-14T22:00:00Z,azr-sub-search-7f2e
Azure,BlobStorage,indexer,0.7392,prod,search,2026-07-14T23:00:00Z,azr-sub-search-7f2e
Azure,BlobStorage,indexer,0.7525,prod,search,2026-07-15T00:00:00Z,azr-sub-search-7f2e
Azure,BlobStorage,indexer,0.7572,prod,search,2026-07-15T01:00:00Z,azr-sub-search-7f2e
Azure,BlobStorage,indexer,0.8572,prod,search,2026-07-15T02:00:00Z,azr-sub-search-7f2e
Azure,BlobStorage,indexer,0.7216,prod,search,2026-07-15T03:00:00Z,azr-sub-search-7f2e
Azure,BlobStorage,indexer,0.7404,prod,search,2026-07-15T04:00:00Z,azr-sub-search-7f2e
Azure,BlobStorage,indexer,0.8469,prod,search,2026-07-15T05:00:00Z,azr-sub-search-7f2e
Azure,BlobStorage,indexer,0.7338,prod,search,2026-07-15T06:00:00Z,azr-sub-search-7f2e
Azure,BlobStorage,indexer,0.7917,prod,search,2026-07-15T07:00:00Z,azr-sub-search-7f2e
Azure,BlobStorage,indexer,0.7665,prod,search,2026-07-15T08:00:00Z,azr-sub-search-7f2e
Azure,BlobStorage,indexer,0.8742,prod,search,2026-07-15T09:00:00Z,azr-sub-search-7f2e
Azure,BlobStorage,indexer,0.7814,prod,search,2026-07-15T10:00:00Z,azr-sub-search-7f2e
Azure,BlobStorage,indexer,0.8585,prod,search,2026-07-15T11:00:00Z,azr-sub-search-7f2e
Azure,BlobStorage,indexer,0.7796,prod,search,2026-07-15T12:00:00Z,azr-sub-search-7f2e
Azure,BlobStorage,indexer,0.7984,prod,search,2026-07-15T13:00:00Z,azr-sub-search-7f2e
Azure,BlobStorage,indexer,0.7803,prod,search,2026-07-15T14:00:00Z,azr-sub-search-7f2e
Azure,BlobStorage,indexer,0.7531,prod,search,2026-07-15T15:00:00Z,azr-sub-search-7f2e
Azure,BlobStorage,indexer,0.8365,prod,search,2026-07-15T16:00:00Z,azr-sub-search-7f2e
Azure,BlobStorage,indexer,0.8121,prod,search,2026-07-15T17:00:00Z,azr-sub-search-7f2e
Azure,BlobStorage,indexer,0.8067,prod,search,2026-07-15T18:00:00Z,azr-sub-search-7f2e
Azure,BlobStorage,indexer,0.8157,prod,search,2026-07-15T19:00:00Z,azr-sub-search-7f2e
Azure,BlobStorage,indexer,0.7656,prod,search,2026-07-15T20:00:00Z,azr-sub-search-7f2e
Azure,BlobStorage,indexer,0.8718,prod,search,2026-07-15T21:00:00Z,azr-sub-search-7f2e
Azure,BlobStorage,indexer,0.7401,prod,search,2026-07-15T22:00:00Z,azr-sub-search-7f2e
Azure,BlobStorage,indexer,0.8368,prod,search,2026-07-15T23:00:00Z,azr-sub-search-7f2e
Azure,BlobStorage,indexer,0.7370,prod,search,2026-07-16T00:00:00Z,azr-sub-search-7f2e
Azure,BlobStorage,indexer,0.7799,prod,search,2026-07-16T01:00:00Z,azr-sub-search-7f2e
Azure,BlobStorage,indexer,0.8694,prod,search,2026-07-16T02:00:00Z,azr-sub-search-7f2e
Azure,BlobStorage,indexer,0.8439,prod,search,2026-07-16T03:00:00Z,azr-sub-search-7f2e
Azure,BlobStorage,indexer,0.8203,prod,search,2026-07-16T04:00:00Z,azr-sub-search-7f2e
Azure,BlobStorage,indexer,0.7240,prod,search,2026-07-16T05:00:00Z,azr-sub-search-7f2e
Azure,BlobStorage,indexer,0.8635,prod,search,2026-07-16T06:00:00Z,azr-sub-search-7f2e
Azure,BlobStorage,indexer,0.7700,prod,search,2026-07-16T07:00:00Z,azr-sub-search-7f2e
Azure,BlobStorage,indexer,0.7207,prod,search,2026-07-16T08:00:00Z,azr-sub-search-7f2e
Azure,BlobStorage,indexer,0.8256,prod,search,2026-07-16T09:00:00Z,azr-sub-search-7f2e
Azure,BlobStorage,indexer,0.8426,prod,search,2026-07-16T10:00:00Z,azr-sub-search-7f2e
Azure,BlobStorage,indexer,0.7637,prod,search,2026-07-16T11:00:00Z,azr-sub-search-7f2e
Azure,BlobStorage,indexer,0.8638,prod,search,2026-07-16T12:00:00Z,azr-sub-search-7f2e
Azure,BlobStorage,indexer,0.8474,prod,search,2026-07-16T13:00:00Z,azr-sub-search-7f2e
Azure,BlobStorage,indexer,0.8477,prod,search,2026-07-16T14:00:00Z,azr-sub-search-7f2e
Azure,BlobStorage,indexer,0.7575,prod,search,2026-07-16T15:00:00Z,azr-sub-search-7f2e
Azure,BlobStorage,indexer,0.7271,prod,search,2026-07-16T16:00:00Z,azr-sub-search-7f2e
Azure,BlobStorage,indexer,0.8058,prod,search,2026-07-16T17:00:00Z,azr-sub-search-7f2e
Azure,BlobStorage,indexer,0.8244,prod,search,2026-07-16T18:00:00Z,azr-sub-search-7f2e
Azure,BlobStorage,indexer,0.7317,prod,search,2026-07-16T19:00:00Z,azr-sub-search-7f2e
Azure,BlobStorage,indexer,0.7725,prod,search,2026-07-16T20:00:00Z,azr-sub-search-7f2e
Azure,BlobStorage,indexer,0.8392,prod,search,2026-07-16T21:00:00Z,azr-sub-search-7f2e
Azure,BlobStorage,indexer,0.8488,prod,search,2026-07-16T22:00:00Z,azr-sub-search-7f2e
Azure,BlobStorage,indexer,0.8385,prod,search,2026-07-16T23:00:00Z,azr-sub-search-7f2e
Azure,BlobStorage,indexer,0.8357,prod,search,2026-07-17T00:00:00Z,azr-sub-search-7f2e
Azure,BlobStorage,indexer,0.8644,prod,search,2026-07-17T01:00:00Z,azr-sub-search-7f2e
Azure,BlobStorage,indexer,0.8063,prod,search,2026-07-17T02:00:00Z,azr-sub-search-7f2e
Azure,BlobStorage,indexer,0.7769,prod,search,2026-07-17T03:00:00Z,azr-sub-search-7f2e
Azure,BlobStorage,indexer,0.7478,prod,search,2026-07-17T04:00:00Z,azr-sub-search-7f2e
Azure,BlobStorage,indexer,0.8769,prod,search,2026-07-17T05:00:00Z,azr-sub-search-7f2e
Azure,BlobStorage,indexer,0.7245,prod,search,2026-07-17T06:00:00Z,azr-sub-search-7f2e
Azure,BlobStorage,indexer,0.7633,prod,search,2026-07-17T07:00:00Z,azr-sub-search-7f2e
Azure,BlobStorage,indexer,0.7994,prod,search,2026-07-17T08:00:00Z,azr-sub-search-7f2e
Azure,BlobStorage,indexer,0.7478,prod,search,2026-07-17T09:00:00Z,azr-sub-search-7f2e
Azure,BlobStorage,indexer,0.7951,prod,search,2026-07-17T10:00:00Z,azr-sub-search-7f2e
Azure,BlobStorage,indexer,0.8347,prod,search,2026-07-17T11:00:00Z,azr-sub-search-7f2e
Azure,BlobStorage,indexer,0.7930,prod,search,2026-07-17T12:00:00Z,azr-sub-search-7f2e
Azure,BlobStorage,indexer,0.8052,prod,search,2026-07-17T13:00:00Z,azr-sub-search-7f2e
Azure,BlobStorage,indexer,0.8643,prod,search,2026-07-17T14:00:00Z,azr-sub-search-7f2e
Azure,BlobStorage,indexer,0.8253,prod,search,2026-07-17T15:00:00Z,azr-sub-search-7f2e
Azure,BlobStorage,indexer,0.8098,prod,search,2026-07-17T16:00:00Z,azr-sub-search-7f2e
Azure,BlobStorage,indexer,0.8102,prod,search,2026-07-17T17:00:00Z,azr-sub-search-7f2e
Azure,BlobStorage,indexer,0.8593,prod,search,2026-07-17T18:00:00Z,azr-sub-search-7f2e
Azure,BlobStorage,indexer,0.7390,prod,search,2026-07-17T19:00:00Z,azr-sub-search-7f2e
Azure,BlobStorage,indexer,0.7543,prod,search,2026-07-17T20:00:00Z,azr-sub-search-7f2e
Azure,BlobStorage,indexer,0.7374,prod,search,2026-07-17T21:00:00Z,azr-sub-search-7f2e
Azure,BlobStorage,indexer,0.8682,prod,search,2026-07-17T22:00:00Z,azr-sub-search-7f2e
Azure,BlobStorage,indexer,0.8444,prod,search,2026-07-17T23:00:00Z,azr-sub-search-7f2e
Azure,BlobStorage,indexer,0.7027,prod,search,2026-07-18T00:00:00Z,azr-sub-search-7f2e
Azure,BlobStorage,indexer,0.7945,prod,search,2026-07-18T01:00:00Z,azr-sub-search-7f2e
Azure,BlobStorage,indexer,0.7273,prod,search,2026-07-18T02:00:00Z,azr-sub-search-7f2e
Azure,BlobStorage,indexer,0.7538,prod,search,2026-07-18T03:00:00Z,azr-sub-search-7f2e
Azure,BlobStorage,indexer,0.6929,prod,search,2026-07-18T04:00:00Z,azr-sub-search-7f2e
Azure,BlobStorage,indexer,0.8248,prod,search,2026-07-18T05:00:00Z,azr-sub-search-7f2e
Azure,BlobStorage,indexer,0.7040,prod,search,2026-07-18T06:00:00Z,azr-sub-search-7f2e
Azure,BlobStorage,indexer,0.7111,prod,search,2026-07-18T07:00:00Z,azr-sub-search-7f2e
Azure,BlobStorage,indexer,0.7678,prod,search,2026-07-18T08:00:00Z,azr-sub-search-7f2e
Azure,BlobStorage,indexer,0.7663,prod,search,2026-07-18T09:00:00Z,azr-sub-search-7f2e
Azure,BlobStorage,indexer,0.7877,prod,search,2026-07-18T10:00:00Z,azr-sub-search-7f2e
Azure,BlobStorage,indexer,0.7099,prod,search,2026-07-18T11:00:00Z,azr-sub-search-7f2e
Azure,BlobStorage,indexer,0.6910,prod,search,2026-07-18T12:00:00Z,azr-sub-search-7f2e
Azure,BlobStorage,indexer,0.7299,prod,search,2026-07-18T13:00:00Z,azr-sub-search-7f2e
Azure,BlobStorage,indexer,0.8315,prod,search,2026-07-18T14:00:00Z,azr-sub-search-7f2e
Azure,BlobStorage,indexer,0.7431,prod,search,2026-07-18T15:00:00Z,azr-sub-search-7f2e
Azure,BlobStorage,indexer,0.7403,prod,search,2026-07-18T16:00:00Z,azr-sub-search-7f2e
Azure,BlobStorage,indexer,0.7378,prod,search,2026-07-18T17:00:00Z,azr-sub-search-7f2e
Azure,BlobStorage,indexer,0.7437,prod,search,2026-07-18T18:00:00Z,azr-sub-search-7f2e
Azure,BlobStorage,indexer,0.6846,prod,search,2026-07-18T19:00:00Z,azr-sub-search-7f2e
Azure,BlobStorage,indexer,0.7016,prod,search,2026-07-18T20:00:00Z,azr-sub-search-7f2e
Azure,BlobStorage,indexer,0.7804,prod,search,2026-07-18T21:00:00Z,azr-sub-search-7f2e
Azure,BlobStorage,indexer,0.8219,prod,search,2026-07-18T22:00:00Z,azr-sub-search-7f2e
Azure,BlobStorage,indexer,0.7907,prod,search,2026-07-18T23:00:00Z,azr-sub-search-7f2e
Azure,BlobStorage,indexer,0.7921,prod,search,2026-07-19T00:00:00Z,azr-sub-search-7f2e
Azure,BlobStorage,indexer,0.7669,prod,search,2026-07-19T01:00:00Z,azr-sub-search-7f2e
Azure,BlobStorage,indexer,0.7109,prod,search,2026-07-19T02:00:00Z,azr-sub-search-7f2e
Azure,BlobStorage,indexer,0.7046,prod,search,2026-07-19T03:00:00Z,azr-sub-search-7f2e
Azure,BlobStorage,indexer,0.8192,prod,search,2026-07-19T04:00:00Z,azr-sub-search-7f2e
Azure,BlobStorage,indexer,0.7857,prod,search,2026-07-19T05:00:00Z,azr-sub-search-7f2e
Azure,BlobStorage,indexer,0.8121,prod,search,2026-07-19T06:00:00Z,azr-sub-search-7f2e
Azure,BlobStorage,indexer,0.8144,prod,search,2026-07-19T07:00:00Z,azr-sub-search-7f2e
Azure,BlobStorage,indexer,0.7286,prod,search,2026-07-19T08:00:00Z,azr-sub-search-7f2e
Azure,BlobStorage,indexer,0.7116,prod,search,2026-07-19T09:00:00Z,azr-sub-search-7f2e
Azure,BlobStorage,indexer,0.7714,prod,search,2026-07-19T10:00:00Z,azr-sub-search-7f2e
Azure,BlobStorage,indexer,0.7096,prod,search,2026-07-19T11:00:00Z,azr-sub-search-7f2e
Azure,BlobStorage,indexer,0.7579,prod,search,2026-07-19T12:00:00Z,azr-sub-search-7f2e
Azure,BlobStorage,indexer,0.8138,prod,search,2026-07-19T13:00:00Z,azr-sub-search-7f2e
Azure,BlobStorage,indexer,0.7127,prod,search,2026-07-19T14:00:00Z,azr-sub-search-7f2e
Azure,BlobStorage,indexer,0.7575,prod,search,2026-07-19T15:00:00Z,azr-sub-search-7f2e
Azure,BlobStorage,indexer,0.7442,prod,search,2026-07-19T16:00:00Z,azr-sub-search-7f2e
Azure,BlobStorage,indexer,0.7791,prod,search,2026-07-19T17:00:00Z,azr-sub-search-7f2e
Azure,BlobStorage,indexer,0.7894,prod,search,2026-07-19T18:00:00Z,azr-sub-search-7f2e
Azure,BlobStorage,indexer,0.7429,prod,search,2026-07-19T19:00:00Z,azr-sub-search-7f2e
Azure,BlobStorage,indexer,0.7275,prod,search,2026-07-19T20:00:00Z,azr-sub-search-7f2e
Azure,BlobStorage,indexer,0.7955,prod,search,2026-07-19T21:00:00Z,azr-sub-search-7f2e
Azure,BlobStorage,indexer,0.8066,prod,search,2026-07-19T22:00:00Z,azr-sub-search-7f2e
Azure,BlobStorage,indexer,0.7269,prod,search,2026-07-19T23:00:00Z,azr-sub-search-7f2e
Azure,BlobStorage,indexer,0.7284,prod,search,2026-07-20T00:00:00Z,azr-sub-search-7f2e
Azure,BlobStorage,indexer,0.7523,prod,search,2026-07-20T01:00:00Z,azr-sub-search-7f2e
Azure,BlobStorage,indexer,0.8088,prod,search,2026-07-20T02:00:00Z,azr-sub-search-7f2e
Azure,BlobStorage,indexer,0.8214,prod,search,2026-07-20T03:00:00Z,azr-sub-search-7f2e
Azure,BlobStorage,indexer,0.7284,prod,search,2026-07-20T04:00:00Z,azr-sub-search-7f2e
Azure,BlobStorage,indexer,0.8380,prod,search,2026-07-20T05:00:00Z,azr-sub-search-7f2e
Azure,BlobStorage,indexer,0.7844,prod,search,2026-07-20T06:00:00Z,azr-sub-search-7f2e
Azure,BlobStorage,indexer,0.7465,prod,search,2026-07-20T07:00:00Z,azr-sub-search-7f2e
Azure,BlobStorage,indexer,0.8144,prod,search,2026-07-20T08:00:00Z,azr-sub-search-7f2e
Azure,BlobStorage,indexer,0.8699,prod,search,2026-07-20T09:00:00Z,azr-sub-search-7f2e
Azure,BlobStorage,indexer,0.7797,prod,search,2026-07-20T10:00:00Z,azr-sub-search-7f2e
Azure,BlobStorage,indexer,0.8525,prod,search,2026-07-20T11:00:00Z,azr-sub-search-7f2e
Azure,BlobStorage,indexer,0.8118,prod,search,2026-07-20T12:00:00Z,azr-sub-search-7f2e
Azure,BlobStorage,indexer,0.7242,prod,search,2026-07-20T13:00:00Z,azr-sub-search-7f2e
Azure,BlobStorage,indexer,0.8764,prod,search,2026-07-20T14:00:00Z,azr-sub-search-7f2e
Azure,BlobStorage,indexer,0.8629,prod,search,2026-07-20T15:00:00Z,azr-sub-search-7f2e
Azure,BlobStorage,indexer,0.7964,prod,search,2026-07-20T16:00:00Z,azr-sub-search-7f2e
Azure,BlobStorage,indexer,0.8654,prod,search,2026-07-20T17:00:00Z,azr-sub-search-7f2e
Azure,BlobStorage,indexer,0.8139,prod,search,2026-07-20T18:00:00Z,azr-sub-search-7f2e
Azure,BlobStorage,indexer,0.7220,prod,search,2026-07-20T19:00:00Z,azr-sub-search-7f2e
Azure,BlobStorage,indexer,0.8062,prod,search,2026-07-20T20:00:00Z,azr-sub-search-7f2e
Azure,BlobStorage,indexer,0.7679,prod,search,2026-07-20T21:00:00Z,azr-sub-search-7f2e
Azure,BlobStorage,indexer,0.8413,prod,search,2026-07-20T22:00:00Z,azr-sub-search-7f2e
Azure,BlobStorage,indexer,0.7580,prod,search,2026-07-20T23:00:00Z,azr-sub-search-7f2e
Azure,BlobStorage,indexer,0.8746,prod,search,2026-07-21T00:00:00Z,azr-sub-search-7f2e
Azure,BlobStorage,indexer,0.7496,prod,search,2026-07-21T01:00:00Z,azr-sub-search-7f2e
Azure,BlobStorage,indexer,0.8761,prod,search,2026-07-21T02:00:00Z,azr-sub-search-7f2e
Azure,BlobStorage,indexer,0.7717,prod,search,2026-07-21T03:00:00Z,azr-sub-search-7f2e
Azure,BlobStorage,indexer,0.8659,prod,search,2026-07-21T04:00:00Z,azr-sub-search-7f2e
Azure,BlobStorage,indexer,0.8271,prod,search,2026-07-21T05:00:00Z,azr-sub-search-7f2e
Azure,BlobStorage,indexer,0.8681,prod,search,2026-07-21T06:00:00Z,azr-sub-search-7f2e
Azure,BlobStorage,indexer,0.8666,prod,search,2026-07-21T07:00:00Z,azr-sub-search-7f2e
Azure,BlobStorage,indexer,0.7748,prod,search,2026-07-21T08:00:00Z,azr-sub-search-7f2e
Azure,BlobStorage,indexer,0.7267,prod,search,2026-07-21T09:00:00Z,azr-sub-search-7f2e
Azure,BlobStorage,indexer,0.8425,prod,search,2026-07-21T10:00:00Z,azr-sub-search-7f2e
Azure,BlobStorage,indexer,0.8623,prod,search,2026-07-21T11:00:00Z,azr-sub-search-7f2e
Azure,BlobStorage,indexer,0.7364,prod,search,2026-07-21T12:00:00Z,azr-sub-search-7f2e
Azure,BlobStorage,indexer,0.8056,prod,search,2026-07-21T13:00:00Z,azr-sub-search-7f2e
Azure,BlobStorage,indexer,0.8737,prod,search,2026-07-21T14:00:00Z,azr-sub-search-7f2e
Azure,BlobStorage,indexer,0.8458,prod,search,2026-07-21T15:00:00Z,azr-sub-search-7f2e
Azure,BlobStorage,indexer,0.8334,prod,search,2026-07-21T16:00:00Z,azr-sub-search-7f2e
Azure,BlobStorage,indexer,0.8547,prod,search,2026-07-21T17:00:00Z,azr-sub-search-7f2e
Azure,BlobStorage,indexer,0.7813,prod,search,2026-07-21T18:00:00Z,azr-sub-search-7f2e
Azure,BlobStorage,indexer,0.7423,prod,search,2026-07-21T19:00:00Z,azr-sub-search-7f2e
Azure,BlobStorage,indexer,0.8299,prod,search,2026-07-21T20:00:00Z,azr-sub-search-7f2e
Azure,BlobStorage,indexer,0.8265,prod,search,2026-07-21T21:00:00Z,azr-sub-search-7f2e
Azure,BlobStorage,indexer,0.8437,prod,search,2026-07-21T22:00:00Z,azr-sub-search-7f2e
Azure,BlobStorage,indexer,0.8696,prod,search,2026-07-21T23:00:00Z,azr-sub-search-7f2e
Azure,BlobStorage,indexer,0.8609,prod,search,2026-07-22T00:00:00Z,azr-sub-search-7f2e
Azure,BlobStorage,indexer,0.7715,prod,search,2026-07-22T01:00:00Z,azr-sub-search-7f2e
Azure,BlobStorage,indexer,0.7948,prod,search,2026-07-22T02:00:00Z,azr-sub-search-7f2e
Azure,BlobStorage,indexer,0.7313,prod,search,2026-07-22T03:00:00Z,azr-sub-search-7f2e
Azure,BlobStorage,indexer,0.7633,prod,search,2026-07-22T04:00:00Z,azr-sub-search-7f2e
Azure,BlobStorage,indexer,0.7823,prod,search,2026-07-22T05:00:00Z,azr-sub-search-7f2e
Azure,BlobStorage,indexer,0.8153,prod,search,2026-07-22T06:00:00Z,azr-sub-search-7f2e
Azure,BlobStorage,indexer,0.8044,prod,search,2026-07-22T07:00:00Z,azr-sub-search-7f2e
Azure,BlobStorage,indexer,0.8788,prod,search,2026-07-22T08:00:00Z,azr-sub-search-7f2e
Azure,BlobStorage,indexer,0.8110,prod,search,2026-07-22T09:00:00Z,azr-sub-search-7f2e
Azure,BlobStorage,indexer,0.7642,prod,search,2026-07-22T10:00:00Z,azr-sub-search-7f2e
Azure,BlobStorage,indexer,0.8305,prod,search,2026-07-22T11:00:00Z,azr-sub-search-7f2e
Azure,BlobStorage,indexer,0.7760,prod,search,2026-07-22T12:00:00Z,azr-sub-search-7f2e
Azure,BlobStorage,indexer,0.8639,prod,search,2026-07-22T13:00:00Z,azr-sub-search-7f2e
Azure,BlobStorage,indexer,0.7989,prod,search,2026-07-22T14:00:00Z,azr-sub-search-7f2e
Azure,BlobStorage,indexer,0.7366,prod,search,2026-07-22T15:00:00Z,azr-sub-search-7f2e
Azure,BlobStorage,indexer,0.8214,prod,search,2026-07-22T16:00:00Z,azr-sub-search-7f2e
Azure,BlobStorage,indexer,0.8529,prod,search,2026-07-22T17:00:00Z,azr-sub-search-7f2e
Azure,BlobStorage,indexer,0.8199,prod,search,2026-07-22T18:00:00Z,azr-sub-search-7f2e
Azure,BlobStorage,indexer,0.7807,prod,search,2026-07-22T19:00:00Z,azr-sub-search-7f2e
Azure,BlobStorage,indexer,0.8119,prod,search,2026-07-22T20:00:00Z,azr-sub-search-7f2e
Azure,BlobStorage,indexer,0.7221,prod,search,2026-07-22T21:00:00Z,azr-sub-search-7f2e
Azure,BlobStorage,indexer,0.8548,prod,search,2026-07-22T22:00:00Z,azr-sub-search-7f2e
Azure,BlobStorage,indexer,0.8503,prod,search,2026-07-22T23:00:00Z,azr-sub-search-7f2e
Azure,BlobStorage,indexer,0.8165,prod,search,2026-07-23T00:00:00Z,azr-sub-search-7f2e
Azure,BlobStorage,indexer,0.7492,prod,search,2026-07-23T01:00:00Z,azr-sub-search-7f2e
Azure,BlobStorage,indexer,0.8617,prod,search,2026-07-23T02:00:00Z,azr-sub-search-7f2e
Azure,BlobStorage,indexer,0.7757,prod,search,2026-07-23T03:00:00Z,azr-sub-search-7f2e
Azure,BlobStorage,indexer,0.8781,prod,search,2026-07-23T04:00:00Z,azr-sub-search-7f2e
Azure,BlobStorage,indexer,0.7313,prod,search,2026-07-23T05:00:00Z,azr-sub-search-7f2e
Azure,BlobStorage,indexer,0.7640,prod,search,2026-07-23T06:00:00Z,azr-sub-search-7f2e
Azure,BlobStorage,indexer,0.7217,prod,search,2026-07-23T07:00:00Z,azr-sub-search-7f2e
Azure,BlobStorage,indexer,0.7846,prod,search,2026-07-23T08:00:00Z,azr-sub-search-7f2e
Azure,BlobStorage,indexer,0.7663,prod,search,2026-07-23T09:00:00Z,azr-sub-search-7f2e
Azure,BlobStorage,indexer,0.8437,prod,search,2026-07-23T10:00:00Z,azr-sub-search-7f2e
Azure,BlobStorage,indexer,0.7856,prod,search,2026-07-23T11:00:00Z,azr-sub-search-7f2e
Azure,BlobStorage,indexer,0.7501,prod,search,2026-07-23T12:00:00Z,azr-sub-search-7f2e
Azure,BlobStorage,indexer,0.7774,prod,search,2026-07-23T13:00:00Z,azr-sub-search-7f2e
Azure,BlobStorage,indexer,0.7674,prod,search,2026-07-23T14:00:00Z,azr-sub-search-7f2e
Azure,BlobStorage,indexer,0.8258,prod,search,2026-07-23T15:00:00Z,azr-sub-search-7f2e
Azure,BlobStorage,indexer,0.7911,prod,search,2026-07-23T16:00:00Z,azr-sub-search-7f2e
Azure,BlobStorage,indexer,0.7717,prod,search,2026-07-23T17:00:00Z,azr-sub-search-7f2e
Azure,BlobStorage,indexer,0.8528,prod,search,2026-07-23T18:00:00Z,azr-sub-search-7f2e
Azure,BlobStorage,indexer,0.7529,prod,search,2026-07-23T19:00:00Z,azr-sub-search-7f2e
Azure,BlobStorage,indexer,0.8132,prod,search,2026-07-23T20:00:00Z,azr-sub-search-7f2e
Azure,BlobStorage,indexer,0.7893,prod,search,2026-07-23T21:00:00Z,azr-sub-search-7f2e
Azure,BlobStorage,indexer,0.8233,prod,search,2026-07-23T22:00:00Z,azr-sub-search-7f2e
Azure,BlobStorage,indexer,0.8495,prod,search,2026-07-23T23:00:00Z,azr-sub-search-7f2e
Azure,BlobStorage,indexer,0.8620,prod,search,2026-07-24T00:00:00Z,azr-sub-search-7f2e
Azure,BlobStorage,indexer,0.8055,prod,search,2026-07-24T01:00:00Z,azr-sub-search-7f2e
Azure,BlobStorage,indexer,0.7217,prod,search,2026-07-24T02:00:00Z,azr-sub-search-7f2e
Azure,BlobStorage,indexer,0.8143,prod,search,2026-07-24T03:00:00Z,azr-sub-search-7f2e
Azure,BlobStorage,indexer,0.7427,prod,search,2026-07-24T04:00:00Z,azr-sub-search-7f2e
Azure,BlobStorage,indexer,0.7958,prod,search,2026-07-24T05:00:00Z,azr-sub-search-7f2e
Azure,BlobStorage,indexer,0.7973,prod,search,2026-07-24T06:00:00Z,azr-sub-search-7f2e
Azure,BlobStorage,indexer,0.8018,prod,search,2026-07-24T07:00:00Z,azr-sub-search-7f2e
Azure,BlobStorage,indexer,0.8457,prod,search,2026-07-24T08:00:00Z,azr-sub-search-7f2e
Azure,BlobStorage,indexer,0.7983,prod,search,2026-07-24T09:00:00Z,azr-sub-search-7f2e
Azure,BlobStorage,indexer,0.7926,prod,search,2026-07-24T10:00:00Z,azr-sub-search-7f2e
Azure,BlobStorage,indexer,0.8735,prod,search,2026-07-24T11:00:00Z,azr-sub-search-7f2e
Azure,BlobStorage,indexer,0.7999,prod,search,2026-07-24T12:00:00Z,azr-sub-search-7f2e
Azure,BlobStorage,indexer,0.8343,prod,search,2026-07-24T13:00:00Z,azr-sub-search-7f2e
Azure,BlobStorage,indexer,0.7413,prod,search,2026-07-24T14:00:00Z,azr-sub-search-7f2e
Azure,BlobStorage,indexer,0.7953,prod,search,2026-07-24T15:00:00Z,azr-sub-search-7f2e
Azure,BlobStorage,indexer,0.8606,prod,search,2026-07-24T16:00:00Z,azr-sub-search-7f2e
Azure,BlobStorage,indexer,0.8186,prod,search,2026-07-24T17:00:00Z,azr-sub-search-7f2e
Azure,BlobStorage,indexer,0.8563,prod,search,2026-07-24T18:00:00Z,azr-sub-search-7f2e
Azure,BlobStorage,indexer,0.8304,prod,search,2026-07-24T19:00:00Z,azr-sub-search-7f2e
Azure,BlobStorage,indexer,0.7828,prod,search,2026-07-24T20:00:00Z,azr-sub-search-7f2e
Azure,BlobStorage,indexer,0.8430,prod,search,2026-07-24T21:00:00Z,azr-sub-search-7f2e
Azure,BlobStorage,indexer,0.8278,prod,search,2026-07-24T22:00:00Z,azr-sub-search-7f2e
Azure,BlobStorage,indexer,0.7548,prod,search,2026-07-24T23:00:00Z,azr-sub-search-7f2e
Azure,BlobStorage,indexer,0.7970,prod,search,2026-07-25T00:00:00Z,azr-sub-search-7f2e
Azure,BlobStorage,indexer,0.6844,prod,search,2026-07-25T01:00:00Z,azr-sub-search-7f2e
Azure,BlobStorage,indexer,0.7459,prod,search,2026-07-25T02:00:00Z,azr-sub-search-7f2e
Azure,BlobStorage,indexer,0.7083,prod,search,2026-07-25T03:00:00Z,azr-sub-search-7f2e
Azure,BlobStorage,indexer,0.7123,prod,search,2026-07-25T04:00:00Z,azr-sub-search-7f2e
Azure,BlobStorage,indexer,0.6870,prod,search,2026-07-25T05:00:00Z,azr-sub-search-7f2e
Azure,BlobStorage,indexer,0.6940,prod,search,2026-07-25T06:00:00Z,azr-sub-search-7f2e
Azure,BlobStorage,indexer,0.8208,prod,search,2026-07-25T07:00:00Z,azr-sub-search-7f2e
Azure,BlobStorage,indexer,0.8044,prod,search,2026-07-25T08:00:00Z,azr-sub-search-7f2e
Azure,BlobStorage,indexer,0.8126,prod,search,2026-07-25T09:00:00Z,azr-sub-search-7f2e
Azure,BlobStorage,indexer,0.7875,prod,search,2026-07-25T10:00:00Z,azr-sub-search-7f2e
Azure,BlobStorage,indexer,0.7774,prod,search,2026-07-25T11:00:00Z,azr-sub-search-7f2e
Azure,BlobStorage,indexer,0.7530,prod,search,2026-07-25T12:00:00Z,azr-sub-search-7f2e
Azure,BlobStorage,indexer,0.7331,prod,search,2026-07-25T13:00:00Z,azr-sub-search-7f2e
Azure,BlobStorage,indexer,0.7976,prod,search,2026-07-25T14:00:00Z,azr-sub-search-7f2e
Azure,BlobStorage,indexer,0.7555,prod,search,2026-07-25T15:00:00Z,azr-sub-search-7f2e
Azure,BlobStorage,indexer,0.6848,prod,search,2026-07-25T16:00:00Z,azr-sub-search-7f2e
Azure,BlobStorage,indexer,0.7844,prod,search,2026-07-25T17:00:00Z,azr-sub-search-7f2e
Azure,BlobStorage,indexer,0.7608,prod,search,2026-07-25T18:00:00Z,azr-sub-search-7f2e
Azure,BlobStorage,indexer,0.7714,prod,search,2026-07-25T19:00:00Z,azr-sub-search-7f2e
Azure,BlobStorage,indexer,0.7376,prod,search,2026-07-25T20:00:00Z,azr-sub-search-7f2e
Azure,BlobStorage,indexer,0.7487,prod,search,2026-07-25T21:00:00Z,azr-sub-search-7f2e
Azure,BlobStorage,indexer,0.6919,prod,search,2026-07-25T22:00:00Z,azr-sub-search-7f2e
Azure,BlobStorage,indexer,0.7963,prod,search,2026-07-25T23:00:00Z,azr-sub-search-7f2e
Azure,BlobStorage,indexer,0.7900,prod,search,2026-07-26T00:00:00Z,azr-sub-search-7f2e
Azure,BlobStorage,indexer,0.8343,prod,search,2026-07-26T01:00:00Z,azr-sub-search-7f2e
Azure,BlobStorage,indexer,0.7255,prod,search,2026-07-26T02:00:00Z,azr-sub-search-7f2e
Azure,BlobStorage,indexer,0.6851,prod,search,2026-07-26T03:00:00Z,azr-sub-search-7f2e
Azure,BlobStorage,indexer,0.7055,prod,search,2026-07-26T04:00:00Z,azr-sub-search-7f2e
Azure,BlobStorage,indexer,0.7762,prod,search,2026-07-26T05:00:00Z,azr-sub-search-7f2e
Azure,BlobStorage,indexer,0.8350,prod,search,2026-07-26T06:00:00Z,azr-sub-search-7f2e
Azure,BlobStorage,indexer,0.7904,prod,search,2026-07-26T07:00:00Z,azr-sub-search-7f2e
Azure,BlobStorage,indexer,0.8237,prod,search,2026-07-26T08:00:00Z,azr-sub-search-7f2e
Azure,BlobStorage,indexer,0.7444,prod,search,2026-07-26T09:00:00Z,azr-sub-search-7f2e
Azure,BlobStorage,indexer,0.7081,prod,search,2026-07-26T10:00:00Z,azr-sub-search-7f2e
Azure,BlobStorage,indexer,0.8336,prod,search,2026-07-26T11:00:00Z,azr-sub-search-7f2e
Azure,BlobStorage,indexer,0.7265,prod,search,2026-07-26T12:00:00Z,azr-sub-search-7f2e
Azure,BlobStorage,indexer,0.8303,prod,search,2026-07-26T13:00:00Z,azr-sub-search-7f2e
Azure,BlobStorage,indexer,0.8085,prod,search,2026-07-26T14:00:00Z,azr-sub-search-7f2e
Azure,BlobStorage,indexer,0.7008,prod,search,2026-07-26T15:00:00Z,azr-sub-search-7f2e
AWS,EC2,api-gateway,3.9651,prod,platform,2026-07-12T16:00:00Z,777788889999
AWS,EC2,api-gateway,3.5417,prod,platform,2026-07-12T17:00:00Z,777788889999
AWS,EC2,api-gateway,3.3098,prod,platform,2026-07-12T18:00:00Z,777788889999
AWS,EC2,api-gateway,3.0039,prod,platform,2026-07-12T19:00:00Z,777788889999
AWS,EC2,api-gateway,2.8781,prod,platform,2026-07-12T20:00:00Z,777788889999
AWS,EC2,api-gateway,2.6412,prod,platform,2026-07-12T21:00:00Z,777788889999
AWS,EC2,api-gateway,3.0243,prod,platform,2026-07-12T22:00:00Z,777788889999
AWS,EC2,api-gateway,2.6247,prod,platform,2026-07-12T23:00:00Z,777788889999
AWS,EC2,api-gateway,4.1220,prod,platform,2026-07-13T00:00:00Z,777788889999
AWS,EC2,api-gateway,3.8138,prod,platform,2026-07-13T01:00:00Z,777788889999
AWS,EC2,api-gateway,3.7729,prod,platform,2026-07-13T02:00:00Z,777788889999
AWS,EC2,api-gateway,4.0264,prod,platform,2026-07-13T03:00:00Z,777788889999
AWS,EC2,api-gateway,4.0943,prod,platform,2026-07-13T04:00:00Z,777788889999
AWS,EC2,api-gateway,3.8735,prod,platform,2026-07-13T05:00:00Z,777788889999
AWS,EC2,api-gateway,4.3146,prod,platform,2026-07-13T06:00:00Z,777788889999
AWS,EC2,api-gateway,4.2454,prod,platform,2026-07-13T07:00:00Z,777788889999
AWS,EC2,api-gateway,4.4924,prod,platform,2026-07-13T08:00:00Z,777788889999
AWS,EC2,api-gateway,5.1780,prod,platform,2026-07-13T09:00:00Z,777788889999
AWS,EC2,api-gateway,5.1432,prod,platform,2026-07-13T10:00:00Z,777788889999
AWS,EC2,api-gateway,6.3612,prod,platform,2026-07-13T11:00:00Z,777788889999
AWS,EC2,api-gateway,5.5815,prod,platform,2026-07-13T12:00:00Z,777788889999
AWS,EC2,api-gateway,6.2812,prod,platform,2026-07-13T13:00:00Z,777788889999
AWS,EC2,api-gateway,6.3135,prod,platform,2026-07-13T14:00:00Z,777788889999
AWS,EC2,api-gateway,5.6347,prod,platform,2026-07-13T15:00:00Z,777788889999
AWS,EC2,api-gateway,5.5634,prod,platform,2026-07-13T16:00:00Z,777788889999
AWS,EC2,api-gateway,5.4373,prod,platform,2026-07-13T17:00:00Z,777788889999
AWS,EC2,api-gateway,4.7419,prod,platform,2026-07-13T18:00:00Z,777788889999
AWS,EC2,api-gateway,3.9481,prod,platform,2026-07-13T19:00:00Z,777788889999
AWS,EC2,api-gateway,3.6676,prod,platform,2026-07-13T20:00:00Z,777788889999
AWS,EC2,api-gateway,3.9337,prod,platform,2026-07-13T21:00:00Z,777788889999
AWS,EC2,api-gateway,3.6543,prod,platform,2026-07-13T22:00:00Z,777788889999
AWS,EC2,api-gateway,3.9990,prod,platform,2026-07-13T23:00:00Z,777788889999
AWS,EC2,api-gateway,4.2182,prod,platform,2026-07-14T00:00:00Z,777788889999
AWS,EC2,api-gateway,4.1007,prod,platform,2026-07-14T01:00:00Z,777788889999
AWS,EC2,api-gateway,4.3058,prod,platform,2026-07-14T02:00:00Z,777788889999
AWS,EC2,api-gateway,3.6487,prod,platform,2026-07-14T03:00:00Z,777788889999
AWS,EC2,api-gateway,4.0339,prod,platform,2026-07-14T04:00:00Z,777788889999
AWS,EC2,api-gateway,3.7768,prod,platform,2026-07-14T05:00:00Z,777788889999
AWS,EC2,api-gateway,4.3764,prod,platform,2026-07-14T06:00:00Z,777788889999
AWS,EC2,api-gateway,4.1698,prod,platform,2026-07-14T07:00:00Z,777788889999
AWS,EC2,api-gateway,4.7312,prod,platform,2026-07-14T08:00:00Z,777788889999
AWS,EC2,api-gateway,5.1595,prod,platform,2026-07-14T09:00:00Z,777788889999
AWS,EC2,api-gateway,5.0777,prod,platform,2026-07-14T10:00:00Z,777788889999
AWS,EC2,api-gateway,5.3334,prod,platform,2026-07-14T11:00:00Z,777788889999
AWS,EC2,api-gateway,6.0793,prod,platform,2026-07-14T12:00:00Z,777788889999
AWS,EC2,api-gateway,6.8196,prod,platform,2026-07-14T13:00:00Z,777788889999
AWS,EC2,api-gateway,5.8255,prod,platform,2026-07-14T14:00:00Z,777788889999
AWS,EC2,api-gateway,5.6373,prod,platform,2026-07-14T15:00:00Z,777788889999
AWS,EC2,api-gateway,5.7766,prod,platform,2026-07-14T16:00:00Z,777788889999
AWS,EC2,api-gateway,5.1992,prod,platform,2026-07-14T17:00:00Z,777788889999
AWS,EC2,api-gateway,4.6235,prod,platform,2026-07-14T18:00:00Z,777788889999
AWS,EC2,api-gateway,3.7934,prod,platform,2026-07-14T19:00:00Z,777788889999
AWS,EC2,api-gateway,4.0381,prod,platform,2026-07-14T20:00:00Z,777788889999
AWS,EC2,api-gateway,4.1766,prod,platform,2026-07-14T21:00:00Z,777788889999
AWS,EC2,api-gateway,4.2391,prod,platform,2026-07-14T22:00:00Z,777788889999
AWS,EC2,api-gateway,4.0717,prod,platform,2026-07-14T23:00:00Z,777788889999
AWS,EC2,api-gateway,4.3367,prod,platform,2026-07-15T00:00:00Z,777788889999
AWS,EC2,api-gateway,4.2398,prod,platform,2026-07-15T01:00:00Z,777788889999
AWS,EC2,api-gateway,3.7206,prod,platform,2026-07-15T02:00:00Z,777788889999
AWS,EC2,api-gateway,4.3075,prod,platform,2026-07-15T03:00:00Z,777788889999
AWS,EC2,api-gateway,4.0260,prod,platform,2026-07-15T04:00:00Z,777788889999
AWS,EC2,api-gateway,4.2099,prod,platform,2026-07-15T05:00:00Z,777788889999
AWS,EC2,api-gateway,3.7985,prod,platform,2026-07-15T06:00:00Z,777788889999
AWS,EC2,api-gateway,4.1549,prod,platform,2026-07-15T07:00:00Z,777788889999
AWS,EC2,api-gateway,4.9565,prod,platform,2026-07-15T08:00:00Z,777788889999
AWS,EC2,api-gateway,4.9983,prod,platform,2026-07-15T09:00:00Z,777788889999
AWS,EC2,api-gateway,5.8555,prod,platform,2026-07-15T10:00:00Z,777788889999
AWS,EC2,api-gateway,6.3927,prod,platform,2026-07-15T11:00:00Z,777788889999
AWS,EC2,api-gateway,6.2533,prod,platform,2026-07-15T12:00:00Z,777788889999
AWS,EC2,api-gateway,6.0098,prod,platform,2026-07-15T13:00:00Z,777788889999
AWS,EC2,api-gateway,5.9946,prod,platform,2026-07-15T14:00:00Z,777788889999
AWS,EC2,api-gateway,5.4575,prod,platform,2026-07-15T15:00:00Z,777788889999
AWS,EC2,api-gateway,4.9938,prod,platform,2026-07-15T16:00:00Z,777788889999
AWS,EC2,api-gateway,4.8641,prod,platform,2026-07-15T17:00:00Z,777788889999
AWS,EC2,api-gateway,4.3622,prod,platform,2026-07-15T18:00:00Z,777788889999
AWS,EC2,api-gateway,3.8201,prod,platform,2026-07-15T19:00:00Z,777788889999
AWS,EC2,api-gateway,3.7651,prod,platform,2026-07-15T20:00:00Z,777788889999
AWS,EC2,api-gateway,4.0864,prod,platform,2026-07-15T21:00:00Z,777788889999
AWS,EC2,api-gateway,3.6927,prod,platform,2026-07-15T22:00:00Z,777788889999
AWS,EC2,api-gateway,3.8279,prod,platform,2026-07-15T23:00:00Z,777788889999
AWS,EC2,api-gateway,3.9244,prod,platform,2026-07-16T00:00:00Z,777788889999
AWS,EC2,api-gateway,4.2065,prod,platform,2026-07-16T01:00:00Z,777788889999
AWS,EC2,api-gateway,4.0790,prod,platform,2026-07-16T02:00:00Z,777788889999
AWS,EC2,api-gateway,4.1117,prod,platform,2026-07-16T03:00:00Z,777788889999
AWS,EC2,api-gateway,4.0940,prod,platform,2026-07-16T04:00:00Z,777788889999
AWS,EC2,api-gateway,3.7427,prod,platform,2026-07-16T05:00:00Z,777788889999
AWS,EC2,api-gateway,3.7442,prod,platform,2026-07-16T06:00:00Z,777788889999
AWS,EC2,api-gateway,3.9926,prod,platform,2026-07-16T07:00:00Z,777788889999
AWS,EC2,api-gateway,4.5800,prod,platform,2026-07-16T08:00:00Z,777788889999
AWS,EC2,api-gateway,4.6844,prod,platform,2026-07-16T09:00:00Z,777788889999
AWS,EC2,api-gateway,5.6998,prod,platform,2026-07-16T10:00:00Z,777788889999
AWS,EC2,api-gateway,5.9135,prod,platform,2026-07-16T11:00:00Z,777788889999
AWS,EC2,api-gateway,6.1528,prod,platform,2026-07-16T12:00:00Z,777788889999
AWS,EC2,api-gateway,6.1513,prod,platform,2026-07-16T13:00:00Z,777788889999
AWS,EC2,api-gateway,6.1742,prod,platform,2026-07-16T14:00:00Z,777788889999
AWS,EC2,api-gateway,5.7980,prod,platform,2026-07-16T15:00:00Z,777788889999
AWS,EC2,api-gateway,5.9471,prod,platform,2026-07-16T16:00:00Z,777788889999
AWS,EC2,api-gateway,4.5906,prod,platform,2026-07-16T17:00:00Z,777788889999
AWS,EC2,api-gateway,4.2792,prod,platform,2026-07-16T18:00:00Z,777788889999
AWS,EC2,api-gateway,3.5679,prod,platform,2026-07-16T19:00:00Z,777788889999
AWS,EC2,api-gateway,3.9245,prod,platform,2026-07-16T20:00:00Z,777788889999
AWS,EC2,api-gateway,3.5672,prod,platform,2026-07-16T21:00:00Z,777788889999
AWS,EC2,api-gateway,3.9888,prod,platform,2026-07-16T22:00:00Z,777788889999
AWS,EC2,api-gateway,3.7249,prod,platform,2026-07-16T23:00:00Z,777788889999
AWS,EC2,api-gateway,3.9041,prod,platform,2026-07-17T00:00:00Z,777788889999
AWS,EC2,api-gateway,3.9173,prod,platform,2026-07-17T01:00:00Z,777788889999
AWS,EC2,api-gateway,4.1589,prod,platform,2026-07-17T02:00:00Z,777788889999
AWS,EC2,api-gateway,3.5776,prod,platform,2026-07-17T03:00:00Z,777788889999
AWS,EC2,api-gateway,4.0480,prod,platform,2026-07-17T04:00:00Z,777788889999
AWS,EC2,api-gateway,3.5773,prod,platform,2026-07-17T05:00:00Z,777788889999
AWS,EC2,api-gateway,3.7170,prod,platform,2026-07-17T06:00:00Z,777788889999
AWS,EC2,api-gateway,3.7837,prod,platform,2026-07-17T07:00:00Z,777788889999
AWS,EC2,api-gateway,4.6825,prod,platform,2026-07-17T08:00:00Z,777788889999
AWS,EC2,api-gateway,4.8066,prod,platform,2026-07-17T09:00:00Z,777788889999
AWS,EC2,api-gateway,5.0681,prod,platform,2026-07-17T10:00:00Z,777788889999
AWS,EC2,api-gateway,5.3461,prod,platform,2026-07-17T11:00:00Z,777788889999
AWS,EC2,api-gateway,5.5887,prod,platform,2026-07-17T12:00:00Z,777788889999
AWS,EC2,api-gateway,6.3113,prod,platform,2026-07-17T13:00:00Z,777788889999
AWS,EC2,api-gateway,6.2652,prod,platform,2026-07-17T14:00:00Z,777788889999
AWS,EC2,api-gateway,5.4058,prod,platform,2026-07-17T15:00:00Z,777788889999
AWS,EC2,api-gateway,5.1522,prod,platform,2026-07-17T16:00:00Z,777788889999
AWS,EC2,api-gateway,4.8710,prod,platform,2026-07-17T17:00:00Z,777788889999
AWS,EC2,api-gateway,4.8056,prod,platform,2026-07-17T18:00:00Z,777788889999
AWS,EC2,api-gateway,3.8941,prod,platform,2026-07-17T19:00:00Z,777788889999
AWS,EC2,api-gateway,4.0425,prod,platform,2026-07-17T20:00:00Z,777788889999
AWS,EC2,api-gateway,3.8677,prod,platform,2026-07-17T21:00:00Z,777788889999
AWS,EC2,api-gateway,4.0977,prod,platform,2026-07-17T22:00:00Z,777788889999
AWS,EC2,api-gateway,3.9583,prod,platform,2026-07-17T23:00:00Z,777788889999
AWS,EC2,api-gateway,2.9145,prod,platform,2026-07-18T00:00:00Z,777788889999
AWS,EC2,api-gateway,2.7016,prod,platform,2026-07-18T01:00:00Z,777788889999
AWS,EC2,api-gateway,2.8832,prod,platform,2026-07-18T02:00:00Z,777788889999
AWS,EC2,api-gateway,2.8864,prod,platform,2026-07-18T03:00:00Z,777788889999
AWS,EC2,api-gateway,2.6803,prod,platform,2026-07-18T04:00:00Z,777788889999
AWS,EC2,api-gateway,2.8137,prod,platform,2026-07-18T05:00:00Z,777788889999
AWS,EC2,api-gateway,2.5354,prod,platform,2026-07-18T06:00:00Z,777788889999
AWS,EC2,api-gateway,2.7664,prod,platform,2026-07-18T07:00:00Z,777788889999
AWS,EC2,api-gateway,2.8401,prod,platform,2026-07-18T08:00:00Z,777788889999
AWS,EC2,api-gateway,3.3808,prod,platform,2026-07-18T09:00:00Z,777788889999
AWS,EC2,api-gateway,3.9236,prod,platform,2026-07-18T10:00:00Z,777788889999
AWS,EC2,api-gateway,4.0218,prod,platform,2026-07-18T11:00:00Z,777788889999
AWS,EC2,api-gateway,4.0375,prod,platform,2026-07-18T12:00:00Z,777788889999
AWS,EC2,api-gateway,4.6123,prod,platform,2026-07-18T13:00:00Z,777788889999
AWS,EC2,api-gateway,4.0834,prod,platform,2026-07-18T14:00:00Z,777788889999
AWS,EC2,api-gateway,4.1901,prod,platform,2026-07-18T15:00:00Z,777788889999
AWS,EC2,api-gateway,3.4680,prod,platform,2026-07-18T16:00:00Z,777788889999
AWS,EC2,api-gateway,3.6857,prod,platform,2026-07-18T17:00:00Z,777788889999
AWS,EC2,api-gateway,2.8239,prod,platform,2026-07-18T18:00:00Z,777788889999
AWS,EC2,api-gateway,2.7924,prod,platform,2026-07-18T19:00:00Z,777788889999
AWS,EC2,api-gateway,2.4743,prod,platform,2026-07-18T20:00:00Z,777788889999
AWS,EC2,api-gateway,2.5917,prod,platform,2026-07-18T21:00:00Z,777788889999
AWS,EC2,api-gateway,2.8512,prod,platform,2026-07-18T22:00:00Z,777788889999
AWS,EC2,api-gateway,2.8985,prod,platform,2026-07-18T23:00:00Z,777788889999
AWS,EC2,api-gateway,2.9474,prod,platform,2026-07-19T00:00:00Z,777788889999
AWS,EC2,api-gateway,2.9425,prod,platform,2026-07-19T01:00:00Z,777788889999
AWS,EC2,api-gateway,2.8779,prod,platform,2026-07-19T02:00:00Z,777788889999
AWS,EC2,api-gateway,2.6188,prod,platform,2026-07-19T03:00:00Z,777788889999
AWS,EC2,api-gateway,2.9031,prod,platform,2026-07-19T04:00:00Z,777788889999
AWS,EC2,api-gateway,2.9785,prod,platform,2026-07-19T05:00:00Z,777788889999
AWS,EC2,api-gateway,2.6912,prod,platform,2026-07-19T06:00:00Z,777788889999
AWS,EC2,api-gateway,2.6220,prod,platform,2026-07-19T07:00:00Z,777788889999
AWS,EC2,api-gateway,3.0516,prod,platform,2026-07-19T08:00:00Z,777788889999
AWS,EC2,api-gateway,3.3722,prod,platform,2026-07-19T09:00:00Z,777788889999
AWS,EC2,api-gateway,3.8457,prod,platform,2026-07-19T10:00:00Z,777788889999
AWS,EC2,api-gateway,3.7356,prod,platform,2026-07-19T11:00:00Z,777788889999
AWS,EC2,api-gateway,4.0905,prod,platform,2026-07-19T12:00:00Z,777788889999
AWS,EC2,api-gateway,4.0466,prod,platform,2026-07-19T13:00:00Z,777788889999
AWS,EC2,api-gateway,3.9965,prod,platform,2026-07-19T14:00:00Z,777788889999
AWS,EC2,api-gateway,4.1114,prod,platform,2026-07-19T15:00:00Z,777788889999
AWS,EC2,api-gateway,3.5163,prod,platform,2026-07-19T16:00:00Z,777788889999
AWS,EC2,api-gateway,3.7992,prod,platform,2026-07-19T17:00:00Z,777788889999
AWS,EC2,api-gateway,3.0645,prod,platform,2026-07-19T18:00:00Z,777788889999
AWS,EC2,api-gateway,2.7264,prod,platform,2026-07-19T19:00:00Z,777788889999
AWS,EC2,api-gateway,2.6449,prod,platform,2026-07-19T20:00:00Z,777788889999
AWS,EC2,api-gateway,2.7672,prod,platform,2026-07-19T21:00:00Z,777788889999
AWS,EC2,api-gateway,2.8041,prod,platform,2026-07-19T22:00:00Z,777788889999
AWS,EC2,api-gateway,2.8961,prod,platform,2026-07-19T23:00:00Z,777788889999
AWS,EC2,api-gateway,3.9750,prod,platform,2026-07-20T00:00:00Z,777788889999
AWS,EC2,api-gateway,4.2208,prod,platform,2026-07-20T01:00:00Z,777788889999
AWS,EC2,api-gateway,3.8833,prod,platform,2026-07-20T02:00:00Z,777788889999
AWS,EC2,api-gateway,3.5499,prod,platform,2026-07-20T03:00:00Z,777788889999
AWS,EC2,api-gateway,4.2218,prod,platform,2026-07-20T04:00:00Z,777788889999
AWS,EC2,api-gateway,4.2584,prod,platform,2026-07-20T05:00:00Z,777788889999
AWS,EC2,api-gateway,3.9372,prod,platform,2026-07-20T06:00:00Z,777788889999
AWS,EC2,api-gateway,4.1646,prod,platform,2026-07-20T07:00:00Z,777788889999
AWS,EC2,api-gateway,4.7237,prod,platform,2026-07-20T08:00:00Z,777788889999
AWS,EC2,api-gateway,4.9068,prod,platform,2026-07-20T09:00:00Z,777788889999
AWS,EC2,api-gateway,5.8730,prod,platform,2026-07-20T10:00:00Z,777788889999
AWS,EC2,api-gateway,5.3089,prod,platform,2026-07-20T11:00:00Z,777788889999
AWS,EC2,api-gateway,5.4148,prod,platform,2026-07-20T12:00:00Z,777788889999
AWS,EC2,api-gateway,6.6548,prod,platform,2026-07-20T13:00:00Z,777788889999
AWS,EC2,api-gateway,5.5548,prod,platform,2026-07-20T14:00:00Z,777788889999
AWS,EC2,api-gateway,5.6424,prod,platform,2026-07-20T15:00:00Z,777788889999
AWS,EC2,api-gateway,4.9977,prod,platform,2026-07-20T16:00:00Z,777788889999
AWS,EC2,api-gateway,5.3023,prod,platform,2026-07-20T17:00:00Z,777788889999
AWS,EC2,api-gateway,4.3395,prod,platform,2026-07-20T18:00:00Z,777788889999
AWS,EC2,api-gateway,3.9740,prod,platform,2026-07-20T19:00:00Z,777788889999
AWS,EC2,api-gateway,4.0389,prod,platform,2026-07-20T20:00:00Z,777788889999
AWS,EC2,api-gateway,4.2303,prod,platform,2026-07-20T21:00:00Z,777788889999
AWS,EC2,api-gateway,3.9510,prod,platform,2026-07-20T22:00:00Z,777788889999
AWS,EC2,api-gateway,3.9818,prod,platform,2026-07-20T23:00:00Z,777788889999
AWS,EC2,api-gateway,3.5279,prod,platform,2026-07-21T00:00:00Z,777788889999
AWS,EC2,api-gateway,4.1275,prod,platform,2026-07-21T01:00:00Z,777788889999
AWS,EC2,api-gateway,3.9622,prod,platform,2026-07-21T02:00:00Z,777788889999
AWS,EC2,api-gateway,4.0998,prod,platform,2026-07-21T03:00:00Z,777788889999
AWS,EC2,api-gateway,4.1202,prod,platform,2026-07-21T04:00:00Z,777788889999
AWS,EC2,api-gateway,4.1153,prod,platform,2026-07-21T05:00:00Z,777788889999
AWS,EC2,api-gateway,4.0204,prod,platform,2026-07-21T06:00:00Z,777788889999
AWS,EC2,api-gateway,4.0005,prod,platform,2026-07-21T07:00:00Z,777788889999
AWS,EC2,api-gateway,4.7276,prod,platform,2026-07-21T08:00:00Z,777788889999
AWS,EC2,api-gateway,4.5038,prod,platform,2026-07-21T09:00:00Z,777788889999
AWS,EC2,api-gateway,4.9859,prod,platform,2026-07-21T10:00:00Z,777788889999
AWS,EC2,api-gateway,5.4581,prod,platform,2026-07-21T11:00:00Z,777788889999
AWS,EC2,api-gateway,6.0321,prod,platform,2026-07-21T12:00:00Z,777788889999
AWS,EC2,api-gateway,5.8196,prod,platform,2026-07-21T13:00:00Z,777788889999
AWS,EC2,api-gateway,6.4682,prod,platform,2026-07-21T14:00:00Z,777788889999
AWS,EC2,api-gateway,5.9075,prod,platform,2026-07-21T15:00:00Z,777788889999
AWS,EC2,api-gateway,4.9751,prod,platform,2026-07-21T16:00:00Z,777788889999
AWS,EC2,api-gateway,5.3557,prod,platform,2026-07-21T17:00:00Z,777788889999
AWS,EC2,api-gateway,4.4130,prod,platform,2026-07-21T18:00:00Z,777788889999
AWS,EC2,api-gateway,3.7607,prod,platform,2026-07-21T19:00:00Z,777788889999
AWS,EC2,api-gateway,3.6233,prod,platform,2026-07-21T20:00:00Z,777788889999
AWS,EC2,api-gateway,4.1462,prod,platform,2026-07-21T21:00:00Z,777788889999
AWS,EC2,api-gateway,4.1887,prod,platform,2026-07-21T22:00:00Z,777788889999
AWS,EC2,api-gateway,3.5775,prod,platform,2026-07-21T23:00:00Z,777788889999
AWS,EC2,api-gateway,4.1695,prod,platform,2026-07-22T00:00:00Z,777788889999
AWS,EC2,api-gateway,3.8029,prod,platform,2026-07-22T01:00:00Z,777788889999
AWS,EC2,api-gateway,3.6140,prod,platform,2026-07-22T02:00:00Z,777788889999
AWS,EC2,api-gateway,3.5399,prod,platform,2026-07-22T03:00:00Z,777788889999
AWS,EC2,api-gateway,4.0776,prod,platform,2026-07-22T04:00:00Z,777788889999
AWS,EC2,api-gateway,3.6536,prod,platform,2026-07-22T05:00:00Z,777788889999
AWS,EC2,api-gateway,3.6388,prod,platform,2026-07-22T06:00:00Z,777788889999
AWS,EC2,api-gateway,3.8392,prod,platform,2026-07-22T07:00:00Z,777788889999
AWS,EC2,api-gateway,4.8384,prod,platform,2026-07-22T08:00:00Z,777788889999
AWS,EC2,api-gateway,4.5460,prod,platform,2026-07-22T09:00:00Z,777788889999
AWS,EC2,api-gateway,5.3773,prod,platform,2026-07-22T10:00:00Z,777788889999
AWS,EC2,api-gateway,5.9611,prod,platform,2026-07-22T11:00:00Z,777788889999
AWS,EC2,api-gateway,6.1939,prod,platform,2026-07-22T12:00:00Z,777788889999
AWS,EC2,api-gateway,6.5661,prod,platform,2026-07-22T13:00:00Z,777788889999
AWS,EC2,api-gateway,6.0130,prod,platform,2026-07-22T14:00:00Z,777788889999
AWS,EC2,api-gateway,5.3322,prod,platform,2026-07-22T15:00:00Z,777788889999
AWS,EC2,api-gateway,5.5520,prod,platform,2026-07-22T16:00:00Z,777788889999
AWS,EC2,api-gateway,5.3777,prod,platform,2026-07-22T17:00:00Z,777788889999
AWS,EC2,api-gateway,4.5479,prod,platform,2026-07-22T18:00:00Z,777788889999
AWS,EC2,api-gateway,4.1653,prod,platform,2026-07-22T19:00:00Z,777788889999
AWS,EC2,api-gateway,3.5699,prod,platform,2026-07-22T20:00:00Z,777788889999
AWS,EC2,api-gateway,3.8733,prod,platform,2026-07-22T21:00:00Z,777788889999
AWS,EC2,api-gateway,4.1359,prod,platform,2026-07-22T22:00:00Z,777788889999
AWS,EC2,api-gateway,3.6650,prod,platform,2026-07-22T23:00:00Z,777788889999
AWS,EC2,api-gateway,3.9701,prod,platform,2026-07-23T00:00:00Z,777788889999
AWS,EC2,api-gateway,3.6938,prod,platform,2026-07-23T01:00:00Z,777788889999
AWS,EC2,api-gateway,3.9292,prod,platform,2026-07-23T02:00:00Z,777788889999
AWS,EC2,api-gateway,4.1015,prod,platform,2026-07-23T03:00:00Z,777788889999
AWS,EC2,api-gateway,3.8953,prod,platform,2026-07-23T04:00:00Z,777788889999
AWS,EC2,api-gateway,4.2110,prod,platform,2026-07-23T05:00:00Z,777788889999
AWS,EC2,api-gateway,3.7146,prod,platform,2026-07-23T06:00:00Z,777788889999
AWS,EC2,api-gateway,3.9213,prod,platform,2026-07-23T07:00:00Z,777788889999
AWS,EC2,api-gateway,4.1696,prod,platform,2026-07-23T08:00:00Z,777788889999
AWS,EC2,api-gateway,4.6363,prod,platform,2026-07-23T09:00:00Z,777788889999
AWS,EC2,api-gateway,5.7539,prod,platform,2026-07-23T10:00:00Z,777788889999
AWS,EC2,api-gateway,5.8750,prod,platform,2026-07-23T11:00:00Z,777788889999
AWS,EC2,api-gateway,5.4134,prod,platform,2026-07-23T12:00:00Z,777788889999
AWS,EC2,api-gateway,6.4385,prod,platform,2026-07-23T13:00:00Z,777788889999
AWS,EC2,api-gateway,6.2253,prod,platform,2026-07-23T14:00:00Z,777788889999
AWS,EC2,api-gateway,6.1677,prod,platform,2026-07-23T15:00:00Z,777788889999
AWS,EC2,api-gateway,5.7251,prod,platform,2026-07-23T16:00:00Z,777788889999
AWS,EC2,api-gateway,5.1819,prod,platform,2026-07-23T17:00:00Z,777788889999
AWS,EC2,api-gateway,4.6313,prod,platform,2026-07-23T18:00:00Z,777788889999
AWS,EC2,api-gateway,3.6804,prod,platform,2026-07-23T19:00:00Z,777788889999
AWS,EC2,api-gateway,3.9161,prod,platform,2026-07-23T20:00:00Z,777788889999
AWS,EC2,api-gateway,3.8235,prod,platform,2026-07-23T21:00:00Z,777788889999
AWS,EC2,api-gateway,4.0326,prod,platform,2026-07-23T22:00:00Z,777788889999
AWS,EC2,api-gateway,4.0669,prod,platform,2026-07-23T23:00:00Z,777788889999
AWS,EC2,api-gateway,3.7434,prod,platform,2026-07-24T00:00:00Z,777788889999
AWS,EC2,api-gateway,4.1480,prod,platform,2026-07-24T01:00:00Z,777788889999
AWS,EC2,api-gateway,3.6428,prod,platform,2026-07-24T02:00:00Z,777788889999
AWS,EC2,api-gateway,3.9558,prod,platform,2026-07-24T03:00:00Z,777788889999
AWS,EC2,api-gateway,3.7677,prod,platform,2026-07-24T04:00:00Z,777788889999
AWS,EC2,api-gateway,3.7175,prod,platform,2026-07-24T05:00:00Z,777788889999
AWS,EC2,api-gateway,3.5798,prod,platform,2026-07-24T06:00:00Z,777788889999
AWS,EC2,api-gateway,3.7812,prod,platform,2026-07-24T07:00:00Z,777788889999
AWS,EC2,api-gateway,4.5354,prod,platform,2026-07-24T08:00:00Z,777788889999
AWS,EC2,api-gateway,4.7425,prod,platform,2026-07-24T09:00:00Z,777788889999
AWS,EC2,api-gateway,5.6261,prod,platform,2026-07-24T10:00:00Z,777788889999
AWS,EC2,api-gateway,6.1201,prod,platform,2026-07-24T11:00:00Z,777788889999
AWS,EC2,api-gateway,5.3375,prod,platform,2026-07-24T12:00:00Z,777788889999
AWS,EC2,api-gateway,6.0605,prod,platform,2026-07-24T13:00:00Z,777788889999
AWS,EC2,api-gateway,6.4213,prod,platform,2026-07-24T14:00:00Z,777788889999
AWS,EC2,api-gateway,5.5629,prod,platform,2026-07-24T15:00:00Z,777788889999
AWS,EC2,api-gateway,5.4710,prod,platform,2026-07-24T16:00:00Z,777788889999
AWS,EC2,api-gateway,4.4236,prod,platform,2026-07-24T17:00:00Z,777788889999
AWS,EC2,api-gateway,4.1235,prod,platform,2026-07-24T18:00:00Z,777788889999
AWS,EC2,api-gateway,3.4345,prod,platform,2026-07-24T19:00:00Z,777788889999
AWS,EC2,api-gateway,3.7170,prod,platform,2026-07-24T20:00:00Z,777788889999
AWS,EC2,api-gateway,3.6731,prod,platform,2026-07-24T21:00:00Z,777788889999
AWS,EC2,api-gateway,3.7207,prod,platform,2026-07-24T22:00:00Z,777788889999
AWS,EC2,api-gateway,3.8808,prod,platform,2026-07-24T23:00:00Z,777788889999
AWS,EC2,api-gateway,2.4712,prod,platform,2026-07-25T00:00:00Z,777788889999
AWS,EC2,api-gateway,2.8386,prod,platform,2026-07-25T01:00:00Z,777788889999
AWS,EC2,api-gateway,2.6397,prod,platform,2026-07-25T02:00:00Z,777788889999
AWS,EC2,api-gateway,2.6512,prod,platform,2026-07-25T03:00:00Z,777788889999
AWS,EC2,api-gateway,2.8095,prod,platform,2026-07-25T04:00:00Z,777788889999
AWS,EC2,api-gateway,2.5575,prod,platform,2026-07-25T05:00:00Z,777788889999
AWS,EC2,api-gateway,2.4346,prod,platform,2026-07-25T06:00:00Z,777788889999
AWS,EC2,api-gateway,2.5378,prod,platform,2026-07-25T07:00:00Z,777788889999
AWS,EC2,api-gateway,2.9168,prod,platform,2026-07-25T08:00:00Z,777788889999
AWS,EC2,api-gateway,3.4573,prod,platform,2026-07-25T09:00:00Z,777788889999
AWS,EC2,api-gateway,3.5567,prod,platform,2026-07-25T10:00:00Z,777788889999
AWS,EC2,api-gateway,4.1134,prod,platform,2026-07-25T11:00:00Z,777788889999
AWS,EC2,api-gateway,4.4999,prod,platform,2026-07-25T12:00:00Z,777788889999
AWS,EC2,api-gateway,4.2059,prod,platform,2026-07-25T13:00:00Z,777788889999
AWS,EC2,api-gateway,3.8229,prod,platform,2026-07-25T14:00:00Z,777788889999
AWS,EC2,api-gateway,3.8217,prod,platform,2026-07-25T15:00:00Z,777788889999
AWS,EC2,api-gateway,3.3503,prod,platform,2026-07-25T16:00:00Z,777788889999
AWS,EC2,api-gateway,3.5884,prod,platform,2026-07-25T17:00:00Z,777788889999
AWS,EC2,api-gateway,3.2037,prod,platform,2026-07-25T18:00:00Z,777788889999
AWS,EC2,api-gateway,2.4283,prod,platform,2026-07-25T19:00:00Z,777788889999
AWS,EC2,api-gateway,2.5563,prod,platform,2026-07-25T20:00:00Z,777788889999
AWS,EC2,api-gateway,2.7510,prod,platform,2026-07-25T21:00:00Z,777788889999
AWS,EC2,api-gateway,2.8403,prod,platform,2026-07-25T22:00:00Z,777788889999
AWS,EC2,api-gateway,2.4691,prod,platform,2026-07-25T23:00:00Z,777788889999
AWS,EC2,api-gateway,2.5464,prod,platform,2026-07-26T00:00:00Z,777788889999
AWS,EC2,api-gateway,2.9100,prod,platform,2026-07-26T01:00:00Z,777788889999
AWS,EC2,api-gateway,2.4880,prod,platform,2026-07-26T02:00:00Z,777788889999
AWS,EC2,api-gateway,2.7781,prod,platform,2026-07-26T03:00:00Z,777788889999
AWS,EC2,api-gateway,2.5497,prod,platform,2026-07-26T04:00:00Z,777788889999
AWS,EC2,api-gateway,2.8764,prod,platform,2026-07-26T05:00:00Z,777788889999
AWS,EC2,api-gateway,2.6776,prod,platform,2026-07-26T06:00:00Z,777788889999
AWS,EC2,api-gateway,2.7702,prod,platform,2026-07-26T07:00:00Z,777788889999
AWS,EC2,api-gateway,2.8526,prod,platform,2026-07-26T08:00:00Z,777788889999
AWS,EC2,api-gateway,3.2092,prod,platform,2026-07-26T09:00:00Z,777788889999
AWS,EC2,api-gateway,4.0026,prod,platform,2026-07-26T10:00:00Z,777788889999
AWS,EC2,api-gateway,4.0827,prod,platform,2026-07-26T11:00:00Z,777788889999
AWS,EC2,api-gateway,3.9761,prod,platform,2026-07-26T12:00:00Z,777788889999
AWS,EC2,api-gateway,3.8533,prod,platform,2026-07-26T13:00:00Z,777788889999
AWS,EC2,api-gateway,4.2731,prod,platform,2026-07-26T14:00:00Z,777788889999
AWS,EC2,api-gateway,3.9146,prod,platform,2026-07-26T15:00:00Z,777788889999
AWS,EC2,api-gateway,0.9767,staging,platform,2026-07-13T07:00:00Z,777788889999
AWS,EC2,api-gateway,1.0067,staging,platform,2026-07-13T08:00:00Z,777788889999
AWS,EC2,api-gateway,1.1368,staging,platform,2026-07-13T09:00:00Z,777788889999
AWS,EC2,api-gateway,1.3938,staging,platform,2026-07-13T10:00:00Z,777788889999
AWS,EC2,api-gateway,1.3331,staging,platform,2026-07-13T11:00:00Z,777788889999
AWS,EC2,api-gateway,1.3914,staging,platform,2026-07-13T12:00:00Z,777788889999
AWS,EC2,api-gateway,1.3776,staging,platform,2026-07-13T13:00:00Z,777788889999
AWS,EC2,api-gateway,1.5523,staging,platform,2026-07-13T14:00:00Z,777788889999
AWS,EC2,api-gateway,1.3410,staging,platform,2026-07-13T15:00:00Z,777788889999
AWS,EC2,api-gateway,1.4012,staging,platform,2026-07-13T16:00:00Z,777788889999
AWS,EC2,api-gateway,1.3157,staging,platform,2026-07-13T17:00:00Z,777788889999
AWS,EC2,api-gateway,1.1018,staging,platform,2026-07-13T18:00:00Z,777788889999
AWS,EC2,api-gateway,0.9961,staging,platform,2026-07-14T07:00:00Z,777788889999
AWS,EC2,api-gateway,1.0431,staging,platform,2026-07-14T08:00:00Z,777788889999
AWS,EC2,api-gateway,1.1613,staging,platform,2026-07-14T09:00:00Z,777788889999
AWS,EC2,api-gateway,1.2219,staging,platform,2026-07-14T10:00:00Z,777788889999
AWS,EC2,api-gateway,1.3348,staging,platform,2026-07-14T11:00:00Z,777788889999
AWS,EC2,api-gateway,1.6108,staging,platform,2026-07-14T12:00:00Z,777788889999
AWS,EC2,api-gateway,1.5004,staging,platform,2026-07-14T13:00:00Z,777788889999
AWS,EC2,api-gateway,1.5863,staging,platform,2026-07-14T14:00:00Z,777788889999
AWS,EC2,api-gateway,1.2962,staging,platform,2026-07-14T15:00:00Z,777788889999
AWS,EC2,api-gateway,1.4182,staging,platform,2026-07-14T16:00:00Z,777788889999
AWS,EC2,api-gateway,1.1821,staging,platform,2026-07-14T17:00:00Z,777788889999
AWS,EC2,api-gateway,1.1537,staging,platform,2026-07-14T18:00:00Z,777788889999
AWS,EC2,api-gateway,1.0092,staging,platform,2026-07-15T07:00:00Z,777788889999
AWS,EC2,api-gateway,0.9981,staging,platform,2026-07-15T08:00:00Z,777788889999
AWS,EC2,api-gateway,1.1652,staging,platform,2026-07-15T09:00:00Z,777788889999
AWS,EC2,api-gateway,1.3843,staging,platform,2026-07-15T10:00:00Z,777788889999
AWS,EC2,api-gateway,1.4751,staging,platform,2026-07-15T11:00:00Z,777788889999
AWS,EC2,api-gateway,1.3675,staging,platform,2026-07-15T12:00:00Z,777788889999
AWS,EC2,api-gateway,1.5176,staging,platform,2026-07-15T13:00:00Z,777788889999
AWS,EC2,api-gateway,1.3645,staging,platform,2026-07-15T14:00:00Z,777788889999
AWS,EC2,api-gateway,1.3111,staging,platform,2026-07-15T15:00:00Z,777788889999
AWS,EC2,api-gateway,1.2239,staging,platform,2026-07-15T16:00:00Z,777788889999
AWS,EC2,api-gateway,1.1123,staging,platform,2026-07-15T17:00:00Z,777788889999
AWS,EC2,api-gateway,1.0526,staging,platform,2026-07-15T18:00:00Z,777788889999
AWS,EC2,api-gateway,0.9947,staging,platform,2026-07-16T07:00:00Z,777788889999
AWS,EC2,api-gateway,1.0674,staging,platform,2026-07-16T08:00:00Z,777788889999
AWS,EC2,api-gateway,1.1640,staging,platform,2026-07-16T09:00:00Z,777788889999
AWS,EC2,api-gateway,1.4082,staging,platform,2026-07-16T10:00:00Z,777788889999
AWS,EC2,api-gateway,1.3250,staging,platform,2026-07-16T11:00:00Z,777788889999
AWS,EC2,api-gateway,1.3761,staging,platform,2026-07-16T12:00:00Z,777788889999
AWS,EC2,api-gateway,1.4847,staging,platform,2026-07-16T13:00:00Z,777788889999
AWS,EC2,api-gateway,1.4257,staging,platform,2026-07-16T14:00:00Z,777788889999
AWS,EC2,api-gateway,1.4616,staging,platform,2026-07-16T15:00:00Z,777788889999
AWS,EC2,api-gateway,1.2732,staging,platform,2026-07-16T16:00:00Z,777788889999
AWS,EC2,api-gateway,1.2888,staging,platform,2026-07-16T17:00:00Z,777788889999
AWS,EC2,api-gateway,0.9846,staging,platform,2026-07-16T18:00:00Z,777788889999
AWS,EC2,api-gateway,0.9543,staging,platform,2026-07-17T07:00:00Z,777788889999
AWS,EC2,api-gateway,0.9896,staging,platform,2026-07-17T08:00:00Z,777788889999
AWS,EC2,api-gateway,1.1128,staging,platform,2026-07-17T09:00:00Z,777788889999
AWS,EC2,api-gateway,1.3732,staging,platform,2026-07-17T10:00:00Z,777788889999
AWS,EC2,api-gateway,1.2999,staging,platform,2026-07-17T11:00:00Z,777788889999
AWS,EC2,api-gateway,1.4254,staging,platform,2026-07-17T12:00:00Z,777788889999
AWS,EC2,api-gateway,1.4627,staging,platform,2026-07-17T13:00:00Z,777788889999
AWS,EC2,api-gateway,1.3648,staging,platform,2026-07-17T14:00:00Z,777788889999
AWS,EC2,api-gateway,1.3562,staging,platform,2026-07-17T15:00:00Z,777788889999
AWS,EC2,api-gateway,1.4091,staging,platform,2026-07-17T16:00:00Z,777788889999
AWS,EC2,api-gateway,1.3077,staging,platform,2026-07-17T17:00:00Z,777788889999
AWS,EC2,api-gateway,1.0288,staging,platform,2026-07-17T18:00:00Z,777788889999
AWS,EC2,api-gateway,1.0028,staging,platform,2026-07-20T07:00:00Z,777788889999
AWS,EC2,api-gateway,0.9714,staging,platform,2026-07-20T08:00:00Z,777788889999
AWS,EC2,api-gateway,1.2584,staging,platform,2026-07-20T09:00:00Z,777788889999
AWS,EC2,api-gateway,1.3140,staging,platform,2026-07-20T10:00:00Z,777788889999
AWS,EC2,api-gateway,1.4603,staging,platform,2026-07-20T11:00:00Z,777788889999
AWS,EC2,api-gateway,1.4460,staging,platform,2026-07-20T12:00:00Z,777788889999
AWS,EC2,api-gateway,1.4822,staging,platform,2026-07-20T13:00:00Z,777788889999
AWS,EC2,api-gateway,1.3433,staging,platform,2026-07-20T14:00:00Z,777788889999
AWS,EC2,api-gateway,1.3673,staging,platform,2026-07-20T15:00:00Z,777788889999
AWS,EC2,api-gateway,1.2848,staging,platform,2026-07-20T16:00:00Z,777788889999
AWS,EC2,api-gateway,1.2411,staging,platform,2026-07-20T17:00:00Z,777788889999
AWS,EC2,api-gateway,1.0075,staging,platform,2026-07-20T18:00:00Z,777788889999
AWS,EC2,api-gateway,0.8829,staging,platform,2026-07-21T07:00:00Z,777788889999
AWS,EC2,api-gateway,1.0696,staging,platform,2026-07-21T08:00:00Z,777788889999
AWS,EC2,api-gateway,1.1711,staging,platform,2026-07-21T09:00:00Z,777788889999
AWS,EC2,api-gateway,1.3812,staging,platform,2026-07-21T10:00:00Z,777788889999
AWS,EC2,api-gateway,1.2531,staging,platform,2026-07-21T11:00:00Z,777788889999
AWS,EC2,api-gateway,1.3586,staging,platform,2026-07-21T12:00:00Z,777788889999
AWS,EC2,api-gateway,1.4177,staging,platform,2026-07-21T13:00:00Z,777788889999
AWS,EC2,api-gateway,1.5763,staging,platform,2026-07-21T14:00:00Z,777788889999
AWS,EC2,api-gateway,1.2644,staging,platform,2026-07-21T15:00:00Z,777788889999
AWS,EC2,api-gateway,1.4102,staging,platform,2026-07-21T16:00:00Z,777788889999
AWS,EC2,api-gateway,1.0823,staging,platform,2026-07-21T17:00:00Z,777788889999
AWS,EC2,api-gateway,1.0532,staging,platform,2026-07-21T18:00:00Z,777788889999
AWS,EC2,api-gateway,0.9037,staging,platform,2026-07-22T07:00:00Z,777788889999
AWS,EC2,api-gateway,1.0371,staging,platform,2026-07-22T08:00:00Z,777788889999
AWS,EC2,api-gateway,1.1873,staging,platform,2026-07-22T09:00:00Z,777788889999
AWS,EC2,api-gateway,1.3927,staging,platform,2026-07-22T10:00:00Z,777788889999
AWS,EC2,api-gateway,1.4367,staging,platform,2026-07-22T11:00:00Z,777788889999
AWS,EC2,api-gateway,1.5115,staging,platform,2026-07-22T12:00:00Z,777788889999
AWS,EC2,api-gateway,1.3371,staging,platform,2026-07-22T13:00:00Z,777788889999
AWS,EC2,api-gateway,1.5533,staging,platform,2026-07-22T14:00:00Z,777788889999
AWS,EC2,api-gateway,1.2638,staging,platform,2026-07-22T15:00:00Z,777788889999
AWS,EC2,api-gateway,1.3536,staging,platform,2026-07-22T16:00:00Z,777788889999
AWS,EC2,api-gateway,1.0999,staging,platform,2026-07-22T17:00:00Z,777788889999
AWS,EC2,api-gateway,0.9976,staging,platform,2026-07-22T18:00:00Z,777788889999
AWS,EC2,api-gateway,0.9253,staging,platform,2026-07-23T07:00:00Z,777788889999
AWS,EC2,api-gateway,1.1254,staging,platform,2026-07-23T08:00:00Z,777788889999
AWS,EC2,api-gateway,1.1391,staging,platform,2026-07-23T09:00:00Z,777788889999
AWS,EC2,api-gateway,1.3168,staging,platform,2026-07-23T10:00:00Z,777788889999
AWS,EC2,api-gateway,1.4499,staging,platform,2026-07-23T11:00:00Z,777788889999
AWS,EC2,api-gateway,1.3896,staging,platform,2026-07-23T12:00:00Z,777788889999
AWS,EC2,api-gateway,1.3342,staging,platform,2026-07-23T13:00:00Z,777788889999
AWS,EC2,api-gateway,1.2814,staging,platform,2026-07-23T14:00:00Z,777788889999
AWS,EC2,api-gateway,1.4828,staging,platform,2026-07-23T15:00:00Z,777788889999
AWS,EC2,api-gateway,1.2426,staging,platform,2026-07-23T16:00:00Z,777788889999
AWS,EC2,api-gateway,1.1485,staging,platform,2026-07-23T17:00:00Z,777788889999
AWS,EC2,api-gateway,1.0638,staging,platform,2026-07-23T18:00:00Z,777788889999
AWS,EC2,api-gateway,0.9149,staging,platform,2026-07-24T07:00:00Z,777788889999
AWS,EC2,api-gateway,1.1487,staging,platform,2026-07-24T08:00:00Z,777788889999
AWS,EC2,api-gateway,1.1141,staging,platform,2026-07-24T09:00:00Z,777788889999
AWS,EC2,api-gateway,1.4102,staging,platform,2026-07-24T10:00:00Z,777788889999
AWS,EC2,api-gateway,1.3733,staging,platform,2026-07-24T11:00:00Z,777788889999
AWS,EC2,api-gateway,1.4267,staging,platform,2026-07-24T12:00:00Z,777788889999
AWS,EC2,api-gateway,1.5259,staging,platform,2026-07-24T13:00:00Z,777788889999
AWS,EC2,api-gateway,1.2769,staging,platform,2026-07-24T14:00:00Z,777788889999
AWS,EC2,api-gateway,1.2470,staging,platform,2026-07-24T15:00:00Z,777788889999
AWS,EC2,api-gateway,1.3711,staging,platform,2026-07-24T16:00:00Z,777788889999
AWS,EC2,api-gateway,1.1725,staging,platform,2026-07-24T17:00:00Z,777788889999
AWS,EC2,api-gateway,1.0891,staging,platform,2026-07-24T18:00:00Z,777788889999
Datadog,log_ingested,api-gateway,0.9275,prod,platform,2026-07-12T16:00:00Z,dd-org-main
Datadog,log_ingested,api-gateway,1.0086,prod,platform,2026-07-12T17:00:00Z,dd-org-main
Datadog,log_ingested,api-gateway,0.8760,prod,platform,2026-07-12T18:00:00Z,dd-org-main
Datadog,log_ingested,api-gateway,0.7265,prod,platform,2026-07-12T19:00:00Z,dd-org-main
Datadog,log_ingested,api-gateway,0.7539,prod,platform,2026-07-12T20:00:00Z,dd-org-main
Datadog,log_ingested,api-gateway,0.6582,prod,platform,2026-07-12T21:00:00Z,dd-org-main
Datadog,log_ingested,api-gateway,0.7195,prod,platform,2026-07-12T22:00:00Z,dd-org-main
Datadog,log_ingested,api-gateway,0.7005,prod,platform,2026-07-12T23:00:00Z,dd-org-main
Datadog,log_ingested,api-gateway,1.1141,prod,platform,2026-07-13T00:00:00Z,dd-org-main
Datadog,log_ingested,api-gateway,1.0928,prod,platform,2026-07-13T01:00:00Z,dd-org-main
Datadog,log_ingested,api-gateway,1.0019,prod,platform,2026-07-13T02:00:00Z,dd-org-main
Datadog,log_ingested,api-gateway,1.0360,prod,platform,2026-07-13T03:00:00Z,dd-org-main
Datadog,log_ingested,api-gateway,0.9533,prod,platform,2026-07-13T04:00:00Z,dd-org-main
Datadog,log_ingested,api-gateway,1.0458,prod,platform,2026-07-13T05:00:00Z,dd-org-main
Datadog,log_ingested,api-gateway,1.0530,prod,platform,2026-07-13T06:00:00Z,dd-org-main
Datadog,log_ingested,api-gateway,1.1330,prod,platform,2026-07-13T07:00:00Z,dd-org-main
Datadog,log_ingested,api-gateway,1.1430,prod,platform,2026-07-13T08:00:00Z,dd-org-main
Datadog,log_ingested,api-gateway,1.3333,prod,platform,2026-07-13T09:00:00Z,dd-org-main
Datadog,log_ingested,api-gateway,1.5475,prod,platform,2026-07-13T10:00:00Z,dd-org-main
Datadog,log_ingested,api-gateway,1.6015,prod,platform,2026-07-13T11:00:00Z,dd-org-main
Datadog,log_ingested,api-gateway,1.6630,prod,platform,2026-07-13T12:00:00Z,dd-org-main
Datadog,log_ingested,api-gateway,1.6545,prod,platform,2026-07-13T13:00:00Z,dd-org-main
Datadog,log_ingested,api-gateway,1.6473,prod,platform,2026-07-13T14:00:00Z,dd-org-main
Datadog,log_ingested,api-gateway,1.4345,prod,platform,2026-07-13T15:00:00Z,dd-org-main
Datadog,log_ingested,api-gateway,1.5831,prod,platform,2026-07-13T16:00:00Z,dd-org-main
Datadog,log_ingested,api-gateway,1.2619,prod,platform,2026-07-13T17:00:00Z,dd-org-main
Datadog,log_ingested,api-gateway,1.1028,prod,platform,2026-07-13T18:00:00Z,dd-org-main
Datadog,log_ingested,api-gateway,0.9579,prod,platform,2026-07-13T19:00:00Z,dd-org-main
Datadog,log_ingested,api-gateway,0.9550,prod,platform,2026-07-13T20:00:00Z,dd-org-main
Datadog,log_ingested,api-gateway,1.0800,prod,platform,2026-07-13T21:00:00Z,dd-org-main
Datadog,log_ingested,api-gateway,1.0593,prod,platform,2026-07-13T22:00:00Z,dd-org-main
Datadog,log_ingested,api-gateway,1.1000,prod,platform,2026-07-13T23:00:00Z,dd-org-main
Datadog,log_ingested,api-gateway,0.9899,prod,platform,2026-07-14T00:00:00Z,dd-org-main
Datadog,log_ingested,api-gateway,1.0835,prod,platform,2026-07-14T01:00:00Z,dd-org-main
Datadog,log_ingested,api-gateway,1.0325,prod,platform,2026-07-14T02:00:00Z,dd-org-main
Datadog,log_ingested,api-gateway,1.0215,prod,platform,2026-07-14T03:00:00Z,dd-org-main
Datadog,log_ingested,api-gateway,1.0799,prod,platform,2026-07-14T04:00:00Z,dd-org-main
Datadog,log_ingested,api-gateway,1.0964,prod,platform,2026-07-14T05:00:00Z,dd-org-main
Datadog,log_ingested,api-gateway,0.9999,prod,platform,2026-07-14T06:00:00Z,dd-org-main
Datadog,log_ingested,api-gateway,1.1084,prod,platform,2026-07-14T07:00:00Z,dd-org-main
Datadog,log_ingested,api-gateway,1.1491,prod,platform,2026-07-14T08:00:00Z,dd-org-main
Datadog,log_ingested,api-gateway,1.3790,prod,platform,2026-07-14T09:00:00Z,dd-org-main
Datadog,log_ingested,api-gateway,1.5038,prod,platform,2026-07-14T10:00:00Z,dd-org-main
Datadog,log_ingested,api-gateway,1.4312,prod,platform,2026-07-14T11:00:00Z,dd-org-main
Datadog,log_ingested,api-gateway,1.6470,prod,platform,2026-07-14T12:00:00Z,dd-org-main
Datadog,log_ingested,api-gateway,1.6061,prod,platform,2026-07-14T13:00:00Z,dd-org-main
Datadog,log_ingested,api-gateway,1.4682,prod,platform,2026-07-14T14:00:00Z,dd-org-main
Datadog,log_ingested,api-gateway,1.4212,prod,platform,2026-07-14T15:00:00Z,dd-org-main
Datadog,log_ingested,api-gateway,1.3643,prod,platform,2026-07-14T16:00:00Z,dd-org-main
Datadog,log_ingested,api-gateway,1.4511,prod,platform,2026-07-14T17:00:00Z,dd-org-main
Datadog,log_ingested,api-gateway,1.2129,prod,platform,2026-07-14T18:00:00Z,dd-org-main
Datadog,log_ingested,api-gateway,1.0865,prod,platform,2026-07-14T19:00:00Z,dd-org-main
Datadog,log_ingested,api-gateway,1.1268,prod,platform,2026-07-14T20:00:00Z,dd-org-main
Datadog,log_ingested,api-gateway,1.0959,prod,platform,2026-07-14T21:00:00Z,dd-org-main
Datadog,log_ingested,api-gateway,1.1170,prod,platform,2026-07-14T22:00:00Z,dd-org-main
Datadog,log_ingested,api-gateway,0.9940,prod,platform,2026-07-14T23:00:00Z,dd-org-main
Datadog,log_ingested,api-gateway,0.9744,prod,platform,2026-07-15T00:00:00Z,dd-org-main
Datadog,log_ingested,api-gateway,0.9306,prod,platform,2026-07-15T01:00:00Z,dd-org-main
Datadog,log_ingested,api-gateway,1.1167,prod,platform,2026-07-15T02:00:00Z,dd-org-main
Datadog,log_ingested,api-gateway,0.9309,prod,platform,2026-07-15T03:00:00Z,dd-org-main
Datadog,log_ingested,api-gateway,0.9821,prod,platform,2026-07-15T04:00:00Z,dd-org-main
Datadog,log_ingested,api-gateway,1.0026,prod,platform,2026-07-15T05:00:00Z,dd-org-main
Datadog,log_ingested,api-gateway,1.1227,prod,platform,2026-07-15T06:00:00Z,dd-org-main
Datadog,log_ingested,api-gateway,1.0171,prod,platform,2026-07-15T07:00:00Z,dd-org-main
Datadog,log_ingested,api-gateway,1.1784,prod,platform,2026-07-15T08:00:00Z,dd-org-main
Datadog,log_ingested,api-gateway,1.2284,prod,platform,2026-07-15T09:00:00Z,dd-org-main
Datadog,log_ingested,api-gateway,1.3650,prod,platform,2026-07-15T10:00:00Z,dd-org-main
Datadog,log_ingested,api-gateway,1.4333,prod,platform,2026-07-15T11:00:00Z,dd-org-main
Datadog,log_ingested,api-gateway,1.5063,prod,platform,2026-07-15T12:00:00Z,dd-org-main
Datadog,log_ingested,api-gateway,1.6432,prod,platform,2026-07-15T13:00:00Z,dd-org-main
Datadog,log_ingested,api-gateway,1.6053,prod,platform,2026-07-15T14:00:00Z,dd-org-main
Datadog,log_ingested,api-gateway,1.4640,prod,platform,2026-07-15T15:00:00Z,dd-org-main
Datadog,log_ingested,api-gateway,1.3338,prod,platform,2026-07-15T16:00:00Z,dd-org-main
Datadog,log_ingested,api-gateway,1.3828,prod,platform,2026-07-15T17:00:00Z,dd-org-main
Datadog,log_ingested,api-gateway,1.0775,prod,platform,2026-07-15T18:00:00Z,dd-org-main
Datadog,log_ingested,api-gateway,1.0405,prod,platform,2026-07-15T19:00:00Z,dd-org-main
Datadog,log_ingested,api-gateway,0.9334,prod,platform,2026-07-15T20:00:00Z,dd-org-main
Datadog,log_ingested,api-gateway,1.1120,prod,platform,2026-07-15T21:00:00Z,dd-org-main
Datadog,log_ingested,api-gateway,1.1243,prod,platform,2026-07-15T22:00:00Z,dd-org-main
Datadog,log_ingested,api-gateway,0.9677,prod,platform,2026-07-15T23:00:00Z,dd-org-main
Datadog,log_ingested,api-gateway,0.9765,prod,platform,2026-07-16T00:00:00Z,dd-org-main
Datadog,log_ingested,api-gateway,1.0054,prod,platform,2026-07-16T01:00:00Z,dd-org-main
Datadog,log_ingested,api-gateway,1.1212,prod,platform,2026-07-16T02:00:00Z,dd-org-main
Datadog,log_ingested,api-gateway,1.0726,prod,platform,2026-07-16T03:00:00Z,dd-org-main
Datadog,log_ingested,api-gateway,1.0431,prod,platform,2026-07-16T04:00:00Z,dd-org-main
Datadog,log_ingested,api-gateway,1.0966,prod,platform,2026-07-16T05:00:00Z,dd-org-main
Datadog,log_ingested,api-gateway,1.0584,prod,platform,2026-07-16T06:00:00Z,dd-org-main
Datadog,log_ingested,api-gateway,0.9467,prod,platform,2026-07-16T07:00:00Z,dd-org-main
Datadog,log_ingested,api-gateway,1.1673,prod,platform,2026-07-16T08:00:00Z,dd-org-main
Datadog,log_ingested,api-gateway,1.2067,prod,platform,2026-07-16T09:00:00Z,dd-org-main
Datadog,log_ingested,api-gateway,1.4653,prod,platform,2026-07-16T10:00:00Z,dd-org-main
Datadog,log_ingested,api-gateway,1.3757,prod,platform,2026-07-16T11:00:00Z,dd-org-main
Datadog,log_ingested,api-gateway,1.6322,prod,platform,2026-07-16T12:00:00Z,dd-org-main
Datadog,log_ingested,api-gateway,1.7550,prod,platform,2026-07-16T13:00:00Z,dd-org-main
Datadog,log_ingested,api-gateway,1.4426,prod,platform,2026-07-16T14:00:00Z,dd-org-main
Datadog,log_ingested,api-gateway,1.5154,prod,platform,2026-07-16T15:00:00Z,dd-org-main
Datadog,log_ingested,api-gateway,1.5422,prod,platform,2026-07-16T16:00:00Z,dd-org-main
Datadog,log_ingested,api-gateway,1.4323,prod,platform,2026-07-16T17:00:00Z,dd-org-main
Datadog,log_ingested,api-gateway,1.2396,prod,platform,2026-07-16T18:00:00Z,dd-org-main
Datadog,log_ingested,api-gateway,1.0338,prod,platform,2026-07-16T19:00:00Z,dd-org-main
Datadog,log_ingested,api-gateway,1.0387,prod,platform,2026-07-16T20:00:00Z,dd-org-main
Datadog,log_ingested,api-gateway,1.0668,prod,platform,2026-07-16T21:00:00Z,dd-org-main
Datadog,log_ingested,api-gateway,0.9594,prod,platform,2026-07-16T22:00:00Z,dd-org-main
Datadog,log_ingested,api-gateway,1.0027,prod,platform,2026-07-16T23:00:00Z,dd-org-main
Datadog,log_ingested,api-gateway,0.9222,prod,platform,2026-07-17T00:00:00Z,dd-org-main
Datadog,log_ingested,api-gateway,1.0552,prod,platform,2026-07-17T01:00:00Z,dd-org-main
Datadog,log_ingested,api-gateway,0.9467,prod,platform,2026-07-17T02:00:00Z,dd-org-main
Datadog,log_ingested,api-gateway,1.0429,prod,platform,2026-07-17T03:00:00Z,dd-org-main
Datadog,log_ingested,api-gateway,0.9571,prod,platform,2026-07-17T04:00:00Z,dd-org-main
Datadog,log_ingested,api-gateway,1.1181,prod,platform,2026-07-17T05:00:00Z,dd-org-main
Datadog,log_ingested,api-gateway,1.1136,prod,platform,2026-07-17T06:00:00Z,dd-org-main
Datadog,log_ingested,api-gateway,1.0137,prod,platform,2026-07-17T07:00:00Z,dd-org-main
Datadog,log_ingested,api-gateway,1.1219,prod,platform,2026-07-17T08:00:00Z,dd-org-main
Datadog,log_ingested,api-gateway,1.2885,prod,platform,2026-07-17T09:00:00Z,dd-org-main
Datadog,log_ingested,api-gateway,1.3605,prod,platform,2026-07-17T10:00:00Z,dd-org-main
Datadog,log_ingested,api-gateway,1.4771,prod,platform,2026-07-17T11:00:00Z,dd-org-main
Datadog,log_ingested,api-gateway,1.5368,prod,platform,2026-07-17T12:00:00Z,dd-org-main
Datadog,log_ingested,api-gateway,1.6412,prod,platform,2026-07-17T13:00:00Z,dd-org-main
Datadog,log_ingested,api-gateway,1.6965,prod,platform,2026-07-17T14:00:00Z,dd-org-main
Datadog,log_ingested,api-gateway,1.4569,prod,platform,2026-07-17T15:00:00Z,dd-org-main
Datadog,log_ingested,api-gateway,1.4971,prod,platform,2026-07-17T16:00:00Z,dd-org-main
Datadog,log_ingested,api-gateway,1.2667,prod,platform,2026-07-17T17:00:00Z,dd-org-main
Datadog,log_ingested,api-gateway,1.2066,prod,platform,2026-07-17T18:00:00Z,dd-org-main
Datadog,log_ingested,api-gateway,1.0097,prod,platform,2026-07-17T19:00:00Z,dd-org-main
Datadog,log_ingested,api-gateway,1.0192,prod,platform,2026-07-17T20:00:00Z,dd-org-main
Datadog,log_ingested,api-gateway,1.1150,prod,platform,2026-07-17T21:00:00Z,dd-org-main
Datadog,log_ingested,api-gateway,0.9375,prod,platform,2026-07-17T22:00:00Z,dd-org-main
Datadog,log_ingested,api-gateway,1.0841,prod,platform,2026-07-17T23:00:00Z,dd-org-main
Datadog,log_ingested,api-gateway,0.6646,prod,platform,2026-07-18T00:00:00Z,dd-org-main
Datadog,log_ingested,api-gateway,0.6500,prod,platform,2026-07-18T01:00:00Z,dd-org-main
Datadog,log_ingested,api-gateway,0.6461,prod,platform,2026-07-18T02:00:00Z,dd-org-main
Datadog,log_ingested,api-gateway,0.6924,prod,platform,2026-07-18T03:00:00Z,dd-org-main
Datadog,log_ingested,api-gateway,0.7472,prod,platform,2026-07-18T04:00:00Z,dd-org-main
Datadog,log_ingested,api-gateway,0.7163,prod,platform,2026-07-18T05:00:00Z,dd-org-main
Datadog,log_ingested,api-gateway,0.6756,prod,platform,2026-07-18T06:00:00Z,dd-org-main
Datadog,log_ingested,api-gateway,0.6916,prod,platform,2026-07-18T07:00:00Z,dd-org-main
Datadog,log_ingested,api-gateway,0.7962,prod,platform,2026-07-18T08:00:00Z,dd-org-main
Datadog,log_ingested,api-gateway,0.8633,prod,platform,2026-07-18T09:00:00Z,dd-org-main
Datadog,log_ingested,api-gateway,1.0952,prod,platform,2026-07-18T10:00:00Z,dd-org-main
Datadog,log_ingested,api-gateway,1.0897,prod,platform,2026-07-18T11:00:00Z,dd-org-main
Datadog,log_ingested,api-gateway,1.0438,prod,platform,2026-07-18T12:00:00Z,dd-org-main
Datadog,log_ingested,api-gateway,1.0050,prod,platform,2026-07-18T13:00:00Z,dd-org-main
Datadog,log_ingested,api-gateway,1.1331,prod,platform,2026-07-18T14:00:00Z,dd-org-main
Datadog,log_ingested,api-gateway,1.1071,prod,platform,2026-07-18T15:00:00Z,dd-org-main
Datadog,log_ingested,api-gateway,0.9986,prod,platform,2026-07-18T16:00:00Z,dd-org-main
Datadog,log_ingested,api-gateway,0.8923,prod,platform,2026-07-18T17:00:00Z,dd-org-main
Datadog,log_ingested,api-gateway,0.7523,prod,platform,2026-07-18T18:00:00Z,dd-org-main
Datadog,log_ingested,api-gateway,0.7565,prod,platform,2026-07-18T19:00:00Z,dd-org-main
Datadog,log_ingested,api-gateway,0.7155,prod,platform,2026-07-18T20:00:00Z,dd-org-main
Datadog,log_ingested,api-gateway,0.6443,prod,platform,2026-07-18T21:00:00Z,dd-org-main
Datadog,log_ingested,api-gateway,0.6496,prod,platform,2026-07-18T22:00:00Z,dd-org-main
Datadog,log_ingested,api-gateway,0.6577,prod,platform,2026-07-18T23:00:00Z,dd-org-main
Datadog,log_ingested,api-gateway,0.6609,prod,platform,2026-07-19T00:00:00Z,dd-org-main
Datadog,log_ingested,api-gateway,0.6510,prod,platform,2026-07-19T01:00:00Z,dd-org-main
Datadog,log_ingested,api-gateway,0.7675,prod,platform,2026-07-19T02:00:00Z,dd-org-main
Datadog,log_ingested,api-gateway,0.6757,prod,platform,2026-07-19T03:00:00Z,dd-org-main
Datadog,log_ingested,api-gateway,0.7807,prod,platform,2026-07-19T04:00:00Z,dd-org-main
Datadog,log_ingested,api-gateway,0.7009,prod,platform,2026-07-19T05:00:00Z,dd-org-main
Datadog,log_ingested,api-gateway,0.7265,prod,platform,2026-07-19T06:00:00Z,dd-org-main
Datadog,log_ingested,api-gateway,0.7040,prod,platform,2026-07-19T07:00:00Z,dd-org-main
Datadog,log_ingested,api-gateway,0.8497,prod,platform,2026-07-19T08:00:00Z,dd-org-main
Datadog,log_ingested,api-gateway,0.8512,prod,platform,2026-07-19T09:00:00Z,dd-org-main
Datadog,log_ingested,api-gateway,1.0042,prod,platform,2026-07-19T10:00:00Z,dd-org-main
Datadog,log_ingested,api-gateway,1.1516,prod,platform,2026-07-19T11:00:00Z,dd-org-main
Datadog,log_ingested,api-gateway,1.0328,prod,platform,2026-07-19T12:00:00Z,dd-org-main
Datadog,log_ingested,api-gateway,1.1201,prod,platform,2026-07-19T13:00:00Z,dd-org-main
Datadog,log_ingested,api-gateway,1.1326,prod,platform,2026-07-19T14:00:00Z,dd-org-main
Datadog,log_ingested,api-gateway,0.9917,prod,platform,2026-07-19T15:00:00Z,dd-org-main
Datadog,log_ingested,api-gateway,1.0250,prod,platform,2026-07-19T16:00:00Z,dd-org-main
Datadog,log_ingested,api-gateway,0.8736,prod,platform,2026-07-19T17:00:00Z,dd-org-main
Datadog,log_ingested,api-gateway,0.8726,prod,platform,2026-07-19T18:00:00Z,dd-org-main
Datadog,log_ingested,api-gateway,0.7046,prod,platform,2026-07-19T19:00:00Z,dd-org-main
Datadog,log_ingested,api-gateway,0.7302,prod,platform,2026-07-19T20:00:00Z,dd-org-main
Datadog,log_ingested,api-gateway,0.6646,prod,platform,2026-07-19T21:00:00Z,dd-org-main
Datadog,log_ingested,api-gateway,0.7410,prod,platform,2026-07-19T22:00:00Z,dd-org-main
Datadog,log_ingested,api-gateway,0.6439,prod,platform,2026-07-19T23:00:00Z,dd-org-main
Datadog,log_ingested,api-gateway,1.0010,prod,platform,2026-07-20T00:00:00Z,dd-org-main
Datadog,log_ingested,api-gateway,0.9627,prod,platform,2026-07-20T01:00:00Z,dd-org-main
Datadog,log_ingested,api-gateway,0.9247,prod,platform,2026-07-20T02:00:00Z,dd-org-main
Datadog,log_ingested,api-gateway,0.9855,prod,platform,2026-07-20T03:00:00Z,dd-org-main
Datadog,log_ingested,api-gateway,0.9674,prod,platform,2026-07-20T04:00:00Z,dd-org-main
Datadog,log_ingested,api-gateway,1.0188,prod,platform,2026-07-20T05:00:00Z,dd-org-main
Datadog,log_ingested,api-gateway,0.9941,prod,platform,2026-07-20T06:00:00Z,dd-org-main
Datadog,log_ingested,api-gateway,1.0432,prod,platform,2026-07-20T07:00:00Z,dd-org-main
Datadog,log_ingested,api-gateway,1.0465,prod,platform,2026-07-20T08:00:00Z,dd-org-main
Datadog,log_ingested,api-gateway,1.3047,prod,platform,2026-07-20T09:00:00Z,dd-org-main
Datadog,log_ingested,api-gateway,1.3728,prod,platform,2026-07-20T10:00:00Z,dd-org-main
Datadog,log_ingested,api-gateway,1.6088,prod,platform,2026-07-20T11:00:00Z,dd-org-main
Datadog,log_ingested,api-gateway,1.4398,prod,platform,2026-07-20T12:00:00Z,dd-org-main
Datadog,log_ingested,api-gateway,1.7000,prod,platform,2026-07-20T13:00:00Z,dd-org-main
Datadog,log_ingested,api-gateway,1.5342,prod,platform,2026-07-20T14:00:00Z,dd-org-main
Datadog,log_ingested,api-gateway,1.4781,prod,platform,2026-07-20T15:00:00Z,dd-org-main
Datadog,log_ingested,api-gateway,1.3109,prod,platform,2026-07-20T16:00:00Z,dd-org-main
Datadog,log_ingested,api-gateway,1.1736,prod,platform,2026-07-20T17:00:00Z,dd-org-main
Datadog,log_ingested,api-gateway,1.1738,prod,platform,2026-07-20T18:00:00Z,dd-org-main
Datadog,log_ingested,api-gateway,0.9942,prod,platform,2026-07-20T19:00:00Z,dd-org-main
Datadog,log_ingested,api-gateway,1.0955,prod,platform,2026-07-20T20:00:00Z,dd-org-main
Datadog,log_ingested,api-gateway,0.9938,prod,platform,2026-07-20T21:00:00Z,dd-org-main
Datadog,log_ingested,api-gateway,1.1014,prod,platform,2026-07-20T22:00:00Z,dd-org-main
Datadog,log_ingested,api-gateway,1.0315,prod,platform,2026-07-20T23:00:00Z,dd-org-main
Datadog,log_ingested,api-gateway,1.0908,prod,platform,2026-07-21T00:00:00Z,dd-org-main
Datadog,log_ingested,api-gateway,1.0745,prod,platform,2026-07-21T01:00:00Z,dd-org-main
Datadog,log_ingested,api-gateway,0.9930,prod,platform,2026-07-21T02:00:00Z,dd-org-main
Datadog,log_ingested,api-gateway,1.1049,prod,platform,2026-07-21T03:00:00Z,dd-org-main
Datadog,log_ingested,api-gateway,0.9854,prod,platform,2026-07-21T04:00:00Z,dd-org-main
Datadog,log_ingested,api-gateway,0.9996,prod,platform,2026-07-21T05:00:00Z,dd-org-main
Datadog,log_ingested,api-gateway,1.0518,prod,platform,2026-07-21T06:00:00Z,dd-org-main
Datadog,log_ingested,api-gateway,1.0186,prod,platform,2026-07-21T07:00:00Z,dd-org-main
Datadog,log_ingested,api-gateway,1.2104,prod,platform,2026-07-21T08:00:00Z,dd-org-main
Datadog,log_ingested,api-gateway,1.2401,prod,platform,2026-07-21T09:00:00Z,dd-org-main
Datadog,log_ingested,api-gateway,1.3833,prod,platform,2026-07-21T10:00:00Z,dd-org-main
Datadog,log_ingested,api-gateway,1.5310,prod,platform,2026-07-21T11:00:00Z,dd-org-main
Datadog,log_ingested,api-gateway,1.5878,prod,platform,2026-07-21T12:00:00Z,dd-org-main
Datadog,log_ingested,api-gateway,1.5933,prod,platform,2026-07-21T13:00:00Z,dd-org-main
Datadog,log_ingested,api-gateway,1.4220,prod,platform,2026-07-21T14:00:00Z,dd-org-main
Datadog,log_ingested,api-gateway,1.4634,prod,platform,2026-07-21T15:00:00Z,dd-org-main
Datadog,log_ingested,api-gateway,1.4631,prod,platform,2026-07-21T16:00:00Z,dd-org-main
Datadog,log_ingested,api-gateway,1.2307,prod,platform,2026-07-21T17:00:00Z,dd-org-main
Datadog,log_ingested,api-gateway,1.0955,prod,platform,2026-07-21T18:00:00Z,dd-org-main
Datadog,log_ingested,api-gateway,1.0541,prod,platform,2026-07-21T19:00:00Z,dd-org-main
Datadog,log_ingested,api-gateway,1.0257,prod,platform,2026-07-21T20:00:00Z,dd-org-main
Datadog,log_ingested,api-gateway,0.9121,prod,platform,2026-07-21T21:00:00Z,dd-org-main
Datadog,log_ingested,api-gateway,0.9885,prod,platform,2026-07-21T22:00:00Z,dd-org-main
Datadog,log_ingested,api-gateway,0.9431,prod,platform,2026-07-21T23:00:00Z,dd-org-main
Datadog,log_ingested,api-gateway,0.9025,prod,platform,2026-07-22T00:00:00Z,dd-org-main
Datadog,log_ingested,api-gateway,0.9806,prod,platform,2026-07-22T01:00:00Z,dd-org-main
Datadog,log_ingested,api-gateway,1.0860,prod,platform,2026-07-22T02:00:00Z,dd-org-main
Datadog,log_ingested,api-gateway,1.0203,prod,platform,2026-07-22T03:00:00Z,dd-org-main
Datadog,log_ingested,api-gateway,0.9463,prod,platform,2026-07-22T04:00:00Z,dd-org-main
Datadog,log_ingested,api-gateway,1.0262,prod,platform,2026-07-22T05:00:00Z,dd-org-main
Datadog,log_ingested,api-gateway,1.0438,prod,platform,2026-07-22T06:00:00Z,dd-org-main
Datadog,log_ingested,api-gateway,0.9292,prod,platform,2026-07-22T07:00:00Z,dd-org-main
Datadog,log_ingested,api-gateway,1.1777,prod,platform,2026-07-22T08:00:00Z,dd-org-main
Datadog,log_ingested,api-gateway,1.3807,prod,platform,2026-07-22T09:00:00Z,dd-org-main
Datadog,log_ingested,api-gateway,1.2633,prod,platform,2026-07-22T10:00:00Z,dd-org-main
Datadog,log_ingested,api-gateway,1.3714,prod,platform,2026-07-22T11:00:00Z,dd-org-main
Datadog,log_ingested,api-gateway,1.5551,prod,platform,2026-07-22T12:00:00Z,dd-org-main
Datadog,log_ingested,api-gateway,1.6928,prod,platform,2026-07-22T13:00:00Z,dd-org-main
Datadog,log_ingested,api-gateway,1.5214,prod,platform,2026-07-22T14:00:00Z,dd-org-main
Datadog,log_ingested,api-gateway,1.4141,prod,platform,2026-07-22T15:00:00Z,dd-org-main
Datadog,log_ingested,api-gateway,1.3991,prod,platform,2026-07-22T16:00:00Z,dd-org-main
Datadog,log_ingested,api-gateway,1.2473,prod,platform,2026-07-22T17:00:00Z,dd-org-main
Datadog,log_ingested,api-gateway,1.2265,prod,platform,2026-07-22T18:00:00Z,dd-org-main
Datadog,log_ingested,api-gateway,1.0643,prod,platform,2026-07-22T19:00:00Z,dd-org-main
Datadog,log_ingested,api-gateway,0.9612,prod,platform,2026-07-22T20:00:00Z,dd-org-main
Datadog,log_ingested,api-gateway,0.9037,prod,platform,2026-07-22T21:00:00Z,dd-org-main
Datadog,log_ingested,api-gateway,1.0125,prod,platform,2026-07-22T22:00:00Z,dd-org-main
Datadog,log_ingested,api-gateway,0.9758,prod,platform,2026-07-22T23:00:00Z,dd-org-main
Datadog,log_ingested,api-gateway,1.0718,prod,platform,2026-07-23T00:00:00Z,dd-org-main
Datadog,log_ingested,api-gateway,0.9697,prod,platform,2026-07-23T01:00:00Z,dd-org-main
Datadog,log_ingested,api-gateway,0.9659,prod,platform,2026-07-23T02:00:00Z,dd-org-main
Datadog,log_ingested,api-gateway,1.0346,prod,platform,2026-07-23T03:00:00Z,dd-org-main
Datadog,log_ingested,api-gateway,0.9097,prod,platform,2026-07-23T04:00:00Z,dd-org-main
Datadog,log_ingested,api-gateway,1.0150,prod,platform,2026-07-23T05:00:00Z,dd-org-main
Datadog,log_ingested,api-gateway,0.9040,prod,platform,2026-07-23T06:00:00Z,dd-org-main
Datadog,log_ingested,api-gateway,1.0977,prod,platform,2026-07-23T07:00:00Z,dd-org-main
Datadog,log_ingested,api-gateway,1.2385,prod,platform,2026-07-23T08:00:00Z,dd-org-main
Datadog,log_ingested,api-gateway,1.2807,prod,platform,2026-07-23T09:00:00Z,dd-org-main
Datadog,log_ingested,api-gateway,1.4931,prod,platform,2026-07-23T10:00:00Z,dd-org-main
Datadog,log_ingested,api-gateway,1.3609,prod,platform,2026-07-23T11:00:00Z,dd-org-main
Datadog,log_ingested,api-gateway,1.6406,prod,platform,2026-07-23T12:00:00Z,dd-org-main
Datadog,log_ingested,api-gateway,1.4182,prod,platform,2026-07-23T13:00:00Z,dd-org-main
Datadog,log_ingested,api-gateway,1.5658,prod,platform,2026-07-23T14:00:00Z,dd-org-main
Datadog,log_ingested,api-gateway,1.5448,prod,platform,2026-07-23T15:00:00Z,dd-org-main
Datadog,log_ingested,api-gateway,1.4694,prod,platform,2026-07-23T16:00:00Z,dd-org-main
Datadog,log_ingested,api-gateway,1.2302,prod,platform,2026-07-23T17:00:00Z,dd-org-main
Datadog,log_ingested,api-gateway,1.1224,prod,platform,2026-07-23T18:00:00Z,dd-org-main
Datadog,log_ingested,api-gateway,0.9873,prod,platform,2026-07-23T19:00:00Z,dd-org-main
Datadog,log_ingested,api-gateway,1.0879,prod,platform,2026-07-23T20:00:00Z,dd-org-main
Datadog,log_ingested,api-gateway,1.0008,prod,platform,2026-07-23T21:00:00Z,dd-org-main
Datadog,log_ingested,api-gateway,0.9641,prod,platform,2026-07-23T22:00:00Z,dd-org-main
Datadog,log_ingested,api-gateway,0.9507,prod,platform,2026-07-23T23:00:00Z,dd-org-main
Datadog,log_ingested,api-gateway,0.9712,prod,platform,2026-07-24T00:00:00Z,dd-org-main
Datadog,log_ingested,api-gateway,0.8957,prod,platform,2026-07-24T01:00:00Z,dd-org-main
Datadog,log_ingested,api-gateway,1.0256,prod,platform,2026-07-24T02:00:00Z,dd-org-main
Datadog,log_ingested,api-gateway,1.0641,prod,platform,2026-07-24T03:00:00Z,dd-org-main
Datadog,log_ingested,api-gateway,1.0264,prod,platform,2026-07-24T04:00:00Z,dd-org-main
Datadog,log_ingested,api-gateway,1.0269,prod,platform,2026-07-24T05:00:00Z,dd-org-main
Datadog,log_ingested,api-gateway,0.9938,prod,platform,2026-07-24T06:00:00Z,dd-org-main
Datadog,log_ingested,api-gateway,1.0742,prod,platform,2026-07-24T07:00:00Z,dd-org-main
Datadog,log_ingested,api-gateway,1.0699,prod,platform,2026-07-24T08:00:00Z,dd-org-main
Datadog,log_ingested,api-gateway,1.3190,prod,platform,2026-07-24T09:00:00Z,dd-org-main
Datadog,log_ingested,api-gateway,1.3822,prod,platform,2026-07-24T10:00:00Z,dd-org-main
Datadog,log_ingested,api-gateway,1.6055,prod,platform,2026-07-24T11:00:00Z,dd-org-main
Datadog,log_ingested,api-gateway,1.4113,prod,platform,2026-07-24T12:00:00Z,dd-org-main
Datadog,log_ingested,api-gateway,1.6224,prod,platform,2026-07-24T13:00:00Z,dd-org-main
Datadog,log_ingested,api-gateway,1.4867,prod,platform,2026-07-24T14:00:00Z,dd-org-main
Datadog,log_ingested,api-gateway,1.3412,prod,platform,2026-07-24T15:00:00Z,dd-org-main
Datadog,log_ingested,api-gateway,1.4424,prod,platform,2026-07-24T16:00:00Z,dd-org-main
Datadog,log_ingested,api-gateway,1.3086,prod,platform,2026-07-24T17:00:00Z,dd-org-main
Datadog,log_ingested,api-gateway,1.1584,prod,platform,2026-07-24T18:00:00Z,dd-org-main
Datadog,log_ingested,api-gateway,0.9889,prod,platform,2026-07-24T19:00:00Z,dd-org-main
Datadog,log_ingested,api-gateway,0.9749,prod,platform,2026-07-24T20:00:00Z,dd-org-main
Datadog,log_ingested,api-gateway,0.9263,prod,platform,2026-07-24T21:00:00Z,dd-org-main
Datadog,log_ingested,api-gateway,0.9638,prod,platform,2026-07-24T22:00:00Z,dd-org-main
Datadog,log_ingested,api-gateway,1.0503,prod,platform,2026-07-24T23:00:00Z,dd-org-main
Datadog,log_ingested,api-gateway,0.7592,prod,platform,2026-07-25T00:00:00Z,dd-org-main
Datadog,log_ingested,api-gateway,0.6318,prod,platform,2026-07-25T01:00:00Z,dd-org-main
Datadog,log_ingested,api-gateway,0.6827,prod,platform,2026-07-25T02:00:00Z,dd-org-main
Datadog,log_ingested,api-gateway,0.7188,prod,platform,2026-07-25T03:00:00Z,dd-org-main
Datadog,log_ingested,api-gateway,0.6912,prod,platform,2026-07-25T04:00:00Z,dd-org-main
Datadog,log_ingested,api-gateway,0.6831,prod,platform,2026-07-25T05:00:00Z,dd-org-main
Datadog,log_ingested,api-gateway,0.7033,prod,platform,2026-07-25T06:00:00Z,dd-org-main
Datadog,log_ingested,api-gateway,0.7351,prod,platform,2026-07-25T07:00:00Z,dd-org-main
Datadog,log_ingested,api-gateway,0.7478,prod,platform,2026-07-25T08:00:00Z,dd-org-main
Datadog,log_ingested,api-gateway,0.9084,prod,platform,2026-07-25T09:00:00Z,dd-org-main
Datadog,log_ingested,api-gateway,0.9730,prod,platform,2026-07-25T10:00:00Z,dd-org-main
Datadog,log_ingested,api-gateway,0.9798,prod,platform,2026-07-25T11:00:00Z,dd-org-main
Datadog,log_ingested,api-gateway,0.9704,prod,platform,2026-07-25T12:00:00Z,dd-org-main
Datadog,log_ingested,api-gateway,1.1543,prod,platform,2026-07-25T13:00:00Z,dd-org-main
Datadog,log_ingested,api-gateway,1.0212,prod,platform,2026-07-25T14:00:00Z,dd-org-main
Datadog,log_ingested,api-gateway,0.9975,prod,platform,2026-07-25T15:00:00Z,dd-org-main
Datadog,log_ingested,api-gateway,0.9789,prod,platform,2026-07-25T16:00:00Z,dd-org-main
Datadog,log_ingested,api-gateway,0.9189,prod,platform,2026-07-25T17:00:00Z,dd-org-main
Datadog,log_ingested,api-gateway,0.7505,prod,platform,2026-07-25T18:00:00Z,dd-org-main
Datadog,log_ingested,api-gateway,0.6352,prod,platform,2026-07-25T19:00:00Z,dd-org-main
Datadog,log_ingested,api-gateway,0.7158,prod,platform,2026-07-25T20:00:00Z,dd-org-main
Datadog,log_ingested,api-gateway,0.6543,prod,platform,2026-07-25T21:00:00Z,dd-org-main
Datadog,log_ingested,api-gateway,0.6959,prod,platform,2026-07-25T22:00:00Z,dd-org-main
Datadog,log_ingested,api-gateway,0.7005,prod,platform,2026-07-25T23:00:00Z,dd-org-main
Datadog,log_ingested,api-gateway,0.6428,prod,platform,2026-07-26T00:00:00Z,dd-org-main
Datadog,log_ingested,api-gateway,0.7502,prod,platform,2026-07-26T01:00:00Z,dd-org-main
Datadog,log_ingested,api-gateway,0.6310,prod,platform,2026-07-26T02:00:00Z,dd-org-main
Datadog,log_ingested,api-gateway,0.6651,prod,platform,2026-07-26T03:00:00Z,dd-org-main
Datadog,log_ingested,api-gateway,0.6643,prod,platform,2026-07-26T04:00:00Z,dd-org-main
Datadog,log_ingested,api-gateway,0.7130,prod,platform,2026-07-26T05:00:00Z,dd-org-main
Datadog,log_ingested,api-gateway,0.6666,prod,platform,2026-07-26T06:00:00Z,dd-org-main
Datadog,log_ingested,api-gateway,0.7259,prod,platform,2026-07-26T07:00:00Z,dd-org-main
Datadog,log_ingested,api-gateway,0.8317,prod,platform,2026-07-26T08:00:00Z,dd-org-main
Datadog,log_ingested,api-gateway,0.8430,prod,platform,2026-07-26T09:00:00Z,dd-org-main
Datadog,log_ingested,api-gateway,1.0324,prod,platform,2026-07-26T10:00:00Z,dd-org-main
Datadog,log_ingested,api-gateway,1.0528,prod,platform,2026-07-26T11:00:00Z,dd-org-main
Datadog,log_ingested,api-gateway,1.0862,prod,platform,2026-07-26T12:00:00Z,dd-org-main
Datadog,log_ingested,api-gateway,1.0585,prod,platform,2026-07-26T13:00:00Z,dd-org-main
Datadog,log_ingested,api-gateway,1.0582,prod,platform,2026-07-26T14:00:00Z,dd-org-main
Datadog,log_ingested,api-gateway,0.9915,prod,platform,2026-07-26T15:00:00Z,dd-org-main
Azure,AzureMonitor,api-gateway,0.2962,prod,platform,2026-07-12T16:00:00Z,azr-sub-platform-9c1a
Azure,AzureMonitor,api-gateway,0.3036,prod,platform,2026-07-12T17:00:00Z,azr-sub-platform-9c1a
Azure,AzureMonitor,api-gateway,0.2803,prod,platform,2026-07-12T18:00:00Z,azr-sub-platform-9c1a
Azure,AzureMonitor,api-gateway,0.2298,prod,platform,2026-07-12T19:00:00Z,azr-sub-platform-9c1a
Azure,AzureMonitor,api-gateway,0.2044,prod,platform,2026-07-12T20:00:00Z,azr-sub-platform-9c1a
Azure,AzureMonitor,api-gateway,0.2065,prod,platform,2026-07-12T21:00:00Z,azr-sub-platform-9c1a
Azure,AzureMonitor,api-gateway,0.2305,prod,platform,2026-07-12T22:00:00Z,azr-sub-platform-9c1a
Azure,AzureMonitor,api-gateway,0.2068,prod,platform,2026-07-12T23:00:00Z,azr-sub-platform-9c1a
Azure,AzureMonitor,api-gateway,0.3423,prod,platform,2026-07-13T00:00:00Z,azr-sub-platform-9c1a
Azure,AzureMonitor,api-gateway,0.2907,prod,platform,2026-07-13T01:00:00Z,azr-sub-platform-9c1a
Azure,AzureMonitor,api-gateway,0.3189,prod,platform,2026-07-13T02:00:00Z,azr-sub-platform-9c1a
Azure,AzureMonitor,api-gateway,0.3214,prod,platform,2026-07-13T03:00:00Z,azr-sub-platform-9c1a
Azure,AzureMonitor,api-gateway,0.3155,prod,platform,2026-07-13T04:00:00Z,azr-sub-platform-9c1a
Azure,AzureMonitor,api-gateway,0.3020,prod,platform,2026-07-13T05:00:00Z,azr-sub-platform-9c1a
Azure,AzureMonitor,api-gateway,0.3092,prod,platform,2026-07-13T06:00:00Z,azr-sub-platform-9c1a
Azure,AzureMonitor,api-gateway,0.2994,prod,platform,2026-07-13T07:00:00Z,azr-sub-platform-9c1a
Azure,AzureMonitor,api-gateway,0.3765,prod,platform,2026-07-13T08:00:00Z,azr-sub-platform-9c1a
Azure,AzureMonitor,api-gateway,0.4112,prod,platform,2026-07-13T09:00:00Z,azr-sub-platform-9c1a
Azure,AzureMonitor,api-gateway,0.4535,prod,platform,2026-07-13T10:00:00Z,azr-sub-platform-9c1a
Azure,AzureMonitor,api-gateway,0.4379,prod,platform,2026-07-13T11:00:00Z,azr-sub-platform-9c1a
Azure,AzureMonitor,api-gateway,0.5400,prod,platform,2026-07-13T12:00:00Z,azr-sub-platform-9c1a
Azure,AzureMonitor,api-gateway,0.4786,prod,platform,2026-07-13T13:00:00Z,azr-sub-platform-9c1a
Azure,AzureMonitor,api-gateway,0.4501,prod,platform,2026-07-13T14:00:00Z,azr-sub-platform-9c1a
Azure,AzureMonitor,api-gateway,0.4802,prod,platform,2026-07-13T15:00:00Z,azr-sub-platform-9c1a
Azure,AzureMonitor,api-gateway,0.4851,prod,platform,2026-07-13T16:00:00Z,azr-sub-platform-9c1a
Azure,AzureMonitor,api-gateway,0.4482,prod,platform,2026-07-13T17:00:00Z,azr-sub-platform-9c1a
Azure,AzureMonitor,api-gateway,0.3887,prod,platform,2026-07-13T18:00:00Z,azr-sub-platform-9c1a
Azure,AzureMonitor,api-gateway,0.3302,prod,platform,2026-07-13T19:00:00Z,azr-sub-platform-9c1a
Azure,AzureMonitor,api-gateway,0.3245,prod,platform,2026-07-13T20:00:00Z,azr-sub-platform-9c1a
Azure,AzureMonitor,api-gateway,0.3224,prod,platform,2026-07-13T21:00:00Z,azr-sub-platform-9c1a
Azure,AzureMonitor,api-gateway,0.3084,prod,platform,2026-07-13T22:00:00Z,azr-sub-platform-9c1a
Azure,AzureMonitor,api-gateway,0.3443,prod,platform,2026-07-13T23:00:00Z,azr-sub-platform-9c1a
Azure,AzureMonitor,api-gateway,0.2973,prod,platform,2026-07-14T00:00:00Z,azr-sub-platform-9c1a
Azure,AzureMonitor,api-gateway,0.3027,prod,platform,2026-07-14T01:00:00Z,azr-sub-platform-9c1a
Azure,AzureMonitor,api-gateway,0.3030,prod,platform,2026-07-14T02:00:00Z,azr-sub-platform-9c1a
Azure,AzureMonitor,api-gateway,0.2919,prod,platform,2026-07-14T03:00:00Z,azr-sub-platform-9c1a
Azure,AzureMonitor,api-gateway,0.2893,prod,platform,2026-07-14T04:00:00Z,azr-sub-platform-9c1a
Azure,AzureMonitor,api-gateway,0.3498,prod,platform,2026-07-14T05:00:00Z,azr-sub-platform-9c1a
Azure,AzureMonitor,api-gateway,0.3289,prod,platform,2026-07-14T06:00:00Z,azr-sub-platform-9c1a
Azure,AzureMonitor,api-gateway,0.3434,prod,platform,2026-07-14T07:00:00Z,azr-sub-platform-9c1a
Azure,AzureMonitor,api-gateway,0.3812,prod,platform,2026-07-14T08:00:00Z,azr-sub-platform-9c1a
Azure,AzureMonitor,api-gateway,0.4371,prod,platform,2026-07-14T09:00:00Z,azr-sub-platform-9c1a
Azure,AzureMonitor,api-gateway,0.4852,prod,platform,2026-07-14T10:00:00Z,azr-sub-platform-9c1a
Azure,AzureMonitor,api-gateway,0.5088,prod,platform,2026-07-14T11:00:00Z,azr-sub-platform-9c1a
Azure,AzureMonitor,api-gateway,0.5140,prod,platform,2026-07-14T12:00:00Z,azr-sub-platform-9c1a
Azure,AzureMonitor,api-gateway,0.5062,prod,platform,2026-07-14T13:00:00Z,azr-sub-platform-9c1a
Azure,AzureMonitor,api-gateway,0.5330,prod,platform,2026-07-14T14:00:00Z,azr-sub-platform-9c1a
Azure,AzureMonitor,api-gateway,0.5120,prod,platform,2026-07-14T15:00:00Z,azr-sub-platform-9c1a
Azure,AzureMonitor,api-gateway,0.4121,prod,platform,2026-07-14T16:00:00Z,azr-sub-platform-9c1a
Azure,AzureMonitor,api-gateway,0.3889,prod,platform,2026-07-14T17:00:00Z,azr-sub-platform-9c1a
Azure,AzureMonitor,api-gateway,0.3655,prod,platform,2026-07-14T18:00:00Z,azr-sub-platform-9c1a
Azure,AzureMonitor,api-gateway,0.3188,prod,platform,2026-07-14T19:00:00Z,azr-sub-platform-9c1a
Azure,AzureMonitor,api-gateway,0.3251,prod,platform,2026-07-14T20:00:00Z,azr-sub-platform-9c1a
Azure,AzureMonitor,api-gateway,0.3337,prod,platform,2026-07-14T21:00:00Z,azr-sub-platform-9c1a
Azure,AzureMonitor,api-gateway,0.3035,prod,platform,2026-07-14T22:00:00Z,azr-sub-platform-9c1a
Azure,AzureMonitor,api-gateway,0.3025,prod,platform,2026-07-14T23:00:00Z,azr-sub-platform-9c1a
Azure,AzureMonitor,api-gateway,0.3249,prod,platform,2026-07-15T00:00:00Z,azr-sub-platform-9c1a
Azure,AzureMonitor,api-gateway,0.3339,prod,platform,2026-07-15T01:00:00Z,azr-sub-platform-9c1a
Azure,AzureMonitor,api-gateway,0.3480,prod,platform,2026-07-15T02:00:00Z,azr-sub-platform-9c1a
Azure,AzureMonitor,api-gateway,0.3348,prod,platform,2026-07-15T03:00:00Z,azr-sub-platform-9c1a
Azure,AzureMonitor,api-gateway,0.3014,prod,platform,2026-07-15T04:00:00Z,azr-sub-platform-9c1a
Azure,AzureMonitor,api-gateway,0.2992,prod,platform,2026-07-15T05:00:00Z,azr-sub-platform-9c1a
Azure,AzureMonitor,api-gateway,0.3148,prod,platform,2026-07-15T06:00:00Z,azr-sub-platform-9c1a
Azure,AzureMonitor,api-gateway,0.3060,prod,platform,2026-07-15T07:00:00Z,azr-sub-platform-9c1a
Azure,AzureMonitor,api-gateway,0.3715,prod,platform,2026-07-15T08:00:00Z,azr-sub-platform-9c1a
Azure,AzureMonitor,api-gateway,0.3889,prod,platform,2026-07-15T09:00:00Z,azr-sub-platform-9c1a
Azure,AzureMonitor,api-gateway,0.4108,prod,platform,2026-07-15T10:00:00Z,azr-sub-platform-9c1a
Azure,AzureMonitor,api-gateway,0.4513,prod,platform,2026-07-15T11:00:00Z,azr-sub-platform-9c1a
Azure,AzureMonitor,api-gateway,0.4465,prod,platform,2026-07-15T12:00:00Z,azr-sub-platform-9c1a
Azure,AzureMonitor,api-gateway,0.5201,prod,platform,2026-07-15T13:00:00Z,azr-sub-platform-9c1a
Azure,AzureMonitor,api-gateway,0.5135,prod,platform,2026-07-15T14:00:00Z,azr-sub-platform-9c1a
Azure,AzureMonitor,api-gateway,0.4766,prod,platform,2026-07-15T15:00:00Z,azr-sub-platform-9c1a
Azure,AzureMonitor,api-gateway,0.4587,prod,platform,2026-07-15T16:00:00Z,azr-sub-platform-9c1a
Azure,AzureMonitor,api-gateway,0.4087,prod,platform,2026-07-15T17:00:00Z,azr-sub-platform-9c1a
Azure,AzureMonitor,api-gateway,0.3584,prod,platform,2026-07-15T18:00:00Z,azr-sub-platform-9c1a
Azure,AzureMonitor,api-gateway,0.3302,prod,platform,2026-07-15T19:00:00Z,azr-sub-platform-9c1a
Azure,AzureMonitor,api-gateway,0.3176,prod,platform,2026-07-15T20:00:00Z,azr-sub-platform-9c1a
Azure,AzureMonitor,api-gateway,0.3378,prod,platform,2026-07-15T21:00:00Z,azr-sub-platform-9c1a
Azure,AzureMonitor,api-gateway,0.3302,prod,platform,2026-07-15T22:00:00Z,azr-sub-platform-9c1a
Azure,AzureMonitor,api-gateway,0.3071,prod,platform,2026-07-15T23:00:00Z,azr-sub-platform-9c1a
Azure,AzureMonitor,api-gateway,0.3037,prod,platform,2026-07-16T00:00:00Z,azr-sub-platform-9c1a
Azure,AzureMonitor,api-gateway,0.3444,prod,platform,2026-07-16T01:00:00Z,azr-sub-platform-9c1a
Azure,AzureMonitor,api-gateway,0.3460,prod,platform,2026-07-16T02:00:00Z,azr-sub-platform-9c1a
Azure,AzureMonitor,api-gateway,0.3160,prod,platform,2026-07-16T03:00:00Z,azr-sub-platform-9c1a
Azure,AzureMonitor,api-gateway,0.3117,prod,platform,2026-07-16T04:00:00Z,azr-sub-platform-9c1a
Azure,AzureMonitor,api-gateway,0.2895,prod,platform,2026-07-16T05:00:00Z,azr-sub-platform-9c1a
Azure,AzureMonitor,api-gateway,0.3051,prod,platform,2026-07-16T06:00:00Z,azr-sub-platform-9c1a
Azure,AzureMonitor,api-gateway,0.3461,prod,platform,2026-07-16T07:00:00Z,azr-sub-platform-9c1a
Azure,AzureMonitor,api-gateway,0.3476,prod,platform,2026-07-16T08:00:00Z,azr-sub-platform-9c1a
Azure,AzureMonitor,api-gateway,0.3753,prod,platform,2026-07-16T09:00:00Z,azr-sub-platform-9c1a
Azure,AzureMonitor,api-gateway,0.4534,prod,platform,2026-07-16T10:00:00Z,azr-sub-platform-9c1a
Azure,AzureMonitor,api-gateway,0.4446,prod,platform,2026-07-16T11:00:00Z,azr-sub-platform-9c1a
Azure,AzureMonitor,api-gateway,0.5184,prod,platform,2026-07-16T12:00:00Z,azr-sub-platform-9c1a
Azure,AzureMonitor,api-gateway,0.4534,prod,platform,2026-07-16T13:00:00Z,azr-sub-platform-9c1a
Azure,AzureMonitor,api-gateway,0.4592,prod,platform,2026-07-16T14:00:00Z,azr-sub-platform-9c1a
Azure,AzureMonitor,api-gateway,0.4960,prod,platform,2026-07-16T15:00:00Z,azr-sub-platform-9c1a
Azure,AzureMonitor,api-gateway,0.4821,prod,platform,2026-07-16T16:00:00Z,azr-sub-platform-9c1a
Azure,AzureMonitor,api-gateway,0.3845,prod,platform,2026-07-16T17:00:00Z,azr-sub-platform-9c1a
Azure,AzureMonitor,api-gateway,0.3591,prod,platform,2026-07-16T18:00:00Z,azr-sub-platform-9c1a
Azure,AzureMonitor,api-gateway,0.3136,prod,platform,2026-07-16T19:00:00Z,azr-sub-platform-9c1a
Azure,AzureMonitor,api-gateway,0.3303,prod,platform,2026-07-16T20:00:00Z,azr-sub-platform-9c1a
Azure,AzureMonitor,api-gateway,0.2837,prod,platform,2026-07-16T21:00:00Z,azr-sub-platform-9c1a
Azure,AzureMonitor,api-gateway,0.3448,prod,platform,2026-07-16T22:00:00Z,azr-sub-platform-9c1a
Azure,AzureMonitor,api-gateway,0.3397,prod,platform,2026-07-16T23:00:00Z,azr-sub-platform-9c1a
Azure,AzureMonitor,api-gateway,0.2967,prod,platform,2026-07-17T00:00:00Z,azr-sub-platform-9c1a
Azure,AzureMonitor,api-gateway,0.3259,prod,platform,2026-07-17T01:00:00Z,azr-sub-platform-9c1a
Azure,AzureMonitor,api-gateway,0.3286,prod,platform,2026-07-17T02:00:00Z,azr-sub-platform-9c1a
Azure,AzureMonitor,api-gateway,0.3404,prod,platform,2026-07-17T03:00:00Z,azr-sub-platform-9c1a
Azure,AzureMonitor,api-gateway,0.3094,prod,platform,2026-07-17T04:00:00Z,azr-sub-platform-9c1a
Azure,AzureMonitor,api-gateway,0.3354,prod,platform,2026-07-17T05:00:00Z,azr-sub-platform-9c1a
Azure,AzureMonitor,api-gateway,0.2849,prod,platform,2026-07-17T06:00:00Z,azr-sub-platform-9c1a
Azure,AzureMonitor,api-gateway,0.2878,prod,platform,2026-07-17T07:00:00Z,azr-sub-platform-9c1a
Azure,AzureMonitor,api-gateway,0.3454,prod,platform,2026-07-17T08:00:00Z,azr-sub-platform-9c1a
Azure,AzureMonitor,api-gateway,0.4060,prod,platform,2026-07-17T09:00:00Z,azr-sub-platform-9c1a
Azure,AzureMonitor,api-gateway,0.4058,prod,platform,2026-07-17T10:00:00Z,azr-sub-platform-9c1a
Azure,AzureMonitor,api-gateway,0.5147,prod,platform,2026-07-17T11:00:00Z,azr-sub-platform-9c1a
Azure,AzureMonitor,api-gateway,0.4457,prod,platform,2026-07-17T12:00:00Z,azr-sub-platform-9c1a
Azure,AzureMonitor,api-gateway,0.4779,prod,platform,2026-07-17T13:00:00Z,azr-sub-platform-9c1a
Azure,AzureMonitor,api-gateway,0.5017,prod,platform,2026-07-17T14:00:00Z,azr-sub-platform-9c1a
Azure,AzureMonitor,api-gateway,0.4531,prod,platform,2026-07-17T15:00:00Z,azr-sub-platform-9c1a
Azure,AzureMonitor,api-gateway,0.4023,prod,platform,2026-07-17T16:00:00Z,azr-sub-platform-9c1a
Azure,AzureMonitor,api-gateway,0.3645,prod,platform,2026-07-17T17:00:00Z,azr-sub-platform-9c1a
Azure,AzureMonitor,api-gateway,0.3243,prod,platform,2026-07-17T18:00:00Z,azr-sub-platform-9c1a
Azure,AzureMonitor,api-gateway,0.3167,prod,platform,2026-07-17T19:00:00Z,azr-sub-platform-9c1a
Azure,AzureMonitor,api-gateway,0.3181,prod,platform,2026-07-17T20:00:00Z,azr-sub-platform-9c1a
Azure,AzureMonitor,api-gateway,0.2876,prod,platform,2026-07-17T21:00:00Z,azr-sub-platform-9c1a
Azure,AzureMonitor,api-gateway,0.3050,prod,platform,2026-07-17T22:00:00Z,azr-sub-platform-9c1a
Azure,AzureMonitor,api-gateway,0.3364,prod,platform,2026-07-17T23:00:00Z,azr-sub-platform-9c1a
Azure,AzureMonitor,api-gateway,0.2365,prod,platform,2026-07-18T00:00:00Z,azr-sub-platform-9c1a
Azure,AzureMonitor,api-gateway,0.2402,prod,platform,2026-07-18T01:00:00Z,azr-sub-platform-9c1a
Azure,AzureMonitor,api-gateway,0.2105,prod,platform,2026-07-18T02:00:00Z,azr-sub-platform-9c1a
Azure,AzureMonitor,api-gateway,0.2170,prod,platform,2026-07-18T03:00:00Z,azr-sub-platform-9c1a
Azure,AzureMonitor,api-gateway,0.2064,prod,platform,2026-07-18T04:00:00Z,azr-sub-platform-9c1a
Azure,AzureMonitor,api-gateway,0.2177,prod,platform,2026-07-18T05:00:00Z,azr-sub-platform-9c1a
Azure,AzureMonitor,api-gateway,0.2204,prod,platform,2026-07-18T06:00:00Z,azr-sub-platform-9c1a
Azure,AzureMonitor,api-gateway,0.2403,prod,platform,2026-07-18T07:00:00Z,azr-sub-platform-9c1a
Azure,AzureMonitor,api-gateway,0.2541,prod,platform,2026-07-18T08:00:00Z,azr-sub-platform-9c1a
Azure,AzureMonitor,api-gateway,0.2745,prod,platform,2026-07-18T09:00:00Z,azr-sub-platform-9c1a
Azure,AzureMonitor,api-gateway,0.2853,prod,platform,2026-07-18T10:00:00Z,azr-sub-platform-9c1a
Azure,AzureMonitor,api-gateway,0.3262,prod,platform,2026-07-18T11:00:00Z,azr-sub-platform-9c1a
Azure,AzureMonitor,api-gateway,0.3507,prod,platform,2026-07-18T12:00:00Z,azr-sub-platform-9c1a
Azure,AzureMonitor,api-gateway,0.3207,prod,platform,2026-07-18T13:00:00Z,azr-sub-platform-9c1a
Azure,AzureMonitor,api-gateway,0.3257,prod,platform,2026-07-18T14:00:00Z,azr-sub-platform-9c1a
Azure,AzureMonitor,api-gateway,0.3112,prod,platform,2026-07-18T15:00:00Z,azr-sub-platform-9c1a
Azure,AzureMonitor,api-gateway,0.2863,prod,platform,2026-07-18T16:00:00Z,azr-sub-platform-9c1a
Azure,AzureMonitor,api-gateway,0.2919,prod,platform,2026-07-18T17:00:00Z,azr-sub-platform-9c1a
Azure,AzureMonitor,api-gateway,0.2411,prod,platform,2026-07-18T18:00:00Z,azr-sub-platform-9c1a
Azure,AzureMonitor,api-gateway,0.2004,prod,platform,2026-07-18T19:00:00Z,azr-sub-platform-9c1a
Azure,AzureMonitor,api-gateway,0.2326,prod,platform,2026-07-18T20:00:00Z,azr-sub-platform-9c1a
Azure,AzureMonitor,api-gateway,0.2010,prod,platform,2026-07-18T21:00:00Z,azr-sub-platform-9c1a
Azure,AzureMonitor,api-gateway,0.2167,prod,platform,2026-07-18T22:00:00Z,azr-sub-platform-9c1a
Azure,AzureMonitor,api-gateway,0.2227,prod,platform,2026-07-18T23:00:00Z,azr-sub-platform-9c1a
Azure,AzureMonitor,api-gateway,0.2399,prod,platform,2026-07-19T00:00:00Z,azr-sub-platform-9c1a
Azure,AzureMonitor,api-gateway,0.2303,prod,platform,2026-07-19T01:00:00Z,azr-sub-platform-9c1a
Azure,AzureMonitor,api-gateway,0.2166,prod,platform,2026-07-19T02:00:00Z,azr-sub-platform-9c1a
Azure,AzureMonitor,api-gateway,0.2247,prod,platform,2026-07-19T03:00:00Z,azr-sub-platform-9c1a
Azure,AzureMonitor,api-gateway,0.2329,prod,platform,2026-07-19T04:00:00Z,azr-sub-platform-9c1a
Azure,AzureMonitor,api-gateway,0.2201,prod,platform,2026-07-19T05:00:00Z,azr-sub-platform-9c1a
Azure,AzureMonitor,api-gateway,0.2124,prod,platform,2026-07-19T06:00:00Z,azr-sub-platform-9c1a
Azure,AzureMonitor,api-gateway,0.2367,prod,platform,2026-07-19T07:00:00Z,azr-sub-platform-9c1a
Azure,AzureMonitor,api-gateway,0.2704,prod,platform,2026-07-19T08:00:00Z,azr-sub-platform-9c1a
Azure,AzureMonitor,api-gateway,0.2554,prod,platform,2026-07-19T09:00:00Z,azr-sub-platform-9c1a
Azure,AzureMonitor,api-gateway,0.3197,prod,platform,2026-07-19T10:00:00Z,azr-sub-platform-9c1a
Azure,AzureMonitor,api-gateway,0.3437,prod,platform,2026-07-19T11:00:00Z,azr-sub-platform-9c1a
Azure,AzureMonitor,api-gateway,0.3468,prod,platform,2026-07-19T12:00:00Z,azr-sub-platform-9c1a
Azure,AzureMonitor,api-gateway,0.3505,prod,platform,2026-07-19T13:00:00Z,azr-sub-platform-9c1a
Azure,AzureMonitor,api-gateway,0.3444,prod,platform,2026-07-19T14:00:00Z,azr-sub-platform-9c1a
Azure,AzureMonitor,api-gateway,0.3481,prod,platform,2026-07-19T15:00:00Z,azr-sub-platform-9c1a
Azure,AzureMonitor,api-gateway,0.3001,prod,platform,2026-07-19T16:00:00Z,azr-sub-platform-9c1a
Azure,AzureMonitor,api-gateway,0.2517,prod,platform,2026-07-19T17:00:00Z,azr-sub-platform-9c1a
Azure,AzureMonitor,api-gateway,0.2464,prod,platform,2026-07-19T18:00:00Z,azr-sub-platform-9c1a
Azure,AzureMonitor,api-gateway,0.2004,prod,platform,2026-07-19T19:00:00Z,azr-sub-platform-9c1a
Azure,AzureMonitor,api-gateway,0.2249,prod,platform,2026-07-19T20:00:00Z,azr-sub-platform-9c1a
Azure,AzureMonitor,api-gateway,0.2266,prod,platform,2026-07-19T21:00:00Z,azr-sub-platform-9c1a
Azure,AzureMonitor,api-gateway,0.2208,prod,platform,2026-07-19T22:00:00Z,azr-sub-platform-9c1a
Azure,AzureMonitor,api-gateway,0.2106,prod,platform,2026-07-19T23:00:00Z,azr-sub-platform-9c1a
Azure,AzureMonitor,api-gateway,0.2960,prod,platform,2026-07-20T00:00:00Z,azr-sub-platform-9c1a
Azure,AzureMonitor,api-gateway,0.3225,prod,platform,2026-07-20T01:00:00Z,azr-sub-platform-9c1a
Azure,AzureMonitor,api-gateway,0.2989,prod,platform,2026-07-20T02:00:00Z,azr-sub-platform-9c1a
Azure,AzureMonitor,api-gateway,0.3374,prod,platform,2026-07-20T03:00:00Z,azr-sub-platform-9c1a
Azure,AzureMonitor,api-gateway,0.2830,prod,platform,2026-07-20T04:00:00Z,azr-sub-platform-9c1a
Azure,AzureMonitor,api-gateway,0.3046,prod,platform,2026-07-20T05:00:00Z,azr-sub-platform-9c1a
Azure,AzureMonitor,api-gateway,0.3005,prod,platform,2026-07-20T06:00:00Z,azr-sub-platform-9c1a
Azure,AzureMonitor,api-gateway,0.2909,prod,platform,2026-07-20T07:00:00Z,azr-sub-platform-9c1a
Azure,AzureMonitor,api-gateway,0.3918,prod,platform,2026-07-20T08:00:00Z,azr-sub-platform-9c1a
Azure,AzureMonitor,api-gateway,0.3949,prod,platform,2026-07-20T09:00:00Z,azr-sub-platform-9c1a
Azure,AzureMonitor,api-gateway,0.4136,prod,platform,2026-07-20T10:00:00Z,azr-sub-platform-9c1a
Azure,AzureMonitor,api-gateway,0.4359,prod,platform,2026-07-20T11:00:00Z,azr-sub-platform-9c1a
Azure,AzureMonitor,api-gateway,0.4633,prod,platform,2026-07-20T12:00:00Z,azr-sub-platform-9c1a
Azure,AzureMonitor,api-gateway,0.4538,prod,platform,2026-07-20T13:00:00Z,azr-sub-platform-9c1a
Azure,AzureMonitor,api-gateway,0.4955,prod,platform,2026-07-20T14:00:00Z,azr-sub-platform-9c1a
Azure,AzureMonitor,api-gateway,0.4715,prod,platform,2026-07-20T15:00:00Z,azr-sub-platform-9c1a
Azure,AzureMonitor,api-gateway,0.4212,prod,platform,2026-07-20T16:00:00Z,azr-sub-platform-9c1a
Azure,AzureMonitor,api-gateway,0.4141,prod,platform,2026-07-20T17:00:00Z,azr-sub-platform-9c1a
Azure,AzureMonitor,api-gateway,0.3594,prod,platform,2026-07-20T18:00:00Z,azr-sub-platform-9c1a
Azure,AzureMonitor,api-gateway,0.2906,prod,platform,2026-07-20T19:00:00Z,azr-sub-platform-9c1a
Azure,AzureMonitor,api-gateway,0.3391,prod,platform,2026-07-20T20:00:00Z,azr-sub-platform-9c1a
Azure,AzureMonitor,api-gateway,0.2849,prod,platform,2026-07-20T21:00:00Z,azr-sub-platform-9c1a
Azure,AzureMonitor,api-gateway,0.3239,prod,platform,2026-07-20T22:00:00Z,azr-sub-platform-9c1a
Azure,AzureMonitor,api-gateway,0.2815,prod,platform,2026-07-20T23:00:00Z,azr-sub-platform-9c1a
Azure,AzureMonitor,api-gateway,0.3122,prod,platform,2026-07-21T00:00:00Z,azr-sub-platform-9c1a
Azure,AzureMonitor,api-gateway,0.3355,prod,platform,2026-07-21T01:00:00Z,azr-sub-platform-9c1a
Azure,AzureMonitor,api-gateway,0.3055,prod,platform,2026-07-21T02:00:00Z,azr-sub-platform-9c1a
Azure,AzureMonitor,api-gateway,0.3060,prod,platform,2026-07-21T03:00:00Z,azr-sub-platform-9c1a
Azure,AzureMonitor,api-gateway,0.3139,prod,platform,2026-07-21T04:00:00Z,azr-sub-platform-9c1a
Azure,AzureMonitor,api-gateway,0.3092,prod,platform,2026-07-21T05:00:00Z,azr-sub-platform-9c1a
Azure,AzureMonitor,api-gateway,0.2834,prod,platform,2026-07-21T06:00:00Z,azr-sub-platform-9c1a
Azure,AzureMonitor,api-gateway,0.2911,prod,platform,2026-07-21T07:00:00Z,azr-sub-platform-9c1a
Azure,AzureMonitor,api-gateway,0.3528,prod,platform,2026-07-21T08:00:00Z,azr-sub-platform-9c1a
Azure,AzureMonitor,api-gateway,0.3932,prod,platform,2026-07-21T09:00:00Z,azr-sub-platform-9c1a
Azure,AzureMonitor,api-gateway,0.4065,prod,platform,2026-07-21T10:00:00Z,azr-sub-platform-9c1a
Azure,AzureMonitor,api-gateway,0.4691,prod,platform,2026-07-21T11:00:00Z,azr-sub-platform-9c1a
Azure,AzureMonitor,api-gateway,0.4526,prod,platform,2026-07-21T12:00:00Z,azr-sub-platform-9c1a
Azure,AzureMonitor,api-gateway,0.5180,prod,platform,2026-07-21T13:00:00Z,azr-sub-platform-9c1a
Azure,AzureMonitor,api-gateway,0.4637,prod,platform,2026-07-21T14:00:00Z,azr-sub-platform-9c1a
Azure,AzureMonitor,api-gateway,0.4212,prod,platform,2026-07-21T15:00:00Z,azr-sub-platform-9c1a
Azure,AzureMonitor,api-gateway,0.4515,prod,platform,2026-07-21T16:00:00Z,azr-sub-platform-9c1a
Azure,AzureMonitor,api-gateway,0.3960,prod,platform,2026-07-21T17:00:00Z,azr-sub-platform-9c1a
Azure,AzureMonitor,api-gateway,0.3679,prod,platform,2026-07-21T18:00:00Z,azr-sub-platform-9c1a
Azure,AzureMonitor,api-gateway,0.3028,prod,platform,2026-07-21T19:00:00Z,azr-sub-platform-9c1a
Azure,AzureMonitor,api-gateway,0.2828,prod,platform,2026-07-21T20:00:00Z,azr-sub-platform-9c1a
Azure,AzureMonitor,api-gateway,0.3389,prod,platform,2026-07-21T21:00:00Z,azr-sub-platform-9c1a
Azure,AzureMonitor,api-gateway,0.2827,prod,platform,2026-07-21T22:00:00Z,azr-sub-platform-9c1a
Azure,AzureMonitor,api-gateway,0.2853,prod,platform,2026-07-21T23:00:00Z,azr-sub-platform-9c1a
Azure,AzureMonitor,api-gateway,0.3073,prod,platform,2026-07-22T00:00:00Z,azr-sub-platform-9c1a
Azure,AzureMonitor,api-gateway,0.3256,prod,platform,2026-07-22T01:00:00Z,azr-sub-platform-9c1a
Azure,AzureMonitor,api-gateway,0.3174,prod,platform,2026-07-22T02:00:00Z,azr-sub-platform-9c1a
Azure,AzureMonitor,api-gateway,0.3121,prod,platform,2026-07-22T03:00:00Z,azr-sub-platform-9c1a
Azure,AzureMonitor,api-gateway,0.3100,prod,platform,2026-07-22T04:00:00Z,azr-sub-platform-9c1a
Azure,AzureMonitor,api-gateway,0.3241,prod,platform,2026-07-22T05:00:00Z,azr-sub-platform-9c1a
Azure,AzureMonitor,api-gateway,0.2979,prod,platform,2026-07-22T06:00:00Z,azr-sub-platform-9c1a
Azure,AzureMonitor,api-gateway,0.3330,prod,platform,2026-07-22T07:00:00Z,azr-sub-platform-9c1a
Azure,AzureMonitor,api-gateway,0.3450,prod,platform,2026-07-22T08:00:00Z,azr-sub-platform-9c1a
Azure,AzureMonitor,api-gateway,0.3752,prod,platform,2026-07-22T09:00:00Z,azr-sub-platform-9c1a
Azure,AzureMonitor,api-gateway,0.4044,prod,platform,2026-07-22T10:00:00Z,azr-sub-platform-9c1a
Azure,AzureMonitor,api-gateway,0.4304,prod,platform,2026-07-22T11:00:00Z,azr-sub-platform-9c1a
Azure,AzureMonitor,api-gateway,0.4499,prod,platform,2026-07-22T12:00:00Z,azr-sub-platform-9c1a
Azure,AzureMonitor,api-gateway,0.4432,prod,platform,2026-07-22T13:00:00Z,azr-sub-platform-9c1a
Azure,AzureMonitor,api-gateway,0.4869,prod,platform,2026-07-22T14:00:00Z,azr-sub-platform-9c1a
Azure,AzureMonitor,api-gateway,0.4234,prod,platform,2026-07-22T15:00:00Z,azr-sub-platform-9c1a
Azure,AzureMonitor,api-gateway,0.4359,prod,platform,2026-07-22T16:00:00Z,azr-sub-platform-9c1a
Azure,AzureMonitor,api-gateway,0.3588,prod,platform,2026-07-22T17:00:00Z,azr-sub-platform-9c1a
Azure,AzureMonitor,api-gateway,0.3849,prod,platform,2026-07-22T18:00:00Z,azr-sub-platform-9c1a
Azure,AzureMonitor,api-gateway,0.2841,prod,platform,2026-07-22T19:00:00Z,azr-sub-platform-9c1a
Azure,AzureMonitor,api-gateway,0.3374,prod,platform,2026-07-22T20:00:00Z,azr-sub-platform-9c1a
Azure,AzureMonitor,api-gateway,0.3085,prod,platform,2026-07-22T21:00:00Z,azr-sub-platform-9c1a
Azure,AzureMonitor,api-gateway,0.3189,prod,platform,2026-07-22T22:00:00Z,azr-sub-platform-9c1a
Azure,AzureMonitor,api-gateway,0.3135,prod,platform,2026-07-22T23:00:00Z,azr-sub-platform-9c1a
Azure,AzureMonitor,api-gateway,0.2921,prod,platform,2026-07-23T00:00:00Z,azr-sub-platform-9c1a
Azure,AzureMonitor,api-gateway,0.2870,prod,platform,2026-07-23T01:00:00Z,azr-sub-platform-9c1a
Azure,AzureMonitor,api-gateway,0.2981,prod,platform,2026-07-23T02:00:00Z,azr-sub-platform-9c1a
Azure,AzureMonitor,api-gateway,0.2855,prod,platform,2026-07-23T03:00:00Z,azr-sub-platform-9c1a
Azure,AzureMonitor,api-gateway,0.2865,prod,platform,2026-07-23T04:00:00Z,azr-sub-platform-9c1a
Azure,AzureMonitor,api-gateway,0.3215,prod,platform,2026-07-23T05:00:00Z,azr-sub-platform-9c1a
Azure,AzureMonitor,api-gateway,0.2861,prod,platform,2026-07-23T06:00:00Z,azr-sub-platform-9c1a
Azure,AzureMonitor,api-gateway,0.3143,prod,platform,2026-07-23T07:00:00Z,azr-sub-platform-9c1a
Azure,AzureMonitor,api-gateway,0.3618,prod,platform,2026-07-23T08:00:00Z,azr-sub-platform-9c1a
Azure,AzureMonitor,api-gateway,0.3764,prod,platform,2026-07-23T09:00:00Z,azr-sub-platform-9c1a
Azure,AzureMonitor,api-gateway,0.3965,prod,platform,2026-07-23T10:00:00Z,azr-sub-platform-9c1a
Azure,AzureMonitor,api-gateway,0.4567,prod,platform,2026-07-23T11:00:00Z,azr-sub-platform-9c1a
Azure,AzureMonitor,api-gateway,0.5123,prod,platform,2026-07-23T12:00:00Z,azr-sub-platform-9c1a
Azure,AzureMonitor,api-gateway,0.5274,prod,platform,2026-07-23T13:00:00Z,azr-sub-platform-9c1a
Azure,AzureMonitor,api-gateway,0.5063,prod,platform,2026-07-23T14:00:00Z,azr-sub-platform-9c1a
Azure,AzureMonitor,api-gateway,0.4302,prod,platform,2026-07-23T15:00:00Z,azr-sub-platform-9c1a
Azure,AzureMonitor,api-gateway,0.4542,prod,platform,2026-07-23T16:00:00Z,azr-sub-platform-9c1a
Azure,AzureMonitor,api-gateway,0.3736,prod,platform,2026-07-23T17:00:00Z,azr-sub-platform-9c1a
Azure,AzureMonitor,api-gateway,0.3230,prod,platform,2026-07-23T18:00:00Z,azr-sub-platform-9c1a
Azure,AzureMonitor,api-gateway,0.3008,prod,platform,2026-07-23T19:00:00Z,azr-sub-platform-9c1a
Azure,AzureMonitor,api-gateway,0.3131,prod,platform,2026-07-23T20:00:00Z,azr-sub-platform-9c1a
Azure,AzureMonitor,api-gateway,0.2760,prod,platform,2026-07-23T21:00:00Z,azr-sub-platform-9c1a
Azure,AzureMonitor,api-gateway,0.3286,prod,platform,2026-07-23T22:00:00Z,azr-sub-platform-9c1a
Azure,AzureMonitor,api-gateway,0.2867,prod,platform,2026-07-23T23:00:00Z,azr-sub-platform-9c1a
Azure,AzureMonitor,api-gateway,0.3101,prod,platform,2026-07-24T00:00:00Z,azr-sub-platform-9c1a
Azure,AzureMonitor,api-gateway,0.3113,prod,platform,2026-07-24T01:00:00Z,azr-sub-platform-9c1a
Azure,AzureMonitor,api-gateway,0.3085,prod,platform,2026-07-24T02:00:00Z,azr-sub-platform-9c1a
Azure,AzureMonitor,api-gateway,0.3335,prod,platform,2026-07-24T03:00:00Z,azr-sub-platform-9c1a
Azure,AzureMonitor,api-gateway,0.2798,prod,platform,2026-07-24T04:00:00Z,azr-sub-platform-9c1a
Azure,AzureMonitor,api-gateway,0.2969,prod,platform,2026-07-24T05:00:00Z,azr-sub-platform-9c1a
Azure,AzureMonitor,api-gateway,0.2884,prod,platform,2026-07-24T06:00:00Z,azr-sub-platform-9c1a
Azure,AzureMonitor,api-gateway,0.3125,prod,platform,2026-07-24T07:00:00Z,azr-sub-platform-9c1a
Azure,AzureMonitor,api-gateway,0.3526,prod,platform,2026-07-24T08:00:00Z,azr-sub-platform-9c1a
Azure,AzureMonitor,api-gateway,0.4006,prod,platform,2026-07-24T09:00:00Z,azr-sub-platform-9c1a
Azure,AzureMonitor,api-gateway,0.4634,prod,platform,2026-07-24T10:00:00Z,azr-sub-platform-9c1a
Azure,AzureMonitor,api-gateway,0.4811,prod,platform,2026-07-24T11:00:00Z,azr-sub-platform-9c1a
Azure,AzureMonitor,api-gateway,0.4855,prod,platform,2026-07-24T12:00:00Z,azr-sub-platform-9c1a
Azure,AzureMonitor,api-gateway,0.4935,prod,platform,2026-07-24T13:00:00Z,azr-sub-platform-9c1a
Azure,AzureMonitor,api-gateway,0.5135,prod,platform,2026-07-24T14:00:00Z,azr-sub-platform-9c1a
Azure,AzureMonitor,api-gateway,0.4403,prod,platform,2026-07-24T15:00:00Z,azr-sub-platform-9c1a
Azure,AzureMonitor,api-gateway,0.3848,prod,platform,2026-07-24T16:00:00Z,azr-sub-platform-9c1a
Azure,AzureMonitor,api-gateway,0.3585,prod,platform,2026-07-24T17:00:00Z,azr-sub-platform-9c1a
Azure,AzureMonitor,api-gateway,0.3476,prod,platform,2026-07-24T18:00:00Z,azr-sub-platform-9c1a
Azure,AzureMonitor,api-gateway,0.2756,prod,platform,2026-07-24T19:00:00Z,azr-sub-platform-9c1a
Azure,AzureMonitor,api-gateway,0.3199,prod,platform,2026-07-24T20:00:00Z,azr-sub-platform-9c1a
Azure,AzureMonitor,api-gateway,0.2878,prod,platform,2026-07-24T21:00:00Z,azr-sub-platform-9c1a
Azure,AzureMonitor,api-gateway,0.2784,prod,platform,2026-07-24T22:00:00Z,azr-sub-platform-9c1a
Azure,AzureMonitor,api-gateway,0.2991,prod,platform,2026-07-24T23:00:00Z,azr-sub-platform-9c1a
Azure,AzureMonitor,api-gateway,0.2123,prod,platform,2026-07-25T00:00:00Z,azr-sub-platform-9c1a
Azure,AzureMonitor,api-gateway,0.2267,prod,platform,2026-07-25T01:00:00Z,azr-sub-platform-9c1a
Azure,AzureMonitor,api-gateway,0.2246,prod,platform,2026-07-25T02:00:00Z,azr-sub-platform-9c1a
Azure,AzureMonitor,api-gateway,0.2090,prod,platform,2026-07-25T03:00:00Z,azr-sub-platform-9c1a
Azure,AzureMonitor,api-gateway,0.2101,prod,platform,2026-07-25T04:00:00Z,azr-sub-platform-9c1a
Azure,AzureMonitor,api-gateway,0.2250,prod,platform,2026-07-25T05:00:00Z,azr-sub-platform-9c1a
Azure,AzureMonitor,api-gateway,0.1930,prod,platform,2026-07-25T06:00:00Z,azr-sub-platform-9c1a
Azure,AzureMonitor,api-gateway,0.2073,prod,platform,2026-07-25T07:00:00Z,azr-sub-platform-9c1a
Azure,AzureMonitor,api-gateway,0.2271,prod,platform,2026-07-25T08:00:00Z,azr-sub-platform-9c1a
Azure,AzureMonitor,api-gateway,0.2751,prod,platform,2026-07-25T09:00:00Z,azr-sub-platform-9c1a
Azure,AzureMonitor,api-gateway,0.2763,prod,platform,2026-07-25T10:00:00Z,azr-sub-platform-9c1a
Azure,AzureMonitor,api-gateway,0.3166,prod,platform,2026-07-25T11:00:00Z,azr-sub-platform-9c1a
Azure,AzureMonitor,api-gateway,0.3057,prod,platform,2026-07-25T12:00:00Z,azr-sub-platform-9c1a
Azure,AzureMonitor,api-gateway,0.3083,prod,platform,2026-07-25T13:00:00Z,azr-sub-platform-9c1a
Azure,AzureMonitor,api-gateway,0.3446,prod,platform,2026-07-25T14:00:00Z,azr-sub-platform-9c1a
Azure,AzureMonitor,api-gateway,0.2926,prod,platform,2026-07-25T15:00:00Z,azr-sub-platform-9c1a
Azure,AzureMonitor,api-gateway,0.2973,prod,platform,2026-07-25T16:00:00Z,azr-sub-platform-9c1a
Azure,AzureMonitor,api-gateway,0.2701,prod,platform,2026-07-25T17:00:00Z,azr-sub-platform-9c1a
Azure,AzureMonitor,api-gateway,0.2468,prod,platform,2026-07-25T18:00:00Z,azr-sub-platform-9c1a
Azure,AzureMonitor,api-gateway,0.2235,prod,platform,2026-07-25T19:00:00Z,azr-sub-platform-9c1a
Azure,AzureMonitor,api-gateway,0.2169,prod,platform,2026-07-25T20:00:00Z,azr-sub-platform-9c1a
Azure,AzureMonitor,api-gateway,0.2306,prod,platform,2026-07-25T21:00:00Z,azr-sub-platform-9c1a
Azure,AzureMonitor,api-gateway,0.2243,prod,platform,2026-07-25T22:00:00Z,azr-sub-platform-9c1a
Azure,AzureMonitor,api-gateway,0.2273,prod,platform,2026-07-25T23:00:00Z,azr-sub-platform-9c1a
Azure,AzureMonitor,api-gateway,0.2185,prod,platform,2026-07-26T00:00:00Z,azr-sub-platform-9c1a
Azure,AzureMonitor,api-gateway,0.2136,prod,platform,2026-07-26T01:00:00Z,azr-sub-platform-9c1a
Azure,AzureMonitor,api-gateway,0.2236,prod,platform,2026-07-26T02:00:00Z,azr-sub-platform-9c1a
Azure,AzureMonitor,api-gateway,0.2144,prod,platform,2026-07-26T03:00:00Z,azr-sub-platform-9c1a
Azure,AzureMonitor,api-gateway,0.2321,prod,platform,2026-07-26T04:00:00Z,azr-sub-platform-9c1a
Azure,AzureMonitor,api-gateway,0.2256,prod,platform,2026-07-26T05:00:00Z,azr-sub-platform-9c1a
Azure,AzureMonitor,api-gateway,0.2324,prod,platform,2026-07-26T06:00:00Z,azr-sub-platform-9c1a
Azure,AzureMonitor,api-gateway,0.2210,prod,platform,2026-07-26T07:00:00Z,azr-sub-platform-9c1a
Azure,AzureMonitor,api-gateway,0.2606,prod,platform,2026-07-26T08:00:00Z,azr-sub-platform-9c1a
Azure,AzureMonitor,api-gateway,0.2722,prod,platform,2026-07-26T09:00:00Z,azr-sub-platform-9c1a
Azure,AzureMonitor,api-gateway,0.3133,prod,platform,2026-07-26T10:00:00Z,azr-sub-platform-9c1a
Azure,AzureMonitor,api-gateway,0.3412,prod,platform,2026-07-26T11:00:00Z,azr-sub-platform-9c1a
Azure,AzureMonitor,api-gateway,0.3566,prod,platform,2026-07-26T12:00:00Z,azr-sub-platform-9c1a
Azure,AzureMonitor,api-gateway,0.3312,prod,platform,2026-07-26T13:00:00Z,azr-sub-platform-9c1a
Azure,AzureMonitor,api-gateway,0.3413,prod,platform,2026-07-26T14:00:00Z,azr-sub-platform-9c1a
Azure,AzureMonitor,api-gateway,0.3284,prod,platform,2026-07-26T15:00:00Z,azr-sub-platform-9c1a
Azure,VirtualMachines,auth-service,1.9729,prod,platform,2026-07-12T16:00:00Z,azr-sub-platform-9c1a
Azure,VirtualMachines,auth-service,2.1696,prod,platform,2026-07-12T17:00:00Z,azr-sub-platform-9c1a
Azure,VirtualMachines,auth-service,2.1803,prod,platform,2026-07-12T18:00:00Z,azr-sub-platform-9c1a
Azure,VirtualMachines,auth-service,2.0422,prod,platform,2026-07-12T19:00:00Z,azr-sub-platform-9c1a
Azure,VirtualMachines,auth-service,2.1164,prod,platform,2026-07-12T20:00:00Z,azr-sub-platform-9c1a
Azure,VirtualMachines,auth-service,1.9918,prod,platform,2026-07-12T21:00:00Z,azr-sub-platform-9c1a
Azure,VirtualMachines,auth-service,2.1135,prod,platform,2026-07-12T22:00:00Z,azr-sub-platform-9c1a
Azure,VirtualMachines,auth-service,1.9195,prod,platform,2026-07-12T23:00:00Z,azr-sub-platform-9c1a
Azure,VirtualMachines,auth-service,1.9180,prod,platform,2026-07-13T00:00:00Z,azr-sub-platform-9c1a
Azure,VirtualMachines,auth-service,1.9102,prod,platform,2026-07-13T01:00:00Z,azr-sub-platform-9c1a
Azure,VirtualMachines,auth-service,2.0498,prod,platform,2026-07-13T02:00:00Z,azr-sub-platform-9c1a
Azure,VirtualMachines,auth-service,2.2248,prod,platform,2026-07-13T03:00:00Z,azr-sub-platform-9c1a
Azure,VirtualMachines,auth-service,1.9714,prod,platform,2026-07-13T04:00:00Z,azr-sub-platform-9c1a
Azure,VirtualMachines,auth-service,1.9420,prod,platform,2026-07-13T05:00:00Z,azr-sub-platform-9c1a
Azure,VirtualMachines,auth-service,2.1986,prod,platform,2026-07-13T06:00:00Z,azr-sub-platform-9c1a
Azure,VirtualMachines,auth-service,1.9204,prod,platform,2026-07-13T07:00:00Z,azr-sub-platform-9c1a
Azure,VirtualMachines,auth-service,2.2563,prod,platform,2026-07-13T08:00:00Z,azr-sub-platform-9c1a
Azure,VirtualMachines,auth-service,2.0297,prod,platform,2026-07-13T09:00:00Z,azr-sub-platform-9c1a
Azure,VirtualMachines,auth-service,2.2165,prod,platform,2026-07-13T10:00:00Z,azr-sub-platform-9c1a
Azure,VirtualMachines,auth-service,1.9692,prod,platform,2026-07-13T11:00:00Z,azr-sub-platform-9c1a
Azure,VirtualMachines,auth-service,2.1985,prod,platform,2026-07-13T12:00:00Z,azr-sub-platform-9c1a
Azure,VirtualMachines,auth-service,2.0598,prod,platform,2026-07-13T13:00:00Z,azr-sub-platform-9c1a
Azure,VirtualMachines,auth-service,2.1831,prod,platform,2026-07-13T14:00:00Z,azr-sub-platform-9c1a
Azure,VirtualMachines,auth-service,1.9453,prod,platform,2026-07-13T15:00:00Z,azr-sub-platform-9c1a
Azure,VirtualMachines,auth-service,2.2506,prod,platform,2026-07-13T16:00:00Z,azr-sub-platform-9c1a
Azure,VirtualMachines,auth-service,2.0733,prod,platform,2026-07-13T17:00:00Z,azr-sub-platform-9c1a
Azure,VirtualMachines,auth-service,2.0558,prod,platform,2026-07-13T18:00:00Z,azr-sub-platform-9c1a
Azure,VirtualMachines,auth-service,2.2058,prod,platform,2026-07-13T19:00:00Z,azr-sub-platform-9c1a
Azure,VirtualMachines,auth-service,2.0262,prod,platform,2026-07-13T20:00:00Z,azr-sub-platform-9c1a
Azure,VirtualMachines,auth-service,2.2756,prod,platform,2026-07-13T21:00:00Z,azr-sub-platform-9c1a
Azure,VirtualMachines,auth-service,2.2984,prod,platform,2026-07-13T22:00:00Z,azr-sub-platform-9c1a
Azure,VirtualMachines,auth-service,2.2996,prod,platform,2026-07-13T23:00:00Z,azr-sub-platform-9c1a
Azure,VirtualMachines,auth-service,1.9753,prod,platform,2026-07-14T00:00:00Z,azr-sub-platform-9c1a
Azure,VirtualMachines,auth-service,2.2735,prod,platform,2026-07-14T01:00:00Z,azr-sub-platform-9c1a
Azure,VirtualMachines,auth-service,2.1009,prod,platform,2026-07-14T02:00:00Z,azr-sub-platform-9c1a
Azure,VirtualMachines,auth-service,2.1007,prod,platform,2026-07-14T03:00:00Z,azr-sub-platform-9c1a
Azure,VirtualMachines,auth-service,2.0597,prod,platform,2026-07-14T04:00:00Z,azr-sub-platform-9c1a
Azure,VirtualMachines,auth-service,2.2329,prod,platform,2026-07-14T05:00:00Z,azr-sub-platform-9c1a
Azure,VirtualMachines,auth-service,2.0643,prod,platform,2026-07-14T06:00:00Z,azr-sub-platform-9c1a
Azure,VirtualMachines,auth-service,2.0920,prod,platform,2026-07-14T07:00:00Z,azr-sub-platform-9c1a
Azure,VirtualMachines,auth-service,1.9802,prod,platform,2026-07-14T08:00:00Z,azr-sub-platform-9c1a
Azure,VirtualMachines,auth-service,2.0329,prod,platform,2026-07-14T09:00:00Z,azr-sub-platform-9c1a
Azure,VirtualMachines,auth-service,1.9557,prod,platform,2026-07-14T10:00:00Z,azr-sub-platform-9c1a
Azure,VirtualMachines,auth-service,2.0391,prod,platform,2026-07-14T11:00:00Z,azr-sub-platform-9c1a
Azure,VirtualMachines,auth-service,2.2250,prod,platform,2026-07-14T12:00:00Z,azr-sub-platform-9c1a
Azure,VirtualMachines,auth-service,1.9543,prod,platform,2026-07-14T13:00:00Z,azr-sub-platform-9c1a
Azure,VirtualMachines,auth-service,2.1949,prod,platform,2026-07-14T14:00:00Z,azr-sub-platform-9c1a
Azure,VirtualMachines,auth-service,2.2325,prod,platform,2026-07-14T15:00:00Z,azr-sub-platform-9c1a
Azure,VirtualMachines,auth-service,2.1152,prod,platform,2026-07-14T16:00:00Z,azr-sub-platform-9c1a
Azure,VirtualMachines,auth-service,2.0669,prod,platform,2026-07-14T17:00:00Z,azr-sub-platform-9c1a
Azure,VirtualMachines,auth-service,2.2461,prod,platform,2026-07-14T18:00:00Z,azr-sub-platform-9c1a
Azure,VirtualMachines,auth-service,2.0012,prod,platform,2026-07-14T19:00:00Z,azr-sub-platform-9c1a
Azure,VirtualMachines,auth-service,2.2875,prod,platform,2026-07-14T20:00:00Z,azr-sub-platform-9c1a
Azure,VirtualMachines,auth-service,2.2861,prod,platform,2026-07-14T21:00:00Z,azr-sub-platform-9c1a
Azure,VirtualMachines,auth-service,2.1034,prod,platform,2026-07-14T22:00:00Z,azr-sub-platform-9c1a
Azure,VirtualMachines,auth-service,2.0932,prod,platform,2026-07-14T23:00:00Z,azr-sub-platform-9c1a
Azure,VirtualMachines,auth-service,2.2052,prod,platform,2026-07-15T00:00:00Z,azr-sub-platform-9c1a
Azure,VirtualMachines,auth-service,2.1750,prod,platform,2026-07-15T01:00:00Z,azr-sub-platform-9c1a
Azure,VirtualMachines,auth-service,2.1299,prod,platform,2026-07-15T02:00:00Z,azr-sub-platform-9c1a
Azure,VirtualMachines,auth-service,2.1695,prod,platform,2026-07-15T03:00:00Z,azr-sub-platform-9c1a
Azure,VirtualMachines,auth-service,2.0985,prod,platform,2026-07-15T04:00:00Z,azr-sub-platform-9c1a
Azure,VirtualMachines,auth-service,1.9353,prod,platform,2026-07-15T05:00:00Z,azr-sub-platform-9c1a
Azure,VirtualMachines,auth-service,2.2380,prod,platform,2026-07-15T06:00:00Z,azr-sub-platform-9c1a
Azure,VirtualMachines,auth-service,2.1137,prod,platform,2026-07-15T07:00:00Z,azr-sub-platform-9c1a
Azure,VirtualMachines,auth-service,1.9466,prod,platform,2026-07-15T08:00:00Z,azr-sub-platform-9c1a
Azure,VirtualMachines,auth-service,1.9617,prod,platform,2026-07-15T09:00:00Z,azr-sub-platform-9c1a
Azure,VirtualMachines,auth-service,2.2607,prod,platform,2026-07-15T10:00:00Z,azr-sub-platform-9c1a
Azure,VirtualMachines,auth-service,2.0792,prod,platform,2026-07-15T11:00:00Z,azr-sub-platform-9c1a
Azure,VirtualMachines,auth-service,2.0680,prod,platform,2026-07-15T12:00:00Z,azr-sub-platform-9c1a
Azure,VirtualMachines,auth-service,2.0549,prod,platform,2026-07-15T13:00:00Z,azr-sub-platform-9c1a
Azure,VirtualMachines,auth-service,2.0184,prod,platform,2026-07-15T14:00:00Z,azr-sub-platform-9c1a
Azure,VirtualMachines,auth-service,2.2308,prod,platform,2026-07-15T15:00:00Z,azr-sub-platform-9c1a
Azure,VirtualMachines,auth-service,2.0151,prod,platform,2026-07-15T16:00:00Z,azr-sub-platform-9c1a
Azure,VirtualMachines,auth-service,1.9256,prod,platform,2026-07-15T17:00:00Z,azr-sub-platform-9c1a
Azure,VirtualMachines,auth-service,1.8739,prod,platform,2026-07-15T18:00:00Z,azr-sub-platform-9c1a
Azure,VirtualMachines,auth-service,1.9208,prod,platform,2026-07-15T19:00:00Z,azr-sub-platform-9c1a
Azure,VirtualMachines,auth-service,1.9875,prod,platform,2026-07-15T20:00:00Z,azr-sub-platform-9c1a
Azure,VirtualMachines,auth-service,2.2321,prod,platform,2026-07-15T21:00:00Z,azr-sub-platform-9c1a
Azure,VirtualMachines,auth-service,1.9677,prod,platform,2026-07-15T22:00:00Z,azr-sub-platform-9c1a
Azure,VirtualMachines,auth-service,2.1034,prod,platform,2026-07-15T23:00:00Z,azr-sub-platform-9c1a
Azure,VirtualMachines,auth-service,1.9985,prod,platform,2026-07-16T00:00:00Z,azr-sub-platform-9c1a
Azure,VirtualMachines,auth-service,2.0729,prod,platform,2026-07-16T01:00:00Z,azr-sub-platform-9c1a
Azure,VirtualMachines,auth-service,2.0719,prod,platform,2026-07-16T02:00:00Z,azr-sub-platform-9c1a
Azure,VirtualMachines,auth-service,2.2659,prod,platform,2026-07-16T03:00:00Z,azr-sub-platform-9c1a
Azure,VirtualMachines,auth-service,1.9619,prod,platform,2026-07-16T04:00:00Z,azr-sub-platform-9c1a
Azure,VirtualMachines,auth-service,2.0273,prod,platform,2026-07-16T05:00:00Z,azr-sub-platform-9c1a
Azure,VirtualMachines,auth-service,1.8812,prod,platform,2026-07-16T06:00:00Z,azr-sub-platform-9c1a
Azure,VirtualMachines,auth-service,2.2179,prod,platform,2026-07-16T07:00:00Z,azr-sub-platform-9c1a
Azure,VirtualMachines,auth-service,2.0498,prod,platform,2026-07-16T08:00:00Z,azr-sub-platform-9c1a
Azure,VirtualMachines,auth-service,2.1252,prod,platform,2026-07-16T09:00:00Z,azr-sub-platform-9c1a
Azure,VirtualMachines,auth-service,2.2504,prod,platform,2026-07-16T10:00:00Z,azr-sub-platform-9c1a
Azure,VirtualMachines,auth-service,2.2590,prod,platform,2026-07-16T11:00:00Z,azr-sub-platform-9c1a
Azure,VirtualMachines,auth-service,1.9920,prod,platform,2026-07-16T12:00:00Z,azr-sub-platform-9c1a
Azure,VirtualMachines,auth-service,1.9390,prod,platform,2026-07-16T13:00:00Z,azr-sub-platform-9c1a
Azure,VirtualMachines,auth-service,1.8760,prod,platform,2026-07-16T14:00:00Z,azr-sub-platform-9c1a
Azure,VirtualMachines,auth-service,2.2788,prod,platform,2026-07-16T15:00:00Z,azr-sub-platform-9c1a
Azure,VirtualMachines,auth-service,1.9408,prod,platform,2026-07-16T16:00:00Z,azr-sub-platform-9c1a
Azure,VirtualMachines,auth-service,1.9677,prod,platform,2026-07-16T17:00:00Z,azr-sub-platform-9c1a
Azure,VirtualMachines,auth-service,1.8799,prod,platform,2026-07-16T18:00:00Z,azr-sub-platform-9c1a
Azure,VirtualMachines,auth-service,2.0066,prod,platform,2026-07-16T19:00:00Z,azr-sub-platform-9c1a
Azure,VirtualMachines,auth-service,2.0379,prod,platform,2026-07-16T20:00:00Z,azr-sub-platform-9c1a
Azure,VirtualMachines,auth-service,1.9457,prod,platform,2026-07-16T21:00:00Z,azr-sub-platform-9c1a
Azure,VirtualMachines,auth-service,2.2625,prod,platform,2026-07-16T22:00:00Z,azr-sub-platform-9c1a
Azure,VirtualMachines,auth-service,2.1783,prod,platform,2026-07-16T23:00:00Z,azr-sub-platform-9c1a
Azure,VirtualMachines,auth-service,1.9396,prod,platform,2026-07-17T00:00:00Z,azr-sub-platform-9c1a
Azure,VirtualMachines,auth-service,1.9254,prod,platform,2026-07-17T01:00:00Z,azr-sub-platform-9c1a
Azure,VirtualMachines,auth-service,2.0189,prod,platform,2026-07-17T02:00:00Z,azr-sub-platform-9c1a
Azure,VirtualMachines,auth-service,2.1603,prod,platform,2026-07-17T03:00:00Z,azr-sub-platform-9c1a
Azure,VirtualMachines,auth-service,2.1030,prod,platform,2026-07-17T04:00:00Z,azr-sub-platform-9c1a
Azure,VirtualMachines,auth-service,1.9981,prod,platform,2026-07-17T05:00:00Z,azr-sub-platform-9c1a
Azure,VirtualMachines,auth-service,2.1633,prod,platform,2026-07-17T06:00:00Z,azr-sub-platform-9c1a
Azure,VirtualMachines,auth-service,1.9631,prod,platform,2026-07-17T07:00:00Z,azr-sub-platform-9c1a
Azure,VirtualMachines,auth-service,1.9976,prod,platform,2026-07-17T08:00:00Z,azr-sub-platform-9c1a
Azure,VirtualMachines,auth-service,1.9211,prod,platform,2026-07-17T09:00:00Z,azr-sub-platform-9c1a
Azure,VirtualMachines,auth-service,2.2502,prod,platform,2026-07-17T10:00:00Z,azr-sub-platform-9c1a
Azure,VirtualMachines,auth-service,2.2708,prod,platform,2026-07-17T11:00:00Z,azr-sub-platform-9c1a
Azure,VirtualMachines,auth-service,2.2361,prod,platform,2026-07-17T12:00:00Z,azr-sub-platform-9c1a
Azure,VirtualMachines,auth-service,2.1535,prod,platform,2026-07-17T13:00:00Z,azr-sub-platform-9c1a
Azure,VirtualMachines,auth-service,2.1047,prod,platform,2026-07-17T14:00:00Z,azr-sub-platform-9c1a
Azure,VirtualMachines,auth-service,2.0507,prod,platform,2026-07-17T15:00:00Z,azr-sub-platform-9c1a
Azure,VirtualMachines,auth-service,2.1130,prod,platform,2026-07-17T16:00:00Z,azr-sub-platform-9c1a
Azure,VirtualMachines,auth-service,1.9780,prod,platform,2026-07-17T17:00:00Z,azr-sub-platform-9c1a
Azure,VirtualMachines,auth-service,1.9712,prod,platform,2026-07-17T18:00:00Z,azr-sub-platform-9c1a
Azure,VirtualMachines,auth-service,2.2370,prod,platform,2026-07-17T19:00:00Z,azr-sub-platform-9c1a
Azure,VirtualMachines,auth-service,2.1857,prod,platform,2026-07-17T20:00:00Z,azr-sub-platform-9c1a
Azure,VirtualMachines,auth-service,2.0998,prod,platform,2026-07-17T21:00:00Z,azr-sub-platform-9c1a
Azure,VirtualMachines,auth-service,2.2175,prod,platform,2026-07-17T22:00:00Z,azr-sub-platform-9c1a
Azure,VirtualMachines,auth-service,2.1333,prod,platform,2026-07-17T23:00:00Z,azr-sub-platform-9c1a
Azure,VirtualMachines,auth-service,2.1406,prod,platform,2026-07-18T00:00:00Z,azr-sub-platform-9c1a
Azure,VirtualMachines,auth-service,2.1177,prod,platform,2026-07-18T01:00:00Z,azr-sub-platform-9c1a
Azure,VirtualMachines,auth-service,2.1353,prod,platform,2026-07-18T02:00:00Z,azr-sub-platform-9c1a
Azure,VirtualMachines,auth-service,2.0196,prod,platform,2026-07-18T03:00:00Z,azr-sub-platform-9c1a
Azure,VirtualMachines,auth-service,1.8619,prod,platform,2026-07-18T04:00:00Z,azr-sub-platform-9c1a
Azure,VirtualMachines,auth-service,2.0235,prod,platform,2026-07-18T05:00:00Z,azr-sub-platform-9c1a
Azure,VirtualMachines,auth-service,1.9037,prod,platform,2026-07-18T06:00:00Z,azr-sub-platform-9c1a
Azure,VirtualMachines,auth-service,2.0550,prod,platform,2026-07-18T07:00:00Z,azr-sub-platform-9c1a
Azure,VirtualMachines,auth-service,2.0591,prod,platform,2026-07-18T08:00:00Z,azr-sub-platform-9c1a
Azure,VirtualMachines,auth-service,2.0416,prod,platform,2026-07-18T09:00:00Z,azr-sub-platform-9c1a
Azure,VirtualMachines,auth-service,1.9133,prod,platform,2026-07-18T10:00:00Z,azr-sub-platform-9c1a
Azure,VirtualMachines,auth-service,1.9127,prod,platform,2026-07-18T11:00:00Z,azr-sub-platform-9c1a
Azure,VirtualMachines,auth-service,1.8812,prod,platform,2026-07-18T12:00:00Z,azr-sub-platform-9c1a
Azure,VirtualMachines,auth-service,1.8566,prod,platform,2026-07-18T13:00:00Z,azr-sub-platform-9c1a
Azure,VirtualMachines,auth-service,1.8948,prod,platform,2026-07-18T14:00:00Z,azr-sub-platform-9c1a
Azure,VirtualMachines,auth-service,1.7863,prod,platform,2026-07-18T15:00:00Z,azr-sub-platform-9c1a
Azure,VirtualMachines,auth-service,1.9973,prod,platform,2026-07-18T16:00:00Z,azr-sub-platform-9c1a
Azure,VirtualMachines,auth-service,1.9748,prod,platform,2026-07-18T17:00:00Z,azr-sub-platform-9c1a
Azure,VirtualMachines,auth-service,1.9774,prod,platform,2026-07-18T18:00:00Z,azr-sub-platform-9c1a
Azure,VirtualMachines,auth-service,1.9414,prod,platform,2026-07-18T19:00:00Z,azr-sub-platform-9c1a
Azure,VirtualMachines,auth-service,1.9945,prod,platform,2026-07-18T20:00:00Z,azr-sub-platform-9c1a
Azure,VirtualMachines,auth-service,1.8986,prod,platform,2026-07-18T21:00:00Z,azr-sub-platform-9c1a
Azure,VirtualMachines,auth-service,1.8580,prod,platform,2026-07-18T22:00:00Z,azr-sub-platform-9c1a
Azure,VirtualMachines,auth-service,1.9980,prod,platform,2026-07-18T23:00:00Z,azr-sub-platform-9c1a
Azure,VirtualMachines,auth-service,1.9298,prod,platform,2026-07-19T00:00:00Z,azr-sub-platform-9c1a
Azure,VirtualMachines,auth-service,1.8459,prod,platform,2026-07-19T01:00:00Z,azr-sub-platform-9c1a
Azure,VirtualMachines,auth-service,1.8624,prod,platform,2026-07-19T02:00:00Z,azr-sub-platform-9c1a
Azure,VirtualMachines,auth-service,2.1209,prod,platform,2026-07-19T03:00:00Z,azr-sub-platform-9c1a
Azure,VirtualMachines,auth-service,1.9199,prod,platform,2026-07-19T04:00:00Z,azr-sub-platform-9c1a
Azure,VirtualMachines,auth-service,2.0579,prod,platform,2026-07-19T05:00:00Z,azr-sub-platform-9c1a
Azure,VirtualMachines,auth-service,1.9942,prod,platform,2026-07-19T06:00:00Z,azr-sub-platform-9c1a
Azure,VirtualMachines,auth-service,1.9670,prod,platform,2026-07-19T07:00:00Z,azr-sub-platform-9c1a
Azure,VirtualMachines,auth-service,1.9009,prod,platform,2026-07-19T08:00:00Z,azr-sub-platform-9c1a
Azure,VirtualMachines,auth-service,2.0290,prod,platform,2026-07-19T09:00:00Z,azr-sub-platform-9c1a
Azure,VirtualMachines,auth-service,1.8907,prod,platform,2026-07-19T10:00:00Z,azr-sub-platform-9c1a
Azure,VirtualMachines,auth-service,1.9140,prod,platform,2026-07-19T11:00:00Z,azr-sub-platform-9c1a
Azure,VirtualMachines,auth-service,2.0492,prod,platform,2026-07-19T12:00:00Z,azr-sub-platform-9c1a
Azure,VirtualMachines,auth-service,1.8601,prod,platform,2026-07-19T13:00:00Z,azr-sub-platform-9c1a
Azure,VirtualMachines,auth-service,1.9844,prod,platform,2026-07-19T14:00:00Z,azr-sub-platform-9c1a
Azure,VirtualMachines,auth-service,1.9120,prod,platform,2026-07-19T15:00:00Z,azr-sub-platform-9c1a
Azure,VirtualMachines,auth-service,1.8235,prod,platform,2026-07-19T16:00:00Z,azr-sub-platform-9c1a
Azure,VirtualMachines,auth-service,1.7940,prod,platform,2026-07-19T17:00:00Z,azr-sub-platform-9c1a
Azure,VirtualMachines,auth-service,2.0884,prod,platform,2026-07-19T18:00:00Z,azr-sub-platform-9c1a
Azure,VirtualMachines,auth-service,2.0453,prod,platform,2026-07-19T19:00:00Z,azr-sub-platform-9c1a
Azure,VirtualMachines,auth-service,1.8896,prod,platform,2026-07-19T20:00:00Z,azr-sub-platform-9c1a
Azure,VirtualMachines,auth-service,1.9622,prod,platform,2026-07-19T21:00:00Z,azr-sub-platform-9c1a
Azure,VirtualMachines,auth-service,1.9595,prod,platform,2026-07-19T22:00:00Z,azr-sub-platform-9c1a
Azure,VirtualMachines,auth-service,1.9520,prod,platform,2026-07-19T23:00:00Z,azr-sub-platform-9c1a
Azure,VirtualMachines,auth-service,2.0995,prod,platform,2026-07-20T00:00:00Z,azr-sub-platform-9c1a
Azure,VirtualMachines,auth-service,1.8420,prod,platform,2026-07-20T01:00:00Z,azr-sub-platform-9c1a
Azure,VirtualMachines,auth-service,2.0422,prod,platform,2026-07-20T02:00:00Z,azr-sub-platform-9c1a
Azure,VirtualMachines,auth-service,2.0967,prod,platform,2026-07-20T03:00:00Z,azr-sub-platform-9c1a
Azure,VirtualMachines,auth-service,2.0224,prod,platform,2026-07-20T04:00:00Z,azr-sub-platform-9c1a
Azure,VirtualMachines,auth-service,1.8771,prod,platform,2026-07-20T05:00:00Z,azr-sub-platform-9c1a
Azure,VirtualMachines,auth-service,2.1277,prod,platform,2026-07-20T06:00:00Z,azr-sub-platform-9c1a
Azure,VirtualMachines,auth-service,2.0851,prod,platform,2026-07-20T07:00:00Z,azr-sub-platform-9c1a
Azure,VirtualMachines,auth-service,2.1997,prod,platform,2026-07-20T08:00:00Z,azr-sub-platform-9c1a
Azure,VirtualMachines,auth-service,1.8921,prod,platform,2026-07-20T09:00:00Z,azr-sub-platform-9c1a
Azure,VirtualMachines,auth-service,1.8652,prod,platform,2026-07-20T10:00:00Z,azr-sub-platform-9c1a
Azure,VirtualMachines,auth-service,2.1735,prod,platform,2026-07-20T11:00:00Z,azr-sub-platform-9c1a
Azure,VirtualMachines,auth-service,1.9403,prod,platform,2026-07-20T12:00:00Z,azr-sub-platform-9c1a
Azure,VirtualMachines,auth-service,1.8757,prod,platform,2026-07-20T13:00:00Z,azr-sub-platform-9c1a
Azure,VirtualMachines,auth-service,1.9565,prod,platform,2026-07-20T14:00:00Z,azr-sub-platform-9c1a
Azure,VirtualMachines,auth-service,1.9021,prod,platform,2026-07-20T15:00:00Z,azr-sub-platform-9c1a
Azure,VirtualMachines,auth-service,1.9693,prod,platform,2026-07-20T16:00:00Z,azr-sub-platform-9c1a
Azure,VirtualMachines,auth-service,2.1251,prod,platform,2026-07-20T17:00:00Z,azr-sub-platform-9c1a
Azure,VirtualMachines,auth-service,1.9159,prod,platform,2026-07-20T18:00:00Z,azr-sub-platform-9c1a
Azure,VirtualMachines,auth-service,1.9899,prod,platform,2026-07-20T19:00:00Z,azr-sub-platform-9c1a
Azure,VirtualMachines,auth-service,2.0284,prod,platform,2026-07-20T20:00:00Z,azr-sub-platform-9c1a
Azure,VirtualMachines,auth-service,2.1473,prod,platform,2026-07-20T21:00:00Z,azr-sub-platform-9c1a
Azure,VirtualMachines,auth-service,2.0003,prod,platform,2026-07-20T22:00:00Z,azr-sub-platform-9c1a
Azure,VirtualMachines,auth-service,2.0458,prod,platform,2026-07-20T23:00:00Z,azr-sub-platform-9c1a
Azure,VirtualMachines,auth-service,2.0060,prod,platform,2026-07-21T00:00:00Z,azr-sub-platform-9c1a
Azure,VirtualMachines,auth-service,1.9308,prod,platform,2026-07-21T01:00:00Z,azr-sub-platform-9c1a
Azure,VirtualMachines,auth-service,2.2242,prod,platform,2026-07-21T02:00:00Z,azr-sub-platform-9c1a
Azure,VirtualMachines,auth-service,2.0106,prod,platform,2026-07-21T03:00:00Z,azr-sub-platform-9c1a
Azure,VirtualMachines,auth-service,2.0873,prod,platform,2026-07-21T04:00:00Z,azr-sub-platform-9c1a
Azure,VirtualMachines,auth-service,1.8667,prod,platform,2026-07-21T05:00:00Z,azr-sub-platform-9c1a
Azure,VirtualMachines,auth-service,2.0435,prod,platform,2026-07-21T06:00:00Z,azr-sub-platform-9c1a
Azure,VirtualMachines,auth-service,2.1414,prod,platform,2026-07-21T07:00:00Z,azr-sub-platform-9c1a
Azure,VirtualMachines,auth-service,1.9328,prod,platform,2026-07-21T08:00:00Z,azr-sub-platform-9c1a
Azure,VirtualMachines,auth-service,1.8956,prod,platform,2026-07-21T09:00:00Z,azr-sub-platform-9c1a
Azure,VirtualMachines,auth-service,2.2326,prod,platform,2026-07-21T10:00:00Z,azr-sub-platform-9c1a
Azure,VirtualMachines,auth-service,2.0671,prod,platform,2026-07-21T11:00:00Z,azr-sub-platform-9c1a
Azure,VirtualMachines,auth-service,1.8441,prod,platform,2026-07-21T12:00:00Z,azr-sub-platform-9c1a
Azure,VirtualMachines,auth-service,2.0405,prod,platform,2026-07-21T13:00:00Z,azr-sub-platform-9c1a
Azure,VirtualMachines,auth-service,2.1684,prod,platform,2026-07-21T14:00:00Z,azr-sub-platform-9c1a
Azure,VirtualMachines,auth-service,1.9038,prod,platform,2026-07-21T15:00:00Z,azr-sub-platform-9c1a
Azure,VirtualMachines,auth-service,1.8643,prod,platform,2026-07-21T16:00:00Z,azr-sub-platform-9c1a
Azure,VirtualMachines,auth-service,1.9182,prod,platform,2026-07-21T17:00:00Z,azr-sub-platform-9c1a
Azure,VirtualMachines,auth-service,1.9498,prod,platform,2026-07-21T18:00:00Z,azr-sub-platform-9c1a
Azure,VirtualMachines,auth-service,1.8595,prod,platform,2026-07-21T19:00:00Z,azr-sub-platform-9c1a
Azure,VirtualMachines,auth-service,1.9302,prod,platform,2026-07-21T20:00:00Z,azr-sub-platform-9c1a
Azure,VirtualMachines,auth-service,1.9399,prod,platform,2026-07-21T21:00:00Z,azr-sub-platform-9c1a
Azure,VirtualMachines,auth-service,1.9803,prod,platform,2026-07-21T22:00:00Z,azr-sub-platform-9c1a
Azure,VirtualMachines,auth-service,1.9264,prod,platform,2026-07-21T23:00:00Z,azr-sub-platform-9c1a
Azure,VirtualMachines,auth-service,1.8493,prod,platform,2026-07-22T00:00:00Z,azr-sub-platform-9c1a
Azure,VirtualMachines,auth-service,1.8251,prod,platform,2026-07-22T01:00:00Z,azr-sub-platform-9c1a
Azure,VirtualMachines,auth-service,2.0670,prod,platform,2026-07-22T02:00:00Z,azr-sub-platform-9c1a
Azure,VirtualMachines,auth-service,1.8425,prod,platform,2026-07-22T03:00:00Z,azr-sub-platform-9c1a
Azure,VirtualMachines,auth-service,2.1334,prod,platform,2026-07-22T04:00:00Z,azr-sub-platform-9c1a
Azure,VirtualMachines,auth-service,1.8359,prod,platform,2026-07-22T05:00:00Z,azr-sub-platform-9c1a
Azure,VirtualMachines,auth-service,1.9254,prod,platform,2026-07-22T06:00:00Z,azr-sub-platform-9c1a
Azure,VirtualMachines,auth-service,2.1928,prod,platform,2026-07-22T07:00:00Z,azr-sub-platform-9c1a
Azure,VirtualMachines,auth-service,1.8368,prod,platform,2026-07-22T08:00:00Z,azr-sub-platform-9c1a
Azure,VirtualMachines,auth-service,2.1835,prod,platform,2026-07-22T09:00:00Z,azr-sub-platform-9c1a
Azure,VirtualMachines,auth-service,2.1796,prod,platform,2026-07-22T10:00:00Z,azr-sub-platform-9c1a
Azure,VirtualMachines,auth-service,2.1390,prod,platform,2026-07-22T11:00:00Z,azr-sub-platform-9c1a
Azure,VirtualMachines,auth-service,1.8377,prod,platform,2026-07-22T12:00:00Z,azr-sub-platform-9c1a
Azure,VirtualMachines,auth-service,1.8525,prod,platform,2026-07-22T13:00:00Z,azr-sub-platform-9c1a
Azure,VirtualMachines,auth-service,1.8940,prod,platform,2026-07-22T14:00:00Z,azr-sub-platform-9c1a
Azure,VirtualMachines,auth-service,2.0204,prod,platform,2026-07-22T15:00:00Z,azr-sub-platform-9c1a
Azure,VirtualMachines,auth-service,2.1948,prod,platform,2026-07-22T16:00:00Z,azr-sub-platform-9c1a
Azure,VirtualMachines,auth-service,2.0720,prod,platform,2026-07-22T17:00:00Z,azr-sub-platform-9c1a
Azure,VirtualMachines,auth-service,2.0986,prod,platform,2026-07-22T18:00:00Z,azr-sub-platform-9c1a
Azure,VirtualMachines,auth-service,1.8814,prod,platform,2026-07-22T19:00:00Z,azr-sub-platform-9c1a
Azure,VirtualMachines,auth-service,2.0755,prod,platform,2026-07-22T20:00:00Z,azr-sub-platform-9c1a
Azure,VirtualMachines,auth-service,1.9375,prod,platform,2026-07-22T21:00:00Z,azr-sub-platform-9c1a
Azure,VirtualMachines,auth-service,2.0485,prod,platform,2026-07-22T22:00:00Z,azr-sub-platform-9c1a
Azure,VirtualMachines,auth-service,2.0684,prod,platform,2026-07-22T23:00:00Z,azr-sub-platform-9c1a
Azure,VirtualMachines,auth-service,2.0756,prod,platform,2026-07-23T00:00:00Z,azr-sub-platform-9c1a
Azure,VirtualMachines,auth-service,2.0303,prod,platform,2026-07-23T01:00:00Z,azr-sub-platform-9c1a
Azure,VirtualMachines,auth-service,2.1796,prod,platform,2026-07-23T02:00:00Z,azr-sub-platform-9c1a
Azure,VirtualMachines,auth-service,1.8710,prod,platform,2026-07-23T03:00:00Z,azr-sub-platform-9c1a
Azure,VirtualMachines,auth-service,2.0894,prod,platform,2026-07-23T04:00:00Z,azr-sub-platform-9c1a
Azure,VirtualMachines,auth-service,2.0448,prod,platform,2026-07-23T05:00:00Z,azr-sub-platform-9c1a
Azure,VirtualMachines,auth-service,2.0269,prod,platform,2026-07-23T06:00:00Z,azr-sub-platform-9c1a
Azure,VirtualMachines,auth-service,2.1702,prod,platform,2026-07-23T07:00:00Z,azr-sub-platform-9c1a
Azure,VirtualMachines,auth-service,1.8658,prod,platform,2026-07-23T08:00:00Z,azr-sub-platform-9c1a
Azure,VirtualMachines,auth-service,1.9352,prod,platform,2026-07-23T09:00:00Z,azr-sub-platform-9c1a
Azure,VirtualMachines,auth-service,1.8555,prod,platform,2026-07-23T10:00:00Z,azr-sub-platform-9c1a
Azure,VirtualMachines,auth-service,2.0556,prod,platform,2026-07-23T11:00:00Z,azr-sub-platform-9c1a
Azure,VirtualMachines,auth-service,1.8205,prod,platform,2026-07-23T12:00:00Z,azr-sub-platform-9c1a
Azure,VirtualMachines,auth-service,2.1894,prod,platform,2026-07-23T13:00:00Z,azr-sub-platform-9c1a
Azure,VirtualMachines,auth-service,2.1520,prod,platform,2026-07-23T14:00:00Z,azr-sub-platform-9c1a
Azure,VirtualMachines,auth-service,1.8634,prod,platform,2026-07-23T15:00:00Z,azr-sub-platform-9c1a
Azure,VirtualMachines,auth-service,2.1949,prod,platform,2026-07-23T16:00:00Z,azr-sub-platform-9c1a
Azure,VirtualMachines,auth-service,1.9202,prod,platform,2026-07-23T17:00:00Z,azr-sub-platform-9c1a
Azure,VirtualMachines,auth-service,1.9851,prod,platform,2026-07-23T18:00:00Z,azr-sub-platform-9c1a
Azure,VirtualMachines,auth-service,2.2079,prod,platform,2026-07-23T19:00:00Z,azr-sub-platform-9c1a
Azure,VirtualMachines,auth-service,1.9908,prod,platform,2026-07-23T20:00:00Z,azr-sub-platform-9c1a
Azure,VirtualMachines,auth-service,2.1870,prod,platform,2026-07-23T21:00:00Z,azr-sub-platform-9c1a
Azure,VirtualMachines,auth-service,1.8696,prod,platform,2026-07-23T22:00:00Z,azr-sub-platform-9c1a
Azure,VirtualMachines,auth-service,2.1395,prod,platform,2026-07-23T23:00:00Z,azr-sub-platform-9c1a
Azure,VirtualMachines,auth-service,2.1324,prod,platform,2026-07-24T00:00:00Z,azr-sub-platform-9c1a
Azure,VirtualMachines,auth-service,2.1875,prod,platform,2026-07-24T01:00:00Z,azr-sub-platform-9c1a
Azure,VirtualMachines,auth-service,2.1451,prod,platform,2026-07-24T02:00:00Z,azr-sub-platform-9c1a
Azure,VirtualMachines,auth-service,1.8413,prod,platform,2026-07-24T03:00:00Z,azr-sub-platform-9c1a
Azure,VirtualMachines,auth-service,2.1808,prod,platform,2026-07-24T04:00:00Z,azr-sub-platform-9c1a
Azure,VirtualMachines,auth-service,1.9522,prod,platform,2026-07-24T05:00:00Z,azr-sub-platform-9c1a
Azure,VirtualMachines,auth-service,1.9828,prod,platform,2026-07-24T06:00:00Z,azr-sub-platform-9c1a
Azure,VirtualMachines,auth-service,2.0733,prod,platform,2026-07-24T07:00:00Z,azr-sub-platform-9c1a
Azure,VirtualMachines,auth-service,2.0519,prod,platform,2026-07-24T08:00:00Z,azr-sub-platform-9c1a
Azure,VirtualMachines,auth-service,2.0882,prod,platform,2026-07-24T09:00:00Z,azr-sub-platform-9c1a
Azure,VirtualMachines,auth-service,2.0259,prod,platform,2026-07-24T10:00:00Z,azr-sub-platform-9c1a
Azure,VirtualMachines,auth-service,2.0519,prod,platform,2026-07-24T11:00:00Z,azr-sub-platform-9c1a
Azure,VirtualMachines,auth-service,1.9960,prod,platform,2026-07-24T12:00:00Z,azr-sub-platform-9c1a
Azure,VirtualMachines,auth-service,1.9831,prod,platform,2026-07-24T13:00:00Z,azr-sub-platform-9c1a
Azure,VirtualMachines,auth-service,2.0725,prod,platform,2026-07-24T14:00:00Z,azr-sub-platform-9c1a
Azure,VirtualMachines,auth-service,1.8335,prod,platform,2026-07-24T15:00:00Z,azr-sub-platform-9c1a
Azure,VirtualMachines,auth-service,1.8290,prod,platform,2026-07-24T16:00:00Z,azr-sub-platform-9c1a
Azure,VirtualMachines,auth-service,1.8225,prod,platform,2026-07-24T17:00:00Z,azr-sub-platform-9c1a
Azure,VirtualMachines,auth-service,2.0295,prod,platform,2026-07-24T18:00:00Z,azr-sub-platform-9c1a
Azure,VirtualMachines,auth-service,2.0556,prod,platform,2026-07-24T19:00:00Z,azr-sub-platform-9c1a
Azure,VirtualMachines,auth-service,1.8561,prod,platform,2026-07-24T20:00:00Z,azr-sub-platform-9c1a
Azure,VirtualMachines,auth-service,2.0872,prod,platform,2026-07-24T21:00:00Z,azr-sub-platform-9c1a
Azure,VirtualMachines,auth-service,1.9363,prod,platform,2026-07-24T22:00:00Z,azr-sub-platform-9c1a
Azure,VirtualMachines,auth-service,2.1514,prod,platform,2026-07-24T23:00:00Z,azr-sub-platform-9c1a
Azure,VirtualMachines,auth-service,2.0225,prod,platform,2026-07-25T00:00:00Z,azr-sub-platform-9c1a
Azure,VirtualMachines,auth-service,1.7313,prod,platform,2026-07-25T01:00:00Z,azr-sub-platform-9c1a
Azure,VirtualMachines,auth-service,1.9506,prod,platform,2026-07-25T02:00:00Z,azr-sub-platform-9c1a
Azure,VirtualMachines,auth-service,2.0351,prod,platform,2026-07-25T03:00:00Z,azr-sub-platform-9c1a
Azure,VirtualMachines,auth-service,1.7448,prod,platform,2026-07-25T04:00:00Z,azr-sub-platform-9c1a
Azure,VirtualMachines,auth-service,1.7240,prod,platform,2026-07-25T05:00:00Z,azr-sub-platform-9c1a
Azure,VirtualMachines,auth-service,1.7419,prod,platform,2026-07-25T06:00:00Z,azr-sub-platform-9c1a
Azure,VirtualMachines,auth-service,1.8437,prod,platform,2026-07-25T07:00:00Z,azr-sub-platform-9c1a
Azure,VirtualMachines,auth-service,2.0585,prod,platform,2026-07-25T08:00:00Z,azr-sub-platform-9c1a
Azure,VirtualMachines,auth-service,1.8190,prod,platform,2026-07-25T09:00:00Z,azr-sub-platform-9c1a
Azure,VirtualMachines,auth-service,1.7993,prod,platform,2026-07-25T10:00:00Z,azr-sub-platform-9c1a
Azure,VirtualMachines,auth-service,1.9197,prod,platform,2026-07-25T11:00:00Z,azr-sub-platform-9c1a
Azure,VirtualMachines,auth-service,1.8857,prod,platform,2026-07-25T12:00:00Z,azr-sub-platform-9c1a
Azure,VirtualMachines,auth-service,1.8802,prod,platform,2026-07-25T13:00:00Z,azr-sub-platform-9c1a
Azure,VirtualMachines,auth-service,1.8739,prod,platform,2026-07-25T14:00:00Z,azr-sub-platform-9c1a
Azure,VirtualMachines,auth-service,1.8072,prod,platform,2026-07-25T15:00:00Z,azr-sub-platform-9c1a
Azure,VirtualMachines,auth-service,1.9387,prod,platform,2026-07-25T16:00:00Z,azr-sub-platform-9c1a
Azure,VirtualMachines,auth-service,2.0364,prod,platform,2026-07-25T17:00:00Z,azr-sub-platform-9c1a
Azure,VirtualMachines,auth-service,1.8113,prod,platform,2026-07-25T18:00:00Z,azr-sub-platform-9c1a
Azure,VirtualMachines,auth-service,1.7970,prod,platform,2026-07-25T19:00:00Z,azr-sub-platform-9c1a
Azure,VirtualMachines,auth-service,1.8849,prod,platform,2026-07-25T20:00:00Z,azr-sub-platform-9c1a
Azure,VirtualMachines,auth-service,1.8575,prod,platform,2026-07-25T21:00:00Z,azr-sub-platform-9c1a
Azure,VirtualMachines,auth-service,1.9205,prod,platform,2026-07-25T22:00:00Z,azr-sub-platform-9c1a
Azure,VirtualMachines,auth-service,2.0430,prod,platform,2026-07-25T23:00:00Z,azr-sub-platform-9c1a
Azure,VirtualMachines,auth-service,1.7049,prod,platform,2026-07-26T00:00:00Z,azr-sub-platform-9c1a
Azure,VirtualMachines,auth-service,1.9626,prod,platform,2026-07-26T01:00:00Z,azr-sub-platform-9c1a
Azure,VirtualMachines,auth-service,1.9051,prod,platform,2026-07-26T02:00:00Z,azr-sub-platform-9c1a
Azure,VirtualMachines,auth-service,1.8240,prod,platform,2026-07-26T03:00:00Z,azr-sub-platform-9c1a
Azure,VirtualMachines,auth-service,1.9391,prod,platform,2026-07-26T04:00:00Z,azr-sub-platform-9c1a
Azure,VirtualMachines,auth-service,1.7949,prod,platform,2026-07-26T05:00:00Z,azr-sub-platform-9c1a
Azure,VirtualMachines,auth-service,1.9964,prod,platform,2026-07-26T06:00:00Z,azr-sub-platform-9c1a
Azure,VirtualMachines,auth-service,1.8170,prod,platform,2026-07-26T07:00:00Z,azr-sub-platform-9c1a
Azure,VirtualMachines,auth-service,1.9516,prod,platform,2026-07-26T08:00:00Z,azr-sub-platform-9c1a
Azure,VirtualMachines,auth-service,1.7995,prod,platform,2026-07-26T09:00:00Z,azr-sub-platform-9c1a
Azure,VirtualMachines,auth-service,1.7327,prod,platform,2026-07-26T10:00:00Z,azr-sub-platform-9c1a
Azure,VirtualMachines,auth-service,1.7150,prod,platform,2026-07-26T11:00:00Z,azr-sub-platform-9c1a
Azure,VirtualMachines,auth-service,2.0745,prod,platform,2026-07-26T12:00:00Z,azr-sub-platform-9c1a
Azure,VirtualMachines,auth-service,1.7918,prod,platform,2026-07-26T13:00:00Z,azr-sub-platform-9c1a
Azure,VirtualMachines,auth-service,2.0600,prod,platform,2026-07-26T14:00:00Z,azr-sub-platform-9c1a
Azure,VirtualMachines,auth-service,2.0630,prod,platform,2026-07-26T15:00:00Z,azr-sub-platform-9c1a
Azure,VirtualMachines,auth-service,0.5816,staging,platform,2026-07-13T07:00:00Z,azr-sub-platform-9c1a
Azure,VirtualMachines,auth-service,0.6597,staging,platform,2026-07-13T08:00:00Z,azr-sub-platform-9c1a
Azure,VirtualMachines,auth-service,0.6260,staging,platform,2026-07-13T09:00:00Z,azr-sub-platform-9c1a
Azure,VirtualMachines,auth-service,0.5997,staging,platform,2026-07-13T10:00:00Z,azr-sub-platform-9c1a
Azure,VirtualMachines,auth-service,0.5660,staging,platform,2026-07-13T11:00:00Z,azr-sub-platform-9c1a
Azure,VirtualMachines,auth-service,0.5570,staging,platform,2026-07-13T12:00:00Z,azr-sub-platform-9c1a
Azure,VirtualMachines,auth-service,0.5666,staging,platform,2026-07-13T13:00:00Z,azr-sub-platform-9c1a
Azure,VirtualMachines,auth-service,0.5700,staging,platform,2026-07-13T14:00:00Z,azr-sub-platform-9c1a
Azure,VirtualMachines,auth-service,0.5824,staging,platform,2026-07-13T15:00:00Z,azr-sub-platform-9c1a
Azure,VirtualMachines,auth-service,0.6308,staging,platform,2026-07-13T16:00:00Z,azr-sub-platform-9c1a
Azure,VirtualMachines,auth-service,0.5477,staging,platform,2026-07-13T17:00:00Z,azr-sub-platform-9c1a
Azure,VirtualMachines,auth-service,0.5523,staging,platform,2026-07-13T18:00:00Z,azr-sub-platform-9c1a
Azure,VirtualMachines,auth-service,0.5396,staging,platform,2026-07-14T07:00:00Z,azr-sub-platform-9c1a
Azure,VirtualMachines,auth-service,0.5806,staging,platform,2026-07-14T08:00:00Z,azr-sub-platform-9c1a
Azure,VirtualMachines,auth-service,0.6287,staging,platform,2026-07-14T09:00:00Z,azr-sub-platform-9c1a
Azure,VirtualMachines,auth-service,0.6209,staging,platform,2026-07-14T10:00:00Z,azr-sub-platform-9c1a
Azure,VirtualMachines,auth-service,0.6025,staging,platform,2026-07-14T11:00:00Z,azr-sub-platform-9c1a
Azure,VirtualMachines,auth-service,0.5920,staging,platform,2026-07-14T12:00:00Z,azr-sub-platform-9c1a
Azure,VirtualMachines,auth-service,0.5452,staging,platform,2026-07-14T13:00:00Z,azr-sub-platform-9c1a
Azure,VirtualMachines,auth-service,0.5782,staging,platform,2026-07-14T14:00:00Z,azr-sub-platform-9c1a
Azure,VirtualMachines,auth-service,0.5757,staging,platform,2026-07-14T15:00:00Z,azr-sub-platform-9c1a
Azure,VirtualMachines,auth-service,0.5942,staging,platform,2026-07-14T16:00:00Z,azr-sub-platform-9c1a
Azure,VirtualMachines,auth-service,0.6126,staging,platform,2026-07-14T17:00:00Z,azr-sub-platform-9c1a
Azure,VirtualMachines,auth-service,0.5845,staging,platform,2026-07-14T18:00:00Z,azr-sub-platform-9c1a
Azure,VirtualMachines,auth-service,0.5431,staging,platform,2026-07-15T07:00:00Z,azr-sub-platform-9c1a
Azure,VirtualMachines,auth-service,0.6174,staging,platform,2026-07-15T08:00:00Z,azr-sub-platform-9c1a
Azure,VirtualMachines,auth-service,0.5734,staging,platform,2026-07-15T09:00:00Z,azr-sub-platform-9c1a
Azure,VirtualMachines,auth-service,0.6459,staging,platform,2026-07-15T10:00:00Z,azr-sub-platform-9c1a
Azure,VirtualMachines,auth-service,0.5978,staging,platform,2026-07-15T11:00:00Z,azr-sub-platform-9c1a
Azure,VirtualMachines,auth-service,0.5817,staging,platform,2026-07-15T12:00:00Z,azr-sub-platform-9c1a
Azure,VirtualMachines,auth-service,0.5906,staging,platform,2026-07-15T13:00:00Z,azr-sub-platform-9c1a
Azure,VirtualMachines,auth-service,0.5411,staging,platform,2026-07-15T14:00:00Z,azr-sub-platform-9c1a
Azure,VirtualMachines,auth-service,0.5558,staging,platform,2026-07-15T15:00:00Z,azr-sub-platform-9c1a
Azure,VirtualMachines,auth-service,0.5877,staging,platform,2026-07-15T16:00:00Z,azr-sub-platform-9c1a
Azure,VirtualMachines,auth-service,0.5400,staging,platform,2026-07-15T17:00:00Z,azr-sub-platform-9c1a
Azure,VirtualMachines,auth-service,0.5438,staging,platform,2026-07-15T18:00:00Z,azr-sub-platform-9c1a
Azure,VirtualMachines,auth-service,0.5593,staging,platform,2026-07-16T07:00:00Z,azr-sub-platform-9c1a
Azure,VirtualMachines,auth-service,0.6085,staging,platform,2026-07-16T08:00:00Z,azr-sub-platform-9c1a
Azure,VirtualMachines,auth-service,0.5803,staging,platform,2026-07-16T09:00:00Z,azr-sub-platform-9c1a
Azure,VirtualMachines,auth-service,0.6092,staging,platform,2026-07-16T10:00:00Z,azr-sub-platform-9c1a
Azure,VirtualMachines,auth-service,0.6335,staging,platform,2026-07-16T11:00:00Z,azr-sub-platform-9c1a
Azure,VirtualMachines,auth-service,0.5653,staging,platform,2026-07-16T12:00:00Z,azr-sub-platform-9c1a
Azure,VirtualMachines,auth-service,0.6219,staging,platform,2026-07-16T13:00:00Z,azr-sub-platform-9c1a
Azure,VirtualMachines,auth-service,0.6088,staging,platform,2026-07-16T14:00:00Z,azr-sub-platform-9c1a
Azure,VirtualMachines,auth-service,0.6475,staging,platform,2026-07-16T15:00:00Z,azr-sub-platform-9c1a
Azure,VirtualMachines,auth-service,0.6150,staging,platform,2026-07-16T16:00:00Z,azr-sub-platform-9c1a
Azure,VirtualMachines,auth-service,0.5519,staging,platform,2026-07-16T17:00:00Z,azr-sub-platform-9c1a
Azure,VirtualMachines,auth-service,0.5682,staging,platform,2026-07-16T18:00:00Z,azr-sub-platform-9c1a
Azure,VirtualMachines,auth-service,0.5512,staging,platform,2026-07-17T07:00:00Z,azr-sub-platform-9c1a
Azure,VirtualMachines,auth-service,0.6205,staging,platform,2026-07-17T08:00:00Z,azr-sub-platform-9c1a
Azure,VirtualMachines,auth-service,0.6245,staging,platform,2026-07-17T09:00:00Z,azr-sub-platform-9c1a
Azure,VirtualMachines,auth-service,0.6052,staging,platform,2026-07-17T10:00:00Z,azr-sub-platform-9c1a
Azure,VirtualMachines,auth-service,0.5841,staging,platform,2026-07-17T11:00:00Z,azr-sub-platform-9c1a
Azure,VirtualMachines,auth-service,0.5403,staging,platform,2026-07-17T12:00:00Z,azr-sub-platform-9c1a
Azure,VirtualMachines,auth-service,0.5653,staging,platform,2026-07-17T13:00:00Z,azr-sub-platform-9c1a
Azure,VirtualMachines,auth-service,0.6200,staging,platform,2026-07-17T14:00:00Z,azr-sub-platform-9c1a
Azure,VirtualMachines,auth-service,0.5773,staging,platform,2026-07-17T15:00:00Z,azr-sub-platform-9c1a
Azure,VirtualMachines,auth-service,0.5372,staging,platform,2026-07-17T16:00:00Z,azr-sub-platform-9c1a
Azure,VirtualMachines,auth-service,0.5680,staging,platform,2026-07-17T17:00:00Z,azr-sub-platform-9c1a
Azure,VirtualMachines,auth-service,0.5744,staging,platform,2026-07-17T18:00:00Z,azr-sub-platform-9c1a
Azure,VirtualMachines,auth-service,0.5940,staging,platform,2026-07-20T07:00:00Z,azr-sub-platform-9c1a
Azure,VirtualMachines,auth-service,0.6364,staging,platform,2026-07-20T08:00:00Z,azr-sub-platform-9c1a
Azure,VirtualMachines,auth-service,0.6091,staging,platform,2026-07-20T09:00:00Z,azr-sub-platform-9c1a
Azure,VirtualMachines,auth-service,0.5458,staging,platform,2026-07-20T10:00:00Z,azr-sub-platform-9c1a
Azure,VirtualMachines,auth-service,0.5549,staging,platform,2026-07-20T11:00:00Z,azr-sub-platform-9c1a
Azure,VirtualMachines,auth-service,0.5735,staging,platform,2026-07-20T12:00:00Z,azr-sub-platform-9c1a
Azure,VirtualMachines,auth-service,0.6355,staging,platform,2026-07-20T13:00:00Z,azr-sub-platform-9c1a
Azure,VirtualMachines,auth-service,0.5316,staging,platform,2026-07-20T14:00:00Z,azr-sub-platform-9c1a
Azure,VirtualMachines,auth-service,0.5926,staging,platform,2026-07-20T15:00:00Z,azr-sub-platform-9c1a
Azure,VirtualMachines,auth-service,0.5357,staging,platform,2026-07-20T16:00:00Z,azr-sub-platform-9c1a
Azure,VirtualMachines,auth-service,0.6119,staging,platform,2026-07-20T17:00:00Z,azr-sub-platform-9c1a
Azure,VirtualMachines,auth-service,0.5859,staging,platform,2026-07-20T18:00:00Z,azr-sub-platform-9c1a
Azure,VirtualMachines,auth-service,0.6284,staging,platform,2026-07-21T07:00:00Z,azr-sub-platform-9c1a
Azure,VirtualMachines,auth-service,0.5509,staging,platform,2026-07-21T08:00:00Z,azr-sub-platform-9c1a
Azure,VirtualMachines,auth-service,0.6178,staging,platform,2026-07-21T09:00:00Z,azr-sub-platform-9c1a
Azure,VirtualMachines,auth-service,0.5284,staging,platform,2026-07-21T10:00:00Z,azr-sub-platform-9c1a
Azure,VirtualMachines,auth-service,0.5987,staging,platform,2026-07-21T11:00:00Z,azr-sub-platform-9c1a
Azure,VirtualMachines,auth-service,0.6329,staging,platform,2026-07-21T12:00:00Z,azr-sub-platform-9c1a
Azure,VirtualMachines,auth-service,0.5593,staging,platform,2026-07-21T13:00:00Z,azr-sub-platform-9c1a
Azure,VirtualMachines,auth-service,0.5715,staging,platform,2026-07-21T14:00:00Z,azr-sub-platform-9c1a
Azure,VirtualMachines,auth-service,0.6293,staging,platform,2026-07-21T15:00:00Z,azr-sub-platform-9c1a
Azure,VirtualMachines,auth-service,0.5980,staging,platform,2026-07-21T16:00:00Z,azr-sub-platform-9c1a
Azure,VirtualMachines,auth-service,0.5606,staging,platform,2026-07-21T17:00:00Z,azr-sub-platform-9c1a
Azure,VirtualMachines,auth-service,0.5778,staging,platform,2026-07-21T18:00:00Z,azr-sub-platform-9c1a
Azure,VirtualMachines,auth-service,0.5521,staging,platform,2026-07-22T07:00:00Z,azr-sub-platform-9c1a
Azure,VirtualMachines,auth-service,0.5680,staging,platform,2026-07-22T08:00:00Z,azr-sub-platform-9c1a
Azure,VirtualMachines,auth-service,0.5219,staging,platform,2026-07-22T09:00:00Z,azr-sub-platform-9c1a
Azure,VirtualMachines,auth-service,0.6343,staging,platform,2026-07-22T10:00:00Z,azr-sub-platform-9c1a
Azure,VirtualMachines,auth-service,0.5768,staging,platform,2026-07-22T11:00:00Z,azr-sub-platform-9c1a
Azure,VirtualMachines,auth-service,0.5314,staging,platform,2026-07-22T12:00:00Z,azr-sub-platform-9c1a
Azure,VirtualMachines,auth-service,0.5220,staging,platform,2026-07-22T13:00:00Z,azr-sub-platform-9c1a
Azure,VirtualMachines,auth-service,0.5474,staging,platform,2026-07-22T14:00:00Z,azr-sub-platform-9c1a
Azure,VirtualMachines,auth-service,0.5988,staging,platform,2026-07-22T15:00:00Z,azr-sub-platform-9c1a
Azure,VirtualMachines,auth-service,0.6135,staging,platform,2026-07-22T16:00:00Z,azr-sub-platform-9c1a
Azure,VirtualMachines,auth-service,0.5472,staging,platform,2026-07-22T17:00:00Z,azr-sub-platform-9c1a
Azure,VirtualMachines,auth-service,0.5624,staging,platform,2026-07-22T18:00:00Z,azr-sub-platform-9c1a
Azure,VirtualMachines,auth-service,0.6203,staging,platform,2026-07-23T07:00:00Z,azr-sub-platform-9c1a
Azure,VirtualMachines,auth-service,0.5253,staging,platform,2026-07-23T08:00:00Z,azr-sub-platform-9c1a
Azure,VirtualMachines,auth-service,0.5679,staging,platform,2026-07-23T09:00:00Z,azr-sub-platform-9c1a
Azure,VirtualMachines,auth-service,0.6302,staging,platform,2026-07-23T10:00:00Z,azr-sub-platform-9c1a
Azure,VirtualMachines,auth-service,0.6041,staging,platform,2026-07-23T11:00:00Z,azr-sub-platform-9c1a
Azure,VirtualMachines,auth-service,0.5884,staging,platform,2026-07-23T12:00:00Z,azr-sub-platform-9c1a
Azure,VirtualMachines,auth-service,0.5366,staging,platform,2026-07-23T13:00:00Z,azr-sub-platform-9c1a
Azure,VirtualMachines,auth-service,0.5832,staging,platform,2026-07-23T14:00:00Z,azr-sub-platform-9c1a
Azure,VirtualMachines,auth-service,0.5727,staging,platform,2026-07-23T15:00:00Z,azr-sub-platform-9c1a
Azure,VirtualMachines,auth-service,0.5780,staging,platform,2026-07-23T16:00:00Z,azr-sub-platform-9c1a
Azure,VirtualMachines,auth-service,0.6289,staging,platform,2026-07-23T17:00:00Z,azr-sub-platform-9c1a
Azure,VirtualMachines,auth-service,0.5480,staging,platform,2026-07-23T18:00:00Z,azr-sub-platform-9c1a
Azure,VirtualMachines,auth-service,0.6001,staging,platform,2026-07-24T07:00:00Z,azr-sub-platform-9c1a
Azure,VirtualMachines,auth-service,0.5247,staging,platform,2026-07-24T08:00:00Z,azr-sub-platform-9c1a
Azure,VirtualMachines,auth-service,0.5271,staging,platform,2026-07-24T09:00:00Z,azr-sub-platform-9c1a
Azure,VirtualMachines,auth-service,0.5652,staging,platform,2026-07-24T10:00:00Z,azr-sub-platform-9c1a
Azure,VirtualMachines,auth-service,0.5610,staging,platform,2026-07-24T11:00:00Z,azr-sub-platform-9c1a
Azure,VirtualMachines,auth-service,0.5577,staging,platform,2026-07-24T12:00:00Z,azr-sub-platform-9c1a
Azure,VirtualMachines,auth-service,0.5679,staging,platform,2026-07-24T13:00:00Z,azr-sub-platform-9c1a
Azure,VirtualMachines,auth-service,0.5758,staging,platform,2026-07-24T14:00:00Z,azr-sub-platform-9c1a
Azure,VirtualMachines,auth-service,0.5768,staging,platform,2026-07-24T15:00:00Z,azr-sub-platform-9c1a
Azure,VirtualMachines,auth-service,0.6226,staging,platform,2026-07-24T16:00:00Z,azr-sub-platform-9c1a
Azure,VirtualMachines,auth-service,0.5887,staging,platform,2026-07-24T17:00:00Z,azr-sub-platform-9c1a
Azure,VirtualMachines,auth-service,0.5248,staging,platform,2026-07-24T18:00:00Z,azr-sub-platform-9c1a
Azure,VirtualMachines,auth-service,0.2844,dev1,platform,2026-07-13T07:00:00Z,azr-sub-platform-9c1a
Azure,VirtualMachines,auth-service,0.2934,dev1,platform,2026-07-13T08:00:00Z,azr-sub-platform-9c1a
Azure,VirtualMachines,auth-service,0.3114,dev1,platform,2026-07-13T09:00:00Z,azr-sub-platform-9c1a
Azure,VirtualMachines,auth-service,0.2868,dev1,platform,2026-07-13T10:00:00Z,azr-sub-platform-9c1a
Azure,VirtualMachines,auth-service,0.3241,dev1,platform,2026-07-13T11:00:00Z,azr-sub-platform-9c1a
Azure,VirtualMachines,auth-service,0.3065,dev1,platform,2026-07-13T12:00:00Z,azr-sub-platform-9c1a
Azure,VirtualMachines,auth-service,0.2709,dev1,platform,2026-07-13T13:00:00Z,azr-sub-platform-9c1a
Azure,VirtualMachines,auth-service,0.2853,dev1,platform,2026-07-13T14:00:00Z,azr-sub-platform-9c1a
Azure,VirtualMachines,auth-service,0.2913,dev1,platform,2026-07-13T15:00:00Z,azr-sub-platform-9c1a
Azure,VirtualMachines,auth-service,0.3116,dev1,platform,2026-07-13T16:00:00Z,azr-sub-platform-9c1a
Azure,VirtualMachines,auth-service,0.2784,dev1,platform,2026-07-13T17:00:00Z,azr-sub-platform-9c1a
Azure,VirtualMachines,auth-service,0.3074,dev1,platform,2026-07-13T18:00:00Z,azr-sub-platform-9c1a
Azure,VirtualMachines,auth-service,0.3268,dev1,platform,2026-07-14T07:00:00Z,azr-sub-platform-9c1a
Azure,VirtualMachines,auth-service,0.3066,dev1,platform,2026-07-14T08:00:00Z,azr-sub-platform-9c1a
Azure,VirtualMachines,auth-service,0.3197,dev1,platform,2026-07-14T09:00:00Z,azr-sub-platform-9c1a
Azure,VirtualMachines,auth-service,0.2918,dev1,platform,2026-07-14T10:00:00Z,azr-sub-platform-9c1a
Azure,VirtualMachines,auth-service,0.2852,dev1,platform,2026-07-14T11:00:00Z,azr-sub-platform-9c1a
Azure,VirtualMachines,auth-service,0.2857,dev1,platform,2026-07-14T12:00:00Z,azr-sub-platform-9c1a
Azure,VirtualMachines,auth-service,0.2706,dev1,platform,2026-07-14T13:00:00Z,azr-sub-platform-9c1a
Azure,VirtualMachines,auth-service,0.2926,dev1,platform,2026-07-14T14:00:00Z,azr-sub-platform-9c1a
Azure,VirtualMachines,auth-service,0.2794,dev1,platform,2026-07-14T15:00:00Z,azr-sub-platform-9c1a
Azure,VirtualMachines,auth-service,0.2949,dev1,platform,2026-07-14T16:00:00Z,azr-sub-platform-9c1a
Azure,VirtualMachines,auth-service,0.2893,dev1,platform,2026-07-14T17:00:00Z,azr-sub-platform-9c1a
Azure,VirtualMachines,auth-service,0.3106,dev1,platform,2026-07-14T18:00:00Z,azr-sub-platform-9c1a
Azure,VirtualMachines,auth-service,0.3130,dev1,platform,2026-07-15T07:00:00Z,azr-sub-platform-9c1a
Azure,VirtualMachines,auth-service,0.3017,dev1,platform,2026-07-15T08:00:00Z,azr-sub-platform-9c1a
Azure,VirtualMachines,auth-service,0.2714,dev1,platform,2026-07-15T09:00:00Z,azr-sub-platform-9c1a
Azure,VirtualMachines,auth-service,0.2992,dev1,platform,2026-07-15T10:00:00Z,azr-sub-platform-9c1a
Azure,VirtualMachines,auth-service,0.2783,dev1,platform,2026-07-15T11:00:00Z,azr-sub-platform-9c1a
Azure,VirtualMachines,auth-service,0.3128,dev1,platform,2026-07-15T12:00:00Z,azr-sub-platform-9c1a
Azure,VirtualMachines,auth-service,0.3073,dev1,platform,2026-07-15T13:00:00Z,azr-sub-platform-9c1a
Azure,VirtualMachines,auth-service,0.2702,dev1,platform,2026-07-15T14:00:00Z,azr-sub-platform-9c1a
Azure,VirtualMachines,auth-service,0.2793,dev1,platform,2026-07-15T15:00:00Z,azr-sub-platform-9c1a
Azure,VirtualMachines,auth-service,0.2940,dev1,platform,2026-07-15T16:00:00Z,azr-sub-platform-9c1a
Azure,VirtualMachines,auth-service,0.3102,dev1,platform,2026-07-15T17:00:00Z,azr-sub-platform-9c1a
Azure,VirtualMachines,auth-service,0.2980,dev1,platform,2026-07-15T18:00:00Z,azr-sub-platform-9c1a
Azure,VirtualMachines,auth-service,0.3068,dev1,platform,2026-07-16T07:00:00Z,azr-sub-platform-9c1a
Azure,VirtualMachines,auth-service,0.3170,dev1,platform,2026-07-16T08:00:00Z,azr-sub-platform-9c1a
Azure,VirtualMachines,auth-service,0.2812,dev1,platform,2026-07-16T09:00:00Z,azr-sub-platform-9c1a
Azure,VirtualMachines,auth-service,0.3213,dev1,platform,2026-07-16T10:00:00Z,azr-sub-platform-9c1a
Azure,VirtualMachines,auth-service,0.3071,dev1,platform,2026-07-16T11:00:00Z,azr-sub-platform-9c1a
Azure,VirtualMachines,auth-service,0.3024,dev1,platform,2026-07-16T12:00:00Z,azr-sub-platform-9c1a
Azure,VirtualMachines,auth-service,0.2909,dev1,platform,2026-07-16T13:00:00Z,azr-sub-platform-9c1a
Azure,VirtualMachines,auth-service,0.3032,dev1,platform,2026-07-16T14:00:00Z,azr-sub-platform-9c1a
Azure,VirtualMachines,auth-service,0.2848,dev1,platform,2026-07-16T15:00:00Z,azr-sub-platform-9c1a
Azure,VirtualMachines,auth-service,0.2849,dev1,platform,2026-07-16T16:00:00Z,azr-sub-platform-9c1a
Azure,VirtualMachines,auth-service,0.2936,dev1,platform,2026-07-16T17:00:00Z,azr-sub-platform-9c1a
Azure,VirtualMachines,auth-service,0.2709,dev1,platform,2026-07-16T18:00:00Z,azr-sub-platform-9c1a
Azure,VirtualMachines,auth-service,0.3022,dev1,platform,2026-07-17T07:00:00Z,azr-sub-platform-9c1a
Azure,VirtualMachines,auth-service,0.2755,dev1,platform,2026-07-17T08:00:00Z,azr-sub-platform-9c1a
Azure,VirtualMachines,auth-service,0.2671,dev1,platform,2026-07-17T09:00:00Z,azr-sub-platform-9c1a
Azure,VirtualMachines,auth-service,0.3028,dev1,platform,2026-07-17T10:00:00Z,azr-sub-platform-9c1a
Azure,VirtualMachines,auth-service,0.2734,dev1,platform,2026-07-17T11:00:00Z,azr-sub-platform-9c1a
Azure,VirtualMachines,auth-service,0.3091,dev1,platform,2026-07-17T12:00:00Z,azr-sub-platform-9c1a
Azure,VirtualMachines,auth-service,0.2971,dev1,platform,2026-07-17T13:00:00Z,azr-sub-platform-9c1a
Azure,VirtualMachines,auth-service,0.3085,dev1,platform,2026-07-17T14:00:00Z,azr-sub-platform-9c1a
Azure,VirtualMachines,auth-service,0.2886,dev1,platform,2026-07-17T15:00:00Z,azr-sub-platform-9c1a
Azure,VirtualMachines,auth-service,0.3136,dev1,platform,2026-07-17T16:00:00Z,azr-sub-platform-9c1a
Azure,VirtualMachines,auth-service,0.2983,dev1,platform,2026-07-17T17:00:00Z,azr-sub-platform-9c1a
Azure,VirtualMachines,auth-service,0.2719,dev1,platform,2026-07-17T18:00:00Z,azr-sub-platform-9c1a
Azure,VirtualMachines,auth-service,0.3050,dev1,platform,2026-07-20T07:00:00Z,azr-sub-platform-9c1a
Azure,VirtualMachines,auth-service,0.2689,dev1,platform,2026-07-20T08:00:00Z,azr-sub-platform-9c1a
Azure,VirtualMachines,auth-service,0.2984,dev1,platform,2026-07-20T09:00:00Z,azr-sub-platform-9c1a
Azure,VirtualMachines,auth-service,0.2713,dev1,platform,2026-07-20T10:00:00Z,azr-sub-platform-9c1a
Azure,VirtualMachines,auth-service,0.3011,dev1,platform,2026-07-20T11:00:00Z,azr-sub-platform-9c1a
Azure,VirtualMachines,auth-service,0.2629,dev1,platform,2026-07-20T12:00:00Z,azr-sub-platform-9c1a
Azure,VirtualMachines,auth-service,0.2734,dev1,platform,2026-07-20T13:00:00Z,azr-sub-platform-9c1a
Azure,VirtualMachines,auth-service,0.2673,dev1,platform,2026-07-20T14:00:00Z,azr-sub-platform-9c1a
Azure,VirtualMachines,auth-service,0.2939,dev1,platform,2026-07-20T15:00:00Z,azr-sub-platform-9c1a
Azure,VirtualMachines,auth-service,0.2797,dev1,platform,2026-07-20T16:00:00Z,azr-sub-platform-9c1a
Azure,VirtualMachines,auth-service,0.3063,dev1,platform,2026-07-20T17:00:00Z,azr-sub-platform-9c1a
Azure,VirtualMachines,auth-service,0.3112,dev1,platform,2026-07-20T18:00:00Z,azr-sub-platform-9c1a
Azure,VirtualMachines,auth-service,0.2945,dev1,platform,2026-07-21T07:00:00Z,azr-sub-platform-9c1a
Azure,VirtualMachines,auth-service,0.2685,dev1,platform,2026-07-21T08:00:00Z,azr-sub-platform-9c1a
Azure,VirtualMachines,auth-service,0.3076,dev1,platform,2026-07-21T09:00:00Z,azr-sub-platform-9c1a
Azure,VirtualMachines,auth-service,0.2845,dev1,platform,2026-07-21T10:00:00Z,azr-sub-platform-9c1a
Azure,VirtualMachines,auth-service,0.2903,dev1,platform,2026-07-21T11:00:00Z,azr-sub-platform-9c1a
Azure,VirtualMachines,auth-service,0.2780,dev1,platform,2026-07-21T12:00:00Z,azr-sub-platform-9c1a
Azure,VirtualMachines,auth-service,0.2755,dev1,platform,2026-07-21T13:00:00Z,azr-sub-platform-9c1a
Azure,VirtualMachines,auth-service,0.2621,dev1,platform,2026-07-21T14:00:00Z,azr-sub-platform-9c1a
Azure,VirtualMachines,auth-service,0.2822,dev1,platform,2026-07-21T15:00:00Z,azr-sub-platform-9c1a
Azure,VirtualMachines,auth-service,0.2795,dev1,platform,2026-07-21T16:00:00Z,azr-sub-platform-9c1a
Azure,VirtualMachines,auth-service,0.2881,dev1,platform,2026-07-21T17:00:00Z,azr-sub-platform-9c1a
Azure,VirtualMachines,auth-service,0.2785,dev1,platform,2026-07-21T18:00:00Z,azr-sub-platform-9c1a
Azure,VirtualMachines,auth-service,0.3132,dev1,platform,2026-07-22T07:00:00Z,azr-sub-platform-9c1a
Azure,VirtualMachines,auth-service,0.2831,dev1,platform,2026-07-22T08:00:00Z,azr-sub-platform-9c1a
Azure,VirtualMachines,auth-service,0.3106,dev1,platform,2026-07-22T09:00:00Z,azr-sub-platform-9c1a
Azure,VirtualMachines,auth-service,0.2679,dev1,platform,2026-07-22T10:00:00Z,azr-sub-platform-9c1a
Azure,VirtualMachines,auth-service,0.2878,dev1,platform,2026-07-22T11:00:00Z,azr-sub-platform-9c1a
Azure,VirtualMachines,auth-service,0.2760,dev1,platform,2026-07-22T12:00:00Z,azr-sub-platform-9c1a
Azure,VirtualMachines,auth-service,0.2971,dev1,platform,2026-07-22T13:00:00Z,azr-sub-platform-9c1a
Azure,VirtualMachines,auth-service,0.2960,dev1,platform,2026-07-22T14:00:00Z,azr-sub-platform-9c1a
Azure,VirtualMachines,auth-service,0.3124,dev1,platform,2026-07-22T15:00:00Z,azr-sub-platform-9c1a
Azure,VirtualMachines,auth-service,0.2635,dev1,platform,2026-07-22T16:00:00Z,azr-sub-platform-9c1a
Azure,VirtualMachines,auth-service,0.3095,dev1,platform,2026-07-22T17:00:00Z,azr-sub-platform-9c1a
Azure,VirtualMachines,auth-service,0.3012,dev1,platform,2026-07-22T18:00:00Z,azr-sub-platform-9c1a
Azure,VirtualMachines,auth-service,0.2822,dev1,platform,2026-07-23T07:00:00Z,azr-sub-platform-9c1a
Azure,VirtualMachines,auth-service,0.3117,dev1,platform,2026-07-23T08:00:00Z,azr-sub-platform-9c1a
Azure,VirtualMachines,auth-service,0.2644,dev1,platform,2026-07-23T09:00:00Z,azr-sub-platform-9c1a
Azure,VirtualMachines,auth-service,0.2877,dev1,platform,2026-07-23T10:00:00Z,azr-sub-platform-9c1a
Azure,VirtualMachines,auth-service,0.3156,dev1,platform,2026-07-23T11:00:00Z,azr-sub-platform-9c1a
Azure,VirtualMachines,auth-service,0.2760,dev1,platform,2026-07-23T12:00:00Z,azr-sub-platform-9c1a
Azure,VirtualMachines,auth-service,0.2639,dev1,platform,2026-07-23T13:00:00Z,azr-sub-platform-9c1a
Azure,VirtualMachines,auth-service,0.3084,dev1,platform,2026-07-23T14:00:00Z,azr-sub-platform-9c1a
Azure,VirtualMachines,auth-service,0.2662,dev1,platform,2026-07-23T15:00:00Z,azr-sub-platform-9c1a
Azure,VirtualMachines,auth-service,0.3034,dev1,platform,2026-07-23T16:00:00Z,azr-sub-platform-9c1a
Azure,VirtualMachines,auth-service,0.2743,dev1,platform,2026-07-23T17:00:00Z,azr-sub-platform-9c1a
Azure,VirtualMachines,auth-service,0.2855,dev1,platform,2026-07-23T18:00:00Z,azr-sub-platform-9c1a
Azure,VirtualMachines,auth-service,0.2873,dev1,platform,2026-07-24T07:00:00Z,azr-sub-platform-9c1a
Azure,VirtualMachines,auth-service,0.2713,dev1,platform,2026-07-24T08:00:00Z,azr-sub-platform-9c1a
Azure,VirtualMachines,auth-service,0.3000,dev1,platform,2026-07-24T09:00:00Z,azr-sub-platform-9c1a
Azure,VirtualMachines,auth-service,0.2738,dev1,platform,2026-07-24T10:00:00Z,azr-sub-platform-9c1a
Azure,VirtualMachines,auth-service,0.3143,dev1,platform,2026-07-24T11:00:00Z,azr-sub-platform-9c1a
Azure,VirtualMachines,auth-service,0.2916,dev1,platform,2026-07-24T12:00:00Z,azr-sub-platform-9c1a
Azure,VirtualMachines,auth-service,0.3089,dev1,platform,2026-07-24T13:00:00Z,azr-sub-platform-9c1a
Azure,VirtualMachines,auth-service,0.2962,dev1,platform,2026-07-24T14:00:00Z,azr-sub-platform-9c1a
Azure,VirtualMachines,auth-service,0.2765,dev1,platform,2026-07-24T15:00:00Z,azr-sub-platform-9c1a
Azure,VirtualMachines,auth-service,0.2910,dev1,platform,2026-07-24T16:00:00Z,azr-sub-platform-9c1a
Azure,VirtualMachines,auth-service,0.2950,dev1,platform,2026-07-24T17:00:00Z,azr-sub-platform-9c1a
Azure,VirtualMachines,auth-service,0.2873,dev1,platform,2026-07-24T18:00:00Z,azr-sub-platform-9c1a
MongoDB,atlas_cluster,auth-service,0.8785,prod,platform,2026-07-12T16:00:00Z,atlas-org-platform
MongoDB,atlas_cluster,auth-service,0.9118,prod,platform,2026-07-12T17:00:00Z,atlas-org-platform
MongoDB,atlas_cluster,auth-service,0.9224,prod,platform,2026-07-12T18:00:00Z,atlas-org-platform
MongoDB,atlas_cluster,auth-service,0.8362,prod,platform,2026-07-12T19:00:00Z,atlas-org-platform
MongoDB,atlas_cluster,auth-service,0.8080,prod,platform,2026-07-12T20:00:00Z,atlas-org-platform
MongoDB,atlas_cluster,auth-service,0.8646,prod,platform,2026-07-12T21:00:00Z,atlas-org-platform
MongoDB,atlas_cluster,auth-service,0.9009,prod,platform,2026-07-12T22:00:00Z,atlas-org-platform
MongoDB,atlas_cluster,auth-service,0.8611,prod,platform,2026-07-12T23:00:00Z,atlas-org-platform
MongoDB,atlas_cluster,auth-service,0.8283,prod,platform,2026-07-13T00:00:00Z,atlas-org-platform
MongoDB,atlas_cluster,auth-service,0.9029,prod,platform,2026-07-13T01:00:00Z,atlas-org-platform
MongoDB,atlas_cluster,auth-service,0.8522,prod,platform,2026-07-13T02:00:00Z,atlas-org-platform
MongoDB,atlas_cluster,auth-service,0.8609,prod,platform,2026-07-13T03:00:00Z,atlas-org-platform
MongoDB,atlas_cluster,auth-service,0.9682,prod,platform,2026-07-13T04:00:00Z,atlas-org-platform
MongoDB,atlas_cluster,auth-service,0.8693,prod,platform,2026-07-13T05:00:00Z,atlas-org-platform
MongoDB,atlas_cluster,auth-service,0.9548,prod,platform,2026-07-13T06:00:00Z,atlas-org-platform
MongoDB,atlas_cluster,auth-service,0.9677,prod,platform,2026-07-13T07:00:00Z,atlas-org-platform
MongoDB,atlas_cluster,auth-service,0.9453,prod,platform,2026-07-13T08:00:00Z,atlas-org-platform
MongoDB,atlas_cluster,auth-service,0.9356,prod,platform,2026-07-13T09:00:00Z,atlas-org-platform
MongoDB,atlas_cluster,auth-service,0.8288,prod,platform,2026-07-13T10:00:00Z,atlas-org-platform
MongoDB,atlas_cluster,auth-service,0.9576,prod,platform,2026-07-13T11:00:00Z,atlas-org-platform
MongoDB,atlas_cluster,auth-service,0.8821,prod,platform,2026-07-13T12:00:00Z,atlas-org-platform
MongoDB,atlas_cluster,auth-service,0.9236,prod,platform,2026-07-13T13:00:00Z,atlas-org-platform
MongoDB,atlas_cluster,auth-service,0.8211,prod,platform,2026-07-13T14:00:00Z,atlas-org-platform
MongoDB,atlas_cluster,auth-service,0.8510,prod,platform,2026-07-13T15:00:00Z,atlas-org-platform
MongoDB,atlas_cluster,auth-service,0.9070,prod,platform,2026-07-13T16:00:00Z,atlas-org-platform
MongoDB,atlas_cluster,auth-service,0.8431,prod,platform,2026-07-13T17:00:00Z,atlas-org-platform
MongoDB,atlas_cluster,auth-service,0.8418,prod,platform,2026-07-13T18:00:00Z,atlas-org-platform
MongoDB,atlas_cluster,auth-service,0.8264,prod,platform,2026-07-13T19:00:00Z,atlas-org-platform
MongoDB,atlas_cluster,auth-service,0.9138,prod,platform,2026-07-13T20:00:00Z,atlas-org-platform
MongoDB,atlas_cluster,auth-service,0.8690,prod,platform,2026-07-13T21:00:00Z,atlas-org-platform
MongoDB,atlas_cluster,auth-service,0.9809,prod,platform,2026-07-13T22:00:00Z,atlas-org-platform
MongoDB,atlas_cluster,auth-service,0.8921,prod,platform,2026-07-13T23:00:00Z,atlas-org-platform
MongoDB,atlas_cluster,auth-service,0.9166,prod,platform,2026-07-14T00:00:00Z,atlas-org-platform
MongoDB,atlas_cluster,auth-service,0.8367,prod,platform,2026-07-14T01:00:00Z,atlas-org-platform
MongoDB,atlas_cluster,auth-service,0.9207,prod,platform,2026-07-14T02:00:00Z,atlas-org-platform
MongoDB,atlas_cluster,auth-service,0.8739,prod,platform,2026-07-14T03:00:00Z,atlas-org-platform
MongoDB,atlas_cluster,auth-service,0.8577,prod,platform,2026-07-14T04:00:00Z,atlas-org-platform
MongoDB,atlas_cluster,auth-service,0.9153,prod,platform,2026-07-14T05:00:00Z,atlas-org-platform
MongoDB,atlas_cluster,auth-service,0.8698,prod,platform,2026-07-14T06:00:00Z,atlas-org-platform
MongoDB,atlas_cluster,auth-service,0.8950,prod,platform,2026-07-14T07:00:00Z,atlas-org-platform
MongoDB,atlas_cluster,auth-service,0.8171,prod,platform,2026-07-14T08:00:00Z,atlas-org-platform
MongoDB,atlas_cluster,auth-service,0.9245,prod,platform,2026-07-14T09:00:00Z,atlas-org-platform
MongoDB,atlas_cluster,auth-service,0.9272,prod,platform,2026-07-14T10:00:00Z,atlas-org-platform
MongoDB,atlas_cluster,auth-service,0.9037,prod,platform,2026-07-14T11:00:00Z,atlas-org-platform
MongoDB,atlas_cluster,auth-service,0.9325,prod,platform,2026-07-14T12:00:00Z,atlas-org-platform
MongoDB,atlas_cluster,auth-service,0.8475,prod,platform,2026-07-14T13:00:00Z,atlas-org-platform
MongoDB,atlas_cluster,auth-service,0.8456,prod,platform,2026-07-14T14:00:00Z,atlas-org-platform
MongoDB,atlas_cluster,auth-service,0.8239,prod,platform,2026-07-14T15:00:00Z,atlas-org-platform
MongoDB,atlas_cluster,auth-service,0.8336,prod,platform,2026-07-14T16:00:00Z,atlas-org-platform
MongoDB,atlas_cluster,auth-service,0.9570,prod,platform,2026-07-14T17:00:00Z,atlas-org-platform
MongoDB,atlas_cluster,auth-service,0.8048,prod,platform,2026-07-14T18:00:00Z,atlas-org-platform
MongoDB,atlas_cluster,auth-service,0.9020,prod,platform,2026-07-14T19:00:00Z,atlas-org-platform
MongoDB,atlas_cluster,auth-service,0.9289,prod,platform,2026-07-14T20:00:00Z,atlas-org-platform
MongoDB,atlas_cluster,auth-service,0.9585,prod,platform,2026-07-14T21:00:00Z,atlas-org-platform
MongoDB,atlas_cluster,auth-service,0.9343,prod,platform,2026-07-14T22:00:00Z,atlas-org-platform
MongoDB,atlas_cluster,auth-service,0.8802,prod,platform,2026-07-14T23:00:00Z,atlas-org-platform
MongoDB,atlas_cluster,auth-service,0.8425,prod,platform,2026-07-15T00:00:00Z,atlas-org-platform
MongoDB,atlas_cluster,auth-service,0.8059,prod,platform,2026-07-15T01:00:00Z,atlas-org-platform
MongoDB,atlas_cluster,auth-service,0.8160,prod,platform,2026-07-15T02:00:00Z,atlas-org-platform
MongoDB,atlas_cluster,auth-service,0.8986,prod,platform,2026-07-15T03:00:00Z,atlas-org-platform
MongoDB,atlas_cluster,auth-service,0.9564,prod,platform,2026-07-15T04:00:00Z,atlas-org-platform
MongoDB,atlas_cluster,auth-service,0.8121,prod,platform,2026-07-15T05:00:00Z,atlas-org-platform
MongoDB,atlas_cluster,auth-service,0.8485,prod,platform,2026-07-15T06:00:00Z,atlas-org-platform
MongoDB,atlas_cluster,auth-service,0.8894,prod,platform,2026-07-15T07:00:00Z,atlas-org-platform
MongoDB,atlas_cluster,auth-service,0.8558,prod,platform,2026-07-15T08:00:00Z,atlas-org-platform
MongoDB,atlas_cluster,auth-service,0.9700,prod,platform,2026-07-15T09:00:00Z,atlas-org-platform
MongoDB,atlas_cluster,auth-service,0.8807,prod,platform,2026-07-15T10:00:00Z,atlas-org-platform
MongoDB,atlas_cluster,auth-service,0.8152,prod,platform,2026-07-15T11:00:00Z,atlas-org-platform
MongoDB,atlas_cluster,auth-service,0.8938,prod,platform,2026-07-15T12:00:00Z,atlas-org-platform
MongoDB,atlas_cluster,auth-service,0.9454,prod,platform,2026-07-15T13:00:00Z,atlas-org-platform
MongoDB,atlas_cluster,auth-service,0.8970,prod,platform,2026-07-15T14:00:00Z,atlas-org-platform
MongoDB,atlas_cluster,auth-service,0.8062,prod,platform,2026-07-15T15:00:00Z,atlas-org-platform
MongoDB,atlas_cluster,auth-service,0.8185,prod,platform,2026-07-15T16:00:00Z,atlas-org-platform
MongoDB,atlas_cluster,auth-service,0.8070,prod,platform,2026-07-15T17:00:00Z,atlas-org-platform
MongoDB,atlas_cluster,auth-service,0.8154,prod,platform,2026-07-15T18:00:00Z,atlas-org-platform
MongoDB,atlas_cluster,auth-service,0.8510,prod,platform,2026-07-15T19:00:00Z,atlas-org-platform
MongoDB,atlas_cluster,auth-service,0.8177,prod,platform,2026-07-15T20:00:00Z,atlas-org-platform
MongoDB,atlas_cluster,auth-service,0.8153,prod,platform,2026-07-15T21:00:00Z,atlas-org-platform
MongoDB,atlas_cluster,auth-service,0.8613,prod,platform,2026-07-15T22:00:00Z,atlas-org-platform
MongoDB,atlas_cluster,auth-service,0.8982,prod,platform,2026-07-15T23:00:00Z,atlas-org-platform
MongoDB,atlas_cluster,auth-service,0.8944,prod,platform,2026-07-16T00:00:00Z,atlas-org-platform
MongoDB,atlas_cluster,auth-service,0.8006,prod,platform,2026-07-16T01:00:00Z,atlas-org-platform
MongoDB,atlas_cluster,auth-service,0.8316,prod,platform,2026-07-16T02:00:00Z,atlas-org-platform
MongoDB,atlas_cluster,auth-service,0.8775,prod,platform,2026-07-16T03:00:00Z,atlas-org-platform
MongoDB,atlas_cluster,auth-service,0.9647,prod,platform,2026-07-16T04:00:00Z,atlas-org-platform
MongoDB,atlas_cluster,auth-service,0.9501,prod,platform,2026-07-16T05:00:00Z,atlas-org-platform
MongoDB,atlas_cluster,auth-service,0.9579,prod,platform,2026-07-16T06:00:00Z,atlas-org-platform
MongoDB,atlas_cluster,auth-service,0.8041,prod,platform,2026-07-16T07:00:00Z,atlas-org-platform
MongoDB,atlas_cluster,auth-service,0.8990,prod,platform,2026-07-16T08:00:00Z,atlas-org-platform
MongoDB,atlas_cluster,auth-service,0.9104,prod,platform,2026-07-16T09:00:00Z,atlas-org-platform
MongoDB,atlas_cluster,auth-service,0.8947,prod,platform,2026-07-16T10:00:00Z,atlas-org-platform
MongoDB,atlas_cluster,auth-service,0.9551,prod,platform,2026-07-16T11:00:00Z,atlas-org-platform
MongoDB,atlas_cluster,auth-service,0.9326,prod,platform,2026-07-16T12:00:00Z,atlas-org-platform
MongoDB,atlas_cluster,auth-service,0.8768,prod,platform,2026-07-16T13:00:00Z,atlas-org-platform
MongoDB,atlas_cluster,auth-service,0.9741,prod,platform,2026-07-16T14:00:00Z,atlas-org-platform
MongoDB,atlas_cluster,auth-service,0.8704,prod,platform,2026-07-16T15:00:00Z,atlas-org-platform
MongoDB,atlas_cluster,auth-service,0.8518,prod,platform,2026-07-16T16:00:00Z,atlas-org-platform
MongoDB,atlas_cluster,auth-service,0.8788,prod,platform,2026-07-16T17:00:00Z,atlas-org-platform
MongoDB,atlas_cluster,auth-service,0.8406,prod,platform,2026-07-16T18:00:00Z,atlas-org-platform
MongoDB,atlas_cluster,auth-service,0.8728,prod,platform,2026-07-16T19:00:00Z,atlas-org-platform
MongoDB,atlas_cluster,auth-service,0.9377,prod,platform,2026-07-16T20:00:00Z,atlas-org-platform
MongoDB,atlas_cluster,auth-service,0.9657,prod,platform,2026-07-16T21:00:00Z,atlas-org-platform
MongoDB,atlas_cluster,auth-service,0.9573,prod,platform,2026-07-16T22:00:00Z,atlas-org-platform
MongoDB,atlas_cluster,auth-service,0.7981,prod,platform,2026-07-16T23:00:00Z,atlas-org-platform
MongoDB,atlas_cluster,auth-service,0.9553,prod,platform,2026-07-17T00:00:00Z,atlas-org-platform
MongoDB,atlas_cluster,auth-service,0.9670,prod,platform,2026-07-17T01:00:00Z,atlas-org-platform
MongoDB,atlas_cluster,auth-service,0.9221,prod,platform,2026-07-17T02:00:00Z,atlas-org-platform
MongoDB,atlas_cluster,auth-service,0.9404,prod,platform,2026-07-17T03:00:00Z,atlas-org-platform
MongoDB,atlas_cluster,auth-service,0.9195,prod,platform,2026-07-17T04:00:00Z,atlas-org-platform
MongoDB,atlas_cluster,auth-service,0.9581,prod,platform,2026-07-17T05:00:00Z,atlas-org-platform
MongoDB,atlas_cluster,auth-service,0.9638,prod,platform,2026-07-17T06:00:00Z,atlas-org-platform
MongoDB,atlas_cluster,auth-service,0.9406,prod,platform,2026-07-17T07:00:00Z,atlas-org-platform
MongoDB,atlas_cluster,auth-service,0.8601,prod,platform,2026-07-17T08:00:00Z,atlas-org-platform
MongoDB,atlas_cluster,auth-service,0.9484,prod,platform,2026-07-17T09:00:00Z,atlas-org-platform
MongoDB,atlas_cluster,auth-service,0.8948,prod,platform,2026-07-17T10:00:00Z,atlas-org-platform
MongoDB,atlas_cluster,auth-service,0.9461,prod,platform,2026-07-17T11:00:00Z,atlas-org-platform
MongoDB,atlas_cluster,auth-service,0.9140,prod,platform,2026-07-17T12:00:00Z,atlas-org-platform
MongoDB,atlas_cluster,auth-service,0.8935,prod,platform,2026-07-17T13:00:00Z,atlas-org-platform
MongoDB,atlas_cluster,auth-service,0.9734,prod,platform,2026-07-17T14:00:00Z,atlas-org-platform
MongoDB,atlas_cluster,auth-service,0.8349,prod,platform,2026-07-17T15:00:00Z,atlas-org-platform
MongoDB,atlas_cluster,auth-service,0.8085,prod,platform,2026-07-17T16:00:00Z,atlas-org-platform
MongoDB,atlas_cluster,auth-service,0.9630,prod,platform,2026-07-17T17:00:00Z,atlas-org-platform
MongoDB,atlas_cluster,auth-service,0.8543,prod,platform,2026-07-17T18:00:00Z,atlas-org-platform
MongoDB,atlas_cluster,auth-service,0.8721,prod,platform,2026-07-17T19:00:00Z,atlas-org-platform
MongoDB,atlas_cluster,auth-service,0.8019,prod,platform,2026-07-17T20:00:00Z,atlas-org-platform
MongoDB,atlas_cluster,auth-service,0.9294,prod,platform,2026-07-17T21:00:00Z,atlas-org-platform
MongoDB,atlas_cluster,auth-service,0.8412,prod,platform,2026-07-17T22:00:00Z,atlas-org-platform
MongoDB,atlas_cluster,auth-service,0.7975,prod,platform,2026-07-17T23:00:00Z,atlas-org-platform
MongoDB,atlas_cluster,auth-service,0.8510,prod,platform,2026-07-18T00:00:00Z,atlas-org-platform
MongoDB,atlas_cluster,auth-service,0.7774,prod,platform,2026-07-18T01:00:00Z,atlas-org-platform
MongoDB,atlas_cluster,auth-service,0.8673,prod,platform,2026-07-18T02:00:00Z,atlas-org-platform
MongoDB,atlas_cluster,auth-service,0.7826,prod,platform,2026-07-18T03:00:00Z,atlas-org-platform
MongoDB,atlas_cluster,auth-service,0.7994,prod,platform,2026-07-18T04:00:00Z,atlas-org-platform
MongoDB,atlas_cluster,auth-service,0.8099,prod,platform,2026-07-18T05:00:00Z,atlas-org-platform
MongoDB,atlas_cluster,auth-service,0.8492,prod,platform,2026-07-18T06:00:00Z,atlas-org-platform
MongoDB,atlas_cluster,auth-service,0.8084,prod,platform,2026-07-18T07:00:00Z,atlas-org-platform
MongoDB,atlas_cluster,auth-service,0.7973,prod,platform,2026-07-18T08:00:00Z,atlas-org-platform
MongoDB,atlas_cluster,auth-service,0.8560,prod,platform,2026-07-18T09:00:00Z,atlas-org-platform
MongoDB,atlas_cluster,auth-service,0.8507,prod,platform,2026-07-18T10:00:00Z,atlas-org-platform
MongoDB,atlas_cluster,auth-service,0.7823,prod,platform,2026-07-18T11:00:00Z,atlas-org-platform
MongoDB,atlas_cluster,auth-service,0.7836,prod,platform,2026-07-18T12:00:00Z,atlas-org-platform
MongoDB,atlas_cluster,auth-service,0.8599,prod,platform,2026-07-18T13:00:00Z,atlas-org-platform
MongoDB,atlas_cluster,auth-service,0.7775,prod,platform,2026-07-18T14:00:00Z,atlas-org-platform
MongoDB,atlas_cluster,auth-service,0.7883,prod,platform,2026-07-18T15:00:00Z,atlas-org-platform
MongoDB,atlas_cluster,auth-service,0.7685,prod,platform,2026-07-18T16:00:00Z,atlas-org-platform
MongoDB,atlas_cluster,auth-service,0.8055,prod,platform,2026-07-18T17:00:00Z,atlas-org-platform
MongoDB,atlas_cluster,auth-service,0.7936,prod,platform,2026-07-18T18:00:00Z,atlas-org-platform
MongoDB,atlas_cluster,auth-service,0.8411,prod,platform,2026-07-18T19:00:00Z,atlas-org-platform
MongoDB,atlas_cluster,auth-service,0.8269,prod,platform,2026-07-18T20:00:00Z,atlas-org-platform
MongoDB,atlas_cluster,auth-service,0.8725,prod,platform,2026-07-18T21:00:00Z,atlas-org-platform
MongoDB,atlas_cluster,auth-service,0.8988,prod,platform,2026-07-18T22:00:00Z,atlas-org-platform
MongoDB,atlas_cluster,auth-service,0.8730,prod,platform,2026-07-18T23:00:00Z,atlas-org-platform
MongoDB,atlas_cluster,auth-service,0.8200,prod,platform,2026-07-19T00:00:00Z,atlas-org-platform
MongoDB,atlas_cluster,auth-service,0.8478,prod,platform,2026-07-19T01:00:00Z,atlas-org-platform
MongoDB,atlas_cluster,auth-service,0.8955,prod,platform,2026-07-19T02:00:00Z,atlas-org-platform
MongoDB,atlas_cluster,auth-service,0.7918,prod,platform,2026-07-19T03:00:00Z,atlas-org-platform
MongoDB,atlas_cluster,auth-service,0.8587,prod,platform,2026-07-19T04:00:00Z,atlas-org-platform
MongoDB,atlas_cluster,auth-service,0.8493,prod,platform,2026-07-19T05:00:00Z,atlas-org-platform
MongoDB,atlas_cluster,auth-service,0.8381,prod,platform,2026-07-19T06:00:00Z,atlas-org-platform
MongoDB,atlas_cluster,auth-service,0.8007,prod,platform,2026-07-19T07:00:00Z,atlas-org-platform
MongoDB,atlas_cluster,auth-service,0.8881,prod,platform,2026-07-19T08:00:00Z,atlas-org-platform
MongoDB,atlas_cluster,auth-service,0.7787,prod,platform,2026-07-19T09:00:00Z,atlas-org-platform
MongoDB,atlas_cluster,auth-service,0.8231,prod,platform,2026-07-19T10:00:00Z,atlas-org-platform
MongoDB,atlas_cluster,auth-service,0.8388,prod,platform,2026-07-19T11:00:00Z,atlas-org-platform
MongoDB,atlas_cluster,auth-service,0.8609,prod,platform,2026-07-19T12:00:00Z,atlas-org-platform
MongoDB,atlas_cluster,auth-service,0.8915,prod,platform,2026-07-19T13:00:00Z,atlas-org-platform
MongoDB,atlas_cluster,auth-service,0.8670,prod,platform,2026-07-19T14:00:00Z,atlas-org-platform
MongoDB,atlas_cluster,auth-service,0.7749,prod,platform,2026-07-19T15:00:00Z,atlas-org-platform
MongoDB,atlas_cluster,auth-service,0.7506,prod,platform,2026-07-19T16:00:00Z,atlas-org-platform
MongoDB,atlas_cluster,auth-service,0.7521,prod,platform,2026-07-19T17:00:00Z,atlas-org-platform
MongoDB,atlas_cluster,auth-service,0.8325,prod,platform,2026-07-19T18:00:00Z,atlas-org-platform
MongoDB,atlas_cluster,auth-service,0.8617,prod,platform,2026-07-19T19:00:00Z,atlas-org-platform
MongoDB,atlas_cluster,auth-service,0.8559,prod,platform,2026-07-19T20:00:00Z,atlas-org-platform
MongoDB,atlas_cluster,auth-service,0.8117,prod,platform,2026-07-19T21:00:00Z,atlas-org-platform
MongoDB,atlas_cluster,auth-service,0.8075,prod,platform,2026-07-19T22:00:00Z,atlas-org-platform
MongoDB,atlas_cluster,auth-service,0.8592,prod,platform,2026-07-19T23:00:00Z,atlas-org-platform
MongoDB,atlas_cluster,auth-service,0.9215,prod,platform,2026-07-20T00:00:00Z,atlas-org-platform
MongoDB,atlas_cluster,auth-service,0.9380,prod,platform,2026-07-20T01:00:00Z,atlas-org-platform
MongoDB,atlas_cluster,auth-service,0.8846,prod,platform,2026-07-20T02:00:00Z,atlas-org-platform
MongoDB,atlas_cluster,auth-service,0.8580,prod,platform,2026-07-20T03:00:00Z,atlas-org-platform
MongoDB,atlas_cluster,auth-service,0.9296,prod,platform,2026-07-20T04:00:00Z,atlas-org-platform
MongoDB,atlas_cluster,auth-service,0.9008,prod,platform,2026-07-20T05:00:00Z,atlas-org-platform
MongoDB,atlas_cluster,auth-service,0.8905,prod,platform,2026-07-20T06:00:00Z,atlas-org-platform
MongoDB,atlas_cluster,auth-service,0.9398,prod,platform,2026-07-20T07:00:00Z,atlas-org-platform
MongoDB,atlas_cluster,auth-service,0.9034,prod,platform,2026-07-20T08:00:00Z,atlas-org-platform
MongoDB,atlas_cluster,auth-service,0.9420,prod,platform,2026-07-20T09:00:00Z,atlas-org-platform
MongoDB,atlas_cluster,auth-service,0.8100,prod,platform,2026-07-20T10:00:00Z,atlas-org-platform
MongoDB,atlas_cluster,auth-service,0.9364,prod,platform,2026-07-20T11:00:00Z,atlas-org-platform
MongoDB,atlas_cluster,auth-service,0.8261,prod,platform,2026-07-20T12:00:00Z,atlas-org-platform
MongoDB,atlas_cluster,auth-service,0.8420,prod,platform,2026-07-20T13:00:00Z,atlas-org-platform
MongoDB,atlas_cluster,auth-service,0.9247,prod,platform,2026-07-20T14:00:00Z,atlas-org-platform
MongoDB,atlas_cluster,auth-service,0.8064,prod,platform,2026-07-20T15:00:00Z,atlas-org-platform
MongoDB,atlas_cluster,auth-service,0.7961,prod,platform,2026-07-20T16:00:00Z,atlas-org-platform
MongoDB,atlas_cluster,auth-service,0.8275,prod,platform,2026-07-20T17:00:00Z,atlas-org-platform
MongoDB,atlas_cluster,auth-service,0.8182,prod,platform,2026-07-20T18:00:00Z,atlas-org-platform
MongoDB,atlas_cluster,auth-service,0.7879,prod,platform,2026-07-20T19:00:00Z,atlas-org-platform
MongoDB,atlas_cluster,auth-service,0.7926,prod,platform,2026-07-20T20:00:00Z,atlas-org-platform
MongoDB,atlas_cluster,auth-service,0.9179,prod,platform,2026-07-20T21:00:00Z,atlas-org-platform
MongoDB,atlas_cluster,auth-service,0.7983,prod,platform,2026-07-20T22:00:00Z,atlas-org-platform
MongoDB,atlas_cluster,auth-service,0.8811,prod,platform,2026-07-20T23:00:00Z,atlas-org-platform
MongoDB,atlas_cluster,auth-service,0.9282,prod,platform,2026-07-21T00:00:00Z,atlas-org-platform
MongoDB,atlas_cluster,auth-service,0.8752,prod,platform,2026-07-21T01:00:00Z,atlas-org-platform
MongoDB,atlas_cluster,auth-service,0.8812,prod,platform,2026-07-21T02:00:00Z,atlas-org-platform
MongoDB,atlas_cluster,auth-service,0.8146,prod,platform,2026-07-21T03:00:00Z,atlas-org-platform
MongoDB,atlas_cluster,auth-service,0.8419,prod,platform,2026-07-21T04:00:00Z,atlas-org-platform
MongoDB,atlas_cluster,auth-service,0.8462,prod,platform,2026-07-21T05:00:00Z,atlas-org-platform
MongoDB,atlas_cluster,auth-service,0.8518,prod,platform,2026-07-21T06:00:00Z,atlas-org-platform
MongoDB,atlas_cluster,auth-service,0.8419,prod,platform,2026-07-21T07:00:00Z,atlas-org-platform
MongoDB,atlas_cluster,auth-service,0.8629,prod,platform,2026-07-21T08:00:00Z,atlas-org-platform
MongoDB,atlas_cluster,auth-service,0.8563,prod,platform,2026-07-21T09:00:00Z,atlas-org-platform
MongoDB,atlas_cluster,auth-service,0.8572,prod,platform,2026-07-21T10:00:00Z,atlas-org-platform
MongoDB,atlas_cluster,auth-service,0.7943,prod,platform,2026-07-21T11:00:00Z,atlas-org-platform
MongoDB,atlas_cluster,auth-service,0.7901,prod,platform,2026-07-21T12:00:00Z,atlas-org-platform
MongoDB,atlas_cluster,auth-service,0.8442,prod,platform,2026-07-21T13:00:00Z,atlas-org-platform
MongoDB,atlas_cluster,auth-service,0.9506,prod,platform,2026-07-21T14:00:00Z,atlas-org-platform
MongoDB,atlas_cluster,auth-service,0.8818,prod,platform,2026-07-21T15:00:00Z,atlas-org-platform
MongoDB,atlas_cluster,auth-service,0.9368,prod,platform,2026-07-21T16:00:00Z,atlas-org-platform
MongoDB,atlas_cluster,auth-service,0.8008,prod,platform,2026-07-21T17:00:00Z,atlas-org-platform
MongoDB,atlas_cluster,auth-service,0.8793,prod,platform,2026-07-21T18:00:00Z,atlas-org-platform
MongoDB,atlas_cluster,auth-service,0.8872,prod,platform,2026-07-21T19:00:00Z,atlas-org-platform
MongoDB,atlas_cluster,auth-service,0.8518,prod,platform,2026-07-21T20:00:00Z,atlas-org-platform
MongoDB,atlas_cluster,auth-service,0.8912,prod,platform,2026-07-21T21:00:00Z,atlas-org-platform
MongoDB,atlas_cluster,auth-service,0.9360,prod,platform,2026-07-21T22:00:00Z,atlas-org-platform
MongoDB,atlas_cluster,auth-service,0.9543,prod,platform,2026-07-21T23:00:00Z,atlas-org-platform
MongoDB,atlas_cluster,auth-service,0.8152,prod,platform,2026-07-22T00:00:00Z,atlas-org-platform
MongoDB,atlas_cluster,auth-service,0.9333,prod,platform,2026-07-22T01:00:00Z,atlas-org-platform
MongoDB,atlas_cluster,auth-service,0.8907,prod,platform,2026-07-22T02:00:00Z,atlas-org-platform
MongoDB,atlas_cluster,auth-service,0.9411,prod,platform,2026-07-22T03:00:00Z,atlas-org-platform
MongoDB,atlas_cluster,auth-service,0.7964,prod,platform,2026-07-22T04:00:00Z,atlas-org-platform
MongoDB,atlas_cluster,auth-service,0.8647,prod,platform,2026-07-22T05:00:00Z,atlas-org-platform
MongoDB,atlas_cluster,auth-service,0.9486,prod,platform,2026-07-22T06:00:00Z,atlas-org-platform
MongoDB,atlas_cluster,auth-service,0.8783,prod,platform,2026-07-22T07:00:00Z,atlas-org-platform
MongoDB,atlas_cluster,auth-service,0.9380,prod,platform,2026-07-22T08:00:00Z,atlas-org-platform
MongoDB,atlas_cluster,auth-service,0.8975,prod,platform,2026-07-22T09:00:00Z,atlas-org-platform
MongoDB,atlas_cluster,auth-service,0.9230,prod,platform,2026-07-22T10:00:00Z,atlas-org-platform
MongoDB,atlas_cluster,auth-service,0.8985,prod,platform,2026-07-22T11:00:00Z,atlas-org-platform
MongoDB,atlas_cluster,auth-service,0.9385,prod,platform,2026-07-22T12:00:00Z,atlas-org-platform
MongoDB,atlas_cluster,auth-service,0.8678,prod,platform,2026-07-22T13:00:00Z,atlas-org-platform
MongoDB,atlas_cluster,auth-service,0.8761,prod,platform,2026-07-22T14:00:00Z,atlas-org-platform
MongoDB,atlas_cluster,auth-service,0.8583,prod,platform,2026-07-22T15:00:00Z,atlas-org-platform
MongoDB,atlas_cluster,auth-service,0.9095,prod,platform,2026-07-22T16:00:00Z,atlas-org-platform
MongoDB,atlas_cluster,auth-service,0.7964,prod,platform,2026-07-22T17:00:00Z,atlas-org-platform
MongoDB,atlas_cluster,auth-service,0.8057,prod,platform,2026-07-22T18:00:00Z,atlas-org-platform
MongoDB,atlas_cluster,auth-service,0.8924,prod,platform,2026-07-22T19:00:00Z,atlas-org-platform
MongoDB,atlas_cluster,auth-service,0.8813,prod,platform,2026-07-22T20:00:00Z,atlas-org-platform
MongoDB,atlas_cluster,auth-service,0.8626,prod,platform,2026-07-22T21:00:00Z,atlas-org-platform
MongoDB,atlas_cluster,auth-service,0.8018,prod,platform,2026-07-22T22:00:00Z,atlas-org-platform
MongoDB,atlas_cluster,auth-service,0.8471,prod,platform,2026-07-22T23:00:00Z,atlas-org-platform
MongoDB,atlas_cluster,auth-service,0.8617,prod,platform,2026-07-23T00:00:00Z,atlas-org-platform
MongoDB,atlas_cluster,auth-service,0.7934,prod,platform,2026-07-23T01:00:00Z,atlas-org-platform
MongoDB,atlas_cluster,auth-service,0.9225,prod,platform,2026-07-23T02:00:00Z,atlas-org-platform
MongoDB,atlas_cluster,auth-service,0.7815,prod,platform,2026-07-23T03:00:00Z,atlas-org-platform
MongoDB,atlas_cluster,auth-service,0.8810,prod,platform,2026-07-23T04:00:00Z,atlas-org-platform
MongoDB,atlas_cluster,auth-service,0.9147,prod,platform,2026-07-23T05:00:00Z,atlas-org-platform
MongoDB,atlas_cluster,auth-service,0.8870,prod,platform,2026-07-23T06:00:00Z,atlas-org-platform
MongoDB,atlas_cluster,auth-service,0.9015,prod,platform,2026-07-23T07:00:00Z,atlas-org-platform
MongoDB,atlas_cluster,auth-service,0.8474,prod,platform,2026-07-23T08:00:00Z,atlas-org-platform
MongoDB,atlas_cluster,auth-service,0.9488,prod,platform,2026-07-23T09:00:00Z,atlas-org-platform
MongoDB,atlas_cluster,auth-service,0.8097,prod,platform,2026-07-23T10:00:00Z,atlas-org-platform
MongoDB,atlas_cluster,auth-service,0.9231,prod,platform,2026-07-23T11:00:00Z,atlas-org-platform
MongoDB,atlas_cluster,auth-service,0.9410,prod,platform,2026-07-23T12:00:00Z,atlas-org-platform
MongoDB,atlas_cluster,auth-service,0.9228,prod,platform,2026-07-23T13:00:00Z,atlas-org-platform
MongoDB,atlas_cluster,auth-service,0.8506,prod,platform,2026-07-23T14:00:00Z,atlas-org-platform
MongoDB,atlas_cluster,auth-service,0.7926,prod,platform,2026-07-23T15:00:00Z,atlas-org-platform
MongoDB,atlas_cluster,auth-service,0.7881,prod,platform,2026-07-23T16:00:00Z,atlas-org-platform
MongoDB,atlas_cluster,auth-service,0.8263,prod,platform,2026-07-23T17:00:00Z,atlas-org-platform
MongoDB,atlas_cluster,auth-service,0.9357,prod,platform,2026-07-23T18:00:00Z,atlas-org-platform
MongoDB,atlas_cluster,auth-service,0.8327,prod,platform,2026-07-23T19:00:00Z,atlas-org-platform
MongoDB,atlas_cluster,auth-service,0.9313,prod,platform,2026-07-23T20:00:00Z,atlas-org-platform
MongoDB,atlas_cluster,auth-service,0.8196,prod,platform,2026-07-23T21:00:00Z,atlas-org-platform
MongoDB,atlas_cluster,auth-service,0.8125,prod,platform,2026-07-23T22:00:00Z,atlas-org-platform
MongoDB,atlas_cluster,auth-service,0.9320,prod,platform,2026-07-23T23:00:00Z,atlas-org-platform
MongoDB,atlas_cluster,auth-service,0.8030,prod,platform,2026-07-24T00:00:00Z,atlas-org-platform
MongoDB,atlas_cluster,auth-service,0.7926,prod,platform,2026-07-24T01:00:00Z,atlas-org-platform
MongoDB,atlas_cluster,auth-service,0.8255,prod,platform,2026-07-24T02:00:00Z,atlas-org-platform
MongoDB,atlas_cluster,auth-service,0.8870,prod,platform,2026-07-24T03:00:00Z,atlas-org-platform
MongoDB,atlas_cluster,auth-service,0.9283,prod,platform,2026-07-24T04:00:00Z,atlas-org-platform
MongoDB,atlas_cluster,auth-service,0.8425,prod,platform,2026-07-24T05:00:00Z,atlas-org-platform
MongoDB,atlas_cluster,auth-service,0.7875,prod,platform,2026-07-24T06:00:00Z,atlas-org-platform
MongoDB,atlas_cluster,auth-service,0.8968,prod,platform,2026-07-24T07:00:00Z,atlas-org-platform
MongoDB,atlas_cluster,auth-service,0.7791,prod,platform,2026-07-24T08:00:00Z,atlas-org-platform
MongoDB,atlas_cluster,auth-service,0.8713,prod,platform,2026-07-24T09:00:00Z,atlas-org-platform
MongoDB,atlas_cluster,auth-service,0.8315,prod,platform,2026-07-24T10:00:00Z,atlas-org-platform
MongoDB,atlas_cluster,auth-service,0.9422,prod,platform,2026-07-24T11:00:00Z,atlas-org-platform
MongoDB,atlas_cluster,auth-service,0.8158,prod,platform,2026-07-24T12:00:00Z,atlas-org-platform
MongoDB,atlas_cluster,auth-service,0.8585,prod,platform,2026-07-24T13:00:00Z,atlas-org-platform
MongoDB,atlas_cluster,auth-service,0.8726,prod,platform,2026-07-24T14:00:00Z,atlas-org-platform
MongoDB,atlas_cluster,auth-service,0.9353,prod,platform,2026-07-24T15:00:00Z,atlas-org-platform
MongoDB,atlas_cluster,auth-service,0.9046,prod,platform,2026-07-24T16:00:00Z,atlas-org-platform
MongoDB,atlas_cluster,auth-service,0.9106,prod,platform,2026-07-24T17:00:00Z,atlas-org-platform
MongoDB,atlas_cluster,auth-service,0.7737,prod,platform,2026-07-24T18:00:00Z,atlas-org-platform
MongoDB,atlas_cluster,auth-service,0.8917,prod,platform,2026-07-24T19:00:00Z,atlas-org-platform
MongoDB,atlas_cluster,auth-service,0.9254,prod,platform,2026-07-24T20:00:00Z,atlas-org-platform
MongoDB,atlas_cluster,auth-service,0.8105,prod,platform,2026-07-24T21:00:00Z,atlas-org-platform
MongoDB,atlas_cluster,auth-service,0.9274,prod,platform,2026-07-24T22:00:00Z,atlas-org-platform
MongoDB,atlas_cluster,auth-service,0.8219,prod,platform,2026-07-24T23:00:00Z,atlas-org-platform
MongoDB,atlas_cluster,auth-service,0.7480,prod,platform,2026-07-25T00:00:00Z,atlas-org-platform
MongoDB,atlas_cluster,auth-service,0.8295,prod,platform,2026-07-25T01:00:00Z,atlas-org-platform
MongoDB,atlas_cluster,auth-service,0.8319,prod,platform,2026-07-25T02:00:00Z,atlas-org-platform
MongoDB,atlas_cluster,auth-service,0.7478,prod,platform,2026-07-25T03:00:00Z,atlas-org-platform
MongoDB,atlas_cluster,auth-service,0.8836,prod,platform,2026-07-25T04:00:00Z,atlas-org-platform
MongoDB,atlas_cluster,auth-service,0.8804,prod,platform,2026-07-25T05:00:00Z,atlas-org-platform
MongoDB,atlas_cluster,auth-service,0.7590,prod,platform,2026-07-25T06:00:00Z,atlas-org-platform
MongoDB,atlas_cluster,auth-service,0.7367,prod,platform,2026-07-25T07:00:00Z,atlas-org-platform
MongoDB,atlas_cluster,auth-service,0.8559,prod,platform,2026-07-25T08:00:00Z,atlas-org-platform
MongoDB,atlas_cluster,auth-service,0.8084,prod,platform,2026-07-25T09:00:00Z,atlas-org-platform
MongoDB,atlas_cluster,auth-service,0.8790,prod,platform,2026-07-25T10:00:00Z,atlas-org-platform
MongoDB,atlas_cluster,auth-service,0.7500,prod,platform,2026-07-25T11:00:00Z,atlas-org-platform
MongoDB,atlas_cluster,auth-service,0.8413,prod,platform,2026-07-25T12:00:00Z,atlas-org-platform
MongoDB,atlas_cluster,auth-service,0.8675,prod,platform,2026-07-25T13:00:00Z,atlas-org-platform
MongoDB,atlas_cluster,auth-service,0.8387,prod,platform,2026-07-25T14:00:00Z,atlas-org-platform
MongoDB,atlas_cluster,auth-service,0.8181,prod,platform,2026-07-25T15:00:00Z,atlas-org-platform
MongoDB,atlas_cluster,auth-service,0.8842,prod,platform,2026-07-25T16:00:00Z,atlas-org-platform
MongoDB,atlas_cluster,auth-service,0.8188,prod,platform,2026-07-25T17:00:00Z,atlas-org-platform
MongoDB,atlas_cluster,auth-service,0.8103,prod,platform,2026-07-25T18:00:00Z,atlas-org-platform
MongoDB,atlas_cluster,auth-service,0.8079,prod,platform,2026-07-25T19:00:00Z,atlas-org-platform
MongoDB,atlas_cluster,auth-service,0.7422,prod,platform,2026-07-25T20:00:00Z,atlas-org-platform
MongoDB,atlas_cluster,auth-service,0.8350,prod,platform,2026-07-25T21:00:00Z,atlas-org-platform
MongoDB,atlas_cluster,auth-service,0.8013,prod,platform,2026-07-25T22:00:00Z,atlas-org-platform
MongoDB,atlas_cluster,auth-service,0.7795,prod,platform,2026-07-25T23:00:00Z,atlas-org-platform
MongoDB,atlas_cluster,auth-service,0.8380,prod,platform,2026-07-26T00:00:00Z,atlas-org-platform
MongoDB,atlas_cluster,auth-service,0.7367,prod,platform,2026-07-26T01:00:00Z,atlas-org-platform
MongoDB,atlas_cluster,auth-service,0.7766,prod,platform,2026-07-26T02:00:00Z,atlas-org-platform
MongoDB,atlas_cluster,auth-service,0.8905,prod,platform,2026-07-26T03:00:00Z,atlas-org-platform
MongoDB,atlas_cluster,auth-service,0.8689,prod,platform,2026-07-26T04:00:00Z,atlas-org-platform
MongoDB,atlas_cluster,auth-service,0.7611,prod,platform,2026-07-26T05:00:00Z,atlas-org-platform
MongoDB,atlas_cluster,auth-service,0.7913,prod,platform,2026-07-26T06:00:00Z,atlas-org-platform
MongoDB,atlas_cluster,auth-service,0.8751,prod,platform,2026-07-26T07:00:00Z,atlas-org-platform
MongoDB,atlas_cluster,auth-service,0.8817,prod,platform,2026-07-26T08:00:00Z,atlas-org-platform
MongoDB,atlas_cluster,auth-service,0.7374,prod,platform,2026-07-26T09:00:00Z,atlas-org-platform
MongoDB,atlas_cluster,auth-service,0.7941,prod,platform,2026-07-26T10:00:00Z,atlas-org-platform
MongoDB,atlas_cluster,auth-service,0.8208,prod,platform,2026-07-26T11:00:00Z,atlas-org-platform
MongoDB,atlas_cluster,auth-service,0.7607,prod,platform,2026-07-26T12:00:00Z,atlas-org-platform
MongoDB,atlas_cluster,auth-service,0.8689,prod,platform,2026-07-26T13:00:00Z,atlas-org-platform
MongoDB,atlas_cluster,auth-service,0.8517,prod,platform,2026-07-26T14:00:00Z,atlas-org-platform
MongoDB,atlas_cluster,auth-service,0.7900,prod,platform,2026-07-26T15:00:00Z,atlas-org-platform
Azure,VirtualMachines,recommendations,3.1088,prod,growth,2026-07-12T16:00:00Z,azr-sub-growth-3b8d
Azure,VirtualMachines,recommendations,2.9964,prod,growth,2026-07-12T17:00:00Z,azr-sub-growth-3b8d
Azure,VirtualMachines,recommendations,2.9320,prod,growth,2026-07-12T18:00:00Z,azr-sub-growth-3b8d
Azure,VirtualMachines,recommendations,3.3878,prod,growth,2026-07-12T19:00:00Z,azr-sub-growth-3b8d
Azure,VirtualMachines,recommendations,3.2242,prod,growth,2026-07-12T20:00:00Z,azr-sub-growth-3b8d
Azure,VirtualMachines,recommendations,2.9681,prod,growth,2026-07-12T21:00:00Z,azr-sub-growth-3b8d
Azure,VirtualMachines,recommendations,2.9864,prod,growth,2026-07-12T22:00:00Z,azr-sub-growth-3b8d
Azure,VirtualMachines,recommendations,3.3808,prod,growth,2026-07-12T23:00:00Z,azr-sub-growth-3b8d
Azure,VirtualMachines,recommendations,3.6676,prod,growth,2026-07-13T00:00:00Z,azr-sub-growth-3b8d
Azure,VirtualMachines,recommendations,3.3963,prod,growth,2026-07-13T01:00:00Z,azr-sub-growth-3b8d
Azure,VirtualMachines,recommendations,3.4267,prod,growth,2026-07-13T02:00:00Z,azr-sub-growth-3b8d
Azure,VirtualMachines,recommendations,3.2064,prod,growth,2026-07-13T03:00:00Z,azr-sub-growth-3b8d
Azure,VirtualMachines,recommendations,3.6473,prod,growth,2026-07-13T04:00:00Z,azr-sub-growth-3b8d
Azure,VirtualMachines,recommendations,3.0661,prod,growth,2026-07-13T05:00:00Z,azr-sub-growth-3b8d
Azure,VirtualMachines,recommendations,3.3639,prod,growth,2026-07-13T06:00:00Z,azr-sub-growth-3b8d
Azure,VirtualMachines,recommendations,3.0666,prod,growth,2026-07-13T07:00:00Z,azr-sub-growth-3b8d
Azure,VirtualMachines,recommendations,3.1028,prod,growth,2026-07-13T08:00:00Z,azr-sub-growth-3b8d
Azure,VirtualMachines,recommendations,3.5239,prod,growth,2026-07-13T09:00:00Z,azr-sub-growth-3b8d
Azure,VirtualMachines,recommendations,3.7400,prod,growth,2026-07-13T10:00:00Z,azr-sub-growth-3b8d
Azure,VirtualMachines,recommendations,3.1592,prod,growth,2026-07-13T11:00:00Z,azr-sub-growth-3b8d
Azure,VirtualMachines,recommendations,3.0767,prod,growth,2026-07-13T12:00:00Z,azr-sub-growth-3b8d
Azure,VirtualMachines,recommendations,3.6278,prod,growth,2026-07-13T13:00:00Z,azr-sub-growth-3b8d
Azure,VirtualMachines,recommendations,3.5969,prod,growth,2026-07-13T14:00:00Z,azr-sub-growth-3b8d
Azure,VirtualMachines,recommendations,3.3488,prod,growth,2026-07-13T15:00:00Z,azr-sub-growth-3b8d
Azure,VirtualMachines,recommendations,3.5995,prod,growth,2026-07-13T16:00:00Z,azr-sub-growth-3b8d
Azure,VirtualMachines,recommendations,3.7619,prod,growth,2026-07-13T17:00:00Z,azr-sub-growth-3b8d
Azure,VirtualMachines,recommendations,3.7308,prod,growth,2026-07-13T18:00:00Z,azr-sub-growth-3b8d
Azure,VirtualMachines,recommendations,3.4006,prod,growth,2026-07-13T19:00:00Z,azr-sub-growth-3b8d
Azure,VirtualMachines,recommendations,3.4645,prod,growth,2026-07-13T20:00:00Z,azr-sub-growth-3b8d
Azure,VirtualMachines,recommendations,3.8158,prod,growth,2026-07-13T21:00:00Z,azr-sub-growth-3b8d
Azure,VirtualMachines,recommendations,3.2943,prod,growth,2026-07-13T22:00:00Z,azr-sub-growth-3b8d
Azure,VirtualMachines,recommendations,3.3902,prod,growth,2026-07-13T23:00:00Z,azr-sub-growth-3b8d
Azure,VirtualMachines,recommendations,3.2504,prod,growth,2026-07-14T00:00:00Z,azr-sub-growth-3b8d
Azure,VirtualMachines,recommendations,3.5226,prod,growth,2026-07-14T01:00:00Z,azr-sub-growth-3b8d
Azure,VirtualMachines,recommendations,3.3159,prod,growth,2026-07-14T02:00:00Z,azr-sub-growth-3b8d
Azure,VirtualMachines,recommendations,3.4986,prod,growth,2026-07-14T03:00:00Z,azr-sub-growth-3b8d
Azure,VirtualMachines,recommendations,3.5606,prod,growth,2026-07-14T04:00:00Z,azr-sub-growth-3b8d
Azure,VirtualMachines,recommendations,3.6636,prod,growth,2026-07-14T05:00:00Z,azr-sub-growth-3b8d
Azure,VirtualMachines,recommendations,3.4325,prod,growth,2026-07-14T06:00:00Z,azr-sub-growth-3b8d
Azure,VirtualMachines,recommendations,3.2069,prod,growth,2026-07-14T07:00:00Z,azr-sub-growth-3b8d
Azure,VirtualMachines,recommendations,3.6569,prod,growth,2026-07-14T08:00:00Z,azr-sub-growth-3b8d
Azure,VirtualMachines,recommendations,3.7747,prod,growth,2026-07-14T09:00:00Z,azr-sub-growth-3b8d
Azure,VirtualMachines,recommendations,3.8226,prod,growth,2026-07-14T10:00:00Z,azr-sub-growth-3b8d
Azure,VirtualMachines,recommendations,3.7029,prod,growth,2026-07-14T11:00:00Z,azr-sub-growth-3b8d
Azure,VirtualMachines,recommendations,3.2774,prod,growth,2026-07-14T12:00:00Z,azr-sub-growth-3b8d
Azure,VirtualMachines,recommendations,3.6025,prod,growth,2026-07-14T13:00:00Z,azr-sub-growth-3b8d
Azure,VirtualMachines,recommendations,3.2051,prod,growth,2026-07-14T14:00:00Z,azr-sub-growth-3b8d
Azure,VirtualMachines,recommendations,3.7584,prod,growth,2026-07-14T15:00:00Z,azr-sub-growth-3b8d
Azure,VirtualMachines,recommendations,3.6419,prod,growth,2026-07-14T16:00:00Z,azr-sub-growth-3b8d
Azure,VirtualMachines,recommendations,3.5358,prod,growth,2026-07-14T17:00:00Z,azr-sub-growth-3b8d
Azure,VirtualMachines,recommendations,3.6487,prod,growth,2026-07-14T18:00:00Z,azr-sub-growth-3b8d
Azure,VirtualMachines,recommendations,3.7703,prod,growth,2026-07-14T19:00:00Z,azr-sub-growth-3b8d
Azure,VirtualMachines,recommendations,3.3398,prod,growth,2026-07-14T20:00:00Z,azr-sub-growth-3b8d
Azure,VirtualMachines,recommendations,3.4725,prod,growth,2026-07-14T21:00:00Z,azr-sub-growth-3b8d
Azure,VirtualMachines,recommendations,3.5249,prod,growth,2026-07-14T22:00:00Z,azr-sub-growth-3b8d
Azure,VirtualMachines,recommendations,3.4743,prod,growth,2026-07-14T23:00:00Z,azr-sub-growth-3b8d
Azure,VirtualMachines,recommendations,3.3136,prod,growth,2026-07-15T00:00:00Z,azr-sub-growth-3b8d
Azure,VirtualMachines,recommendations,3.3337,prod,growth,2026-07-15T01:00:00Z,azr-sub-growth-3b8d
Azure,VirtualMachines,recommendations,3.8576,prod,growth,2026-07-15T02:00:00Z,azr-sub-growth-3b8d
Azure,VirtualMachines,recommendations,3.4804,prod,growth,2026-07-15T03:00:00Z,azr-sub-growth-3b8d
Azure,VirtualMachines,recommendations,3.2251,prod,growth,2026-07-15T04:00:00Z,azr-sub-growth-3b8d
Azure,VirtualMachines,recommendations,3.6241,prod,growth,2026-07-15T05:00:00Z,azr-sub-growth-3b8d
Azure,VirtualMachines,recommendations,3.5731,prod,growth,2026-07-15T06:00:00Z,azr-sub-growth-3b8d
Azure,VirtualMachines,recommendations,3.9038,prod,growth,2026-07-15T07:00:00Z,azr-sub-growth-3b8d
Azure,VirtualMachines,recommendations,3.8087,prod,growth,2026-07-15T08:00:00Z,azr-sub-growth-3b8d
Azure,VirtualMachines,recommendations,3.4061,prod,growth,2026-07-15T09:00:00Z,azr-sub-growth-3b8d
Azure,VirtualMachines,recommendations,3.6252,prod,growth,2026-07-15T10:00:00Z,azr-sub-growth-3b8d
Azure,VirtualMachines,recommendations,3.5694,prod,growth,2026-07-15T11:00:00Z,azr-sub-growth-3b8d
Azure,VirtualMachines,recommendations,3.6759,prod,growth,2026-07-15T12:00:00Z,azr-sub-growth-3b8d
Azure,VirtualMachines,recommendations,3.6841,prod,growth,2026-07-15T13:00:00Z,azr-sub-growth-3b8d
Azure,VirtualMachines,recommendations,3.5166,prod,growth,2026-07-15T14:00:00Z,azr-sub-growth-3b8d
Azure,VirtualMachines,recommendations,3.6559,prod,growth,2026-07-15T15:00:00Z,azr-sub-growth-3b8d
Azure,VirtualMachines,recommendations,3.3791,prod,growth,2026-07-15T16:00:00Z,azr-sub-growth-3b8d
Azure,VirtualMachines,recommendations,3.3592,prod,growth,2026-07-15T17:00:00Z,azr-sub-growth-3b8d
Azure,VirtualMachines,recommendations,3.5983,prod,growth,2026-07-15T18:00:00Z,azr-sub-growth-3b8d
Azure,VirtualMachines,recommendations,3.3249,prod,growth,2026-07-15T19:00:00Z,azr-sub-growth-3b8d
Azure,VirtualMachines,recommendations,3.7324,prod,growth,2026-07-15T20:00:00Z,azr-sub-growth-3b8d
Azure,VirtualMachines,recommendations,3.5634,prod,growth,2026-07-15T21:00:00Z,azr-sub-growth-3b8d
Azure,VirtualMachines,recommendations,3.5376,prod,growth,2026-07-15T22:00:00Z,azr-sub-growth-3b8d
Azure,VirtualMachines,recommendations,3.3004,prod,growth,2026-07-15T23:00:00Z,azr-sub-growth-3b8d
Azure,VirtualMachines,recommendations,3.8997,prod,growth,2026-07-16T00:00:00Z,azr-sub-growth-3b8d
Azure,VirtualMachines,recommendations,3.3151,prod,growth,2026-07-16T01:00:00Z,azr-sub-growth-3b8d
Azure,VirtualMachines,recommendations,3.4365,prod,growth,2026-07-16T02:00:00Z,azr-sub-growth-3b8d
Azure,VirtualMachines,recommendations,3.8623,prod,growth,2026-07-16T03:00:00Z,azr-sub-growth-3b8d
Azure,VirtualMachines,recommendations,3.6628,prod,growth,2026-07-16T04:00:00Z,azr-sub-growth-3b8d
Azure,VirtualMachines,recommendations,3.7820,prod,growth,2026-07-16T05:00:00Z,azr-sub-growth-3b8d
Azure,VirtualMachines,recommendations,4.0060,prod,growth,2026-07-16T06:00:00Z,azr-sub-growth-3b8d
Azure,VirtualMachines,recommendations,3.4752,prod,growth,2026-07-16T07:00:00Z,azr-sub-growth-3b8d
Azure,VirtualMachines,recommendations,3.5750,prod,growth,2026-07-16T08:00:00Z,azr-sub-growth-3b8d
Azure,VirtualMachines,recommendations,3.8148,prod,growth,2026-07-16T09:00:00Z,azr-sub-growth-3b8d
Azure,VirtualMachines,recommendations,3.5975,prod,growth,2026-07-16T10:00:00Z,azr-sub-growth-3b8d
Azure,VirtualMachines,recommendations,3.3394,prod,growth,2026-07-16T11:00:00Z,azr-sub-growth-3b8d
Azure,VirtualMachines,recommendations,3.6675,prod,growth,2026-07-16T12:00:00Z,azr-sub-growth-3b8d
Azure,VirtualMachines,recommendations,3.7973,prod,growth,2026-07-16T13:00:00Z,azr-sub-growth-3b8d
Azure,VirtualMachines,recommendations,3.8515,prod,growth,2026-07-16T14:00:00Z,azr-sub-growth-3b8d
Azure,VirtualMachines,recommendations,3.8010,prod,growth,2026-07-16T15:00:00Z,azr-sub-growth-3b8d
Azure,VirtualMachines,recommendations,3.4290,prod,growth,2026-07-16T16:00:00Z,azr-sub-growth-3b8d
Azure,VirtualMachines,recommendations,3.5549,prod,growth,2026-07-16T17:00:00Z,azr-sub-growth-3b8d
Azure,VirtualMachines,recommendations,4.0960,prod,growth,2026-07-16T18:00:00Z,azr-sub-growth-3b8d
Azure,VirtualMachines,recommendations,4.0939,prod,growth,2026-07-16T19:00:00Z,azr-sub-growth-3b8d
Azure,VirtualMachines,recommendations,3.4737,prod,growth,2026-07-16T20:00:00Z,azr-sub-growth-3b8d
Azure,VirtualMachines,recommendations,3.5469,prod,growth,2026-07-16T21:00:00Z,azr-sub-growth-3b8d
Azure,VirtualMachines,recommendations,3.5361,prod,growth,2026-07-16T22:00:00Z,azr-sub-growth-3b8d
Azure,VirtualMachines,recommendations,3.4511,prod,growth,2026-07-16T23:00:00Z,azr-sub-growth-3b8d
Azure,VirtualMachines,recommendations,3.9523,prod,growth,2026-07-17T00:00:00Z,azr-sub-growth-3b8d
Azure,VirtualMachines,recommendations,3.6463,prod,growth,2026-07-17T01:00:00Z,azr-sub-growth-3b8d
Azure,VirtualMachines,recommendations,4.0556,prod,growth,2026-07-17T02:00:00Z,azr-sub-growth-3b8d
Azure,VirtualMachines,recommendations,3.9820,prod,growth,2026-07-17T03:00:00Z,azr-sub-growth-3b8d
Azure,VirtualMachines,recommendations,4.0484,prod,growth,2026-07-17T04:00:00Z,azr-sub-growth-3b8d
Azure,VirtualMachines,recommendations,3.9433,prod,growth,2026-07-17T05:00:00Z,azr-sub-growth-3b8d
Azure,VirtualMachines,recommendations,4.1028,prod,growth,2026-07-17T06:00:00Z,azr-sub-growth-3b8d
Azure,VirtualMachines,recommendations,3.5482,prod,growth,2026-07-17T07:00:00Z,azr-sub-growth-3b8d
Azure,VirtualMachines,recommendations,3.6774,prod,growth,2026-07-17T08:00:00Z,azr-sub-growth-3b8d
Azure,VirtualMachines,recommendations,3.4858,prod,growth,2026-07-17T09:00:00Z,azr-sub-growth-3b8d
Azure,VirtualMachines,recommendations,3.3880,prod,growth,2026-07-17T10:00:00Z,azr-sub-growth-3b8d
Azure,VirtualMachines,recommendations,4.0330,prod,growth,2026-07-17T11:00:00Z,azr-sub-growth-3b8d
Azure,VirtualMachines,recommendations,3.5441,prod,growth,2026-07-17T12:00:00Z,azr-sub-growth-3b8d
Azure,VirtualMachines,recommendations,3.6839,prod,growth,2026-07-17T13:00:00Z,azr-sub-growth-3b8d
Azure,VirtualMachines,recommendations,3.7418,prod,growth,2026-07-17T14:00:00Z,azr-sub-growth-3b8d
Azure,VirtualMachines,recommendations,3.9599,prod,growth,2026-07-17T15:00:00Z,azr-sub-growth-3b8d
Azure,VirtualMachines,recommendations,3.9475,prod,growth,2026-07-17T16:00:00Z,azr-sub-growth-3b8d
Azure,VirtualMachines,recommendations,3.6168,prod,growth,2026-07-17T17:00:00Z,azr-sub-growth-3b8d
Azure,VirtualMachines,recommendations,3.8859,prod,growth,2026-07-17T18:00:00Z,azr-sub-growth-3b8d
Azure,VirtualMachines,recommendations,3.8226,prod,growth,2026-07-17T19:00:00Z,azr-sub-growth-3b8d
Azure,VirtualMachines,recommendations,3.8702,prod,growth,2026-07-17T20:00:00Z,azr-sub-growth-3b8d
Azure,VirtualMachines,recommendations,3.4829,prod,growth,2026-07-17T21:00:00Z,azr-sub-growth-3b8d
Azure,VirtualMachines,recommendations,3.4902,prod,growth,2026-07-17T22:00:00Z,azr-sub-growth-3b8d
Azure,VirtualMachines,recommendations,3.9101,prod,growth,2026-07-17T23:00:00Z,azr-sub-growth-3b8d
Azure,VirtualMachines,recommendations,3.8246,prod,growth,2026-07-18T00:00:00Z,azr-sub-growth-3b8d
Azure,VirtualMachines,recommendations,3.4234,prod,growth,2026-07-18T01:00:00Z,azr-sub-growth-3b8d
Azure,VirtualMachines,recommendations,3.3238,prod,growth,2026-07-18T02:00:00Z,azr-sub-growth-3b8d
Azure,VirtualMachines,recommendations,3.2956,prod,growth,2026-07-18T03:00:00Z,azr-sub-growth-3b8d
Azure,VirtualMachines,recommendations,3.6790,prod,growth,2026-07-18T04:00:00Z,azr-sub-growth-3b8d
Azure,VirtualMachines,recommendations,3.9070,prod,growth,2026-07-18T05:00:00Z,azr-sub-growth-3b8d
Azure,VirtualMachines,recommendations,3.2804,prod,growth,2026-07-18T06:00:00Z,azr-sub-growth-3b8d
Azure,VirtualMachines,recommendations,3.9760,prod,growth,2026-07-18T07:00:00Z,azr-sub-growth-3b8d
Azure,VirtualMachines,recommendations,3.5889,prod,growth,2026-07-18T08:00:00Z,azr-sub-growth-3b8d
Azure,VirtualMachines,recommendations,3.2905,prod,growth,2026-07-18T09:00:00Z,azr-sub-growth-3b8d
Azure,VirtualMachines,recommendations,3.5306,prod,growth,2026-07-18T10:00:00Z,azr-sub-growth-3b8d
Azure,VirtualMachines,recommendations,3.5116,prod,growth,2026-07-18T11:00:00Z,azr-sub-growth-3b8d
Azure,VirtualMachines,recommendations,3.6590,prod,growth,2026-07-18T12:00:00Z,azr-sub-growth-3b8d
Azure,VirtualMachines,recommendations,3.8375,prod,growth,2026-07-18T13:00:00Z,azr-sub-growth-3b8d
Azure,VirtualMachines,recommendations,3.9506,prod,growth,2026-07-18T14:00:00Z,azr-sub-growth-3b8d
Azure,VirtualMachines,recommendations,3.4960,prod,growth,2026-07-18T15:00:00Z,azr-sub-growth-3b8d
Azure,VirtualMachines,recommendations,3.9776,prod,growth,2026-07-18T16:00:00Z,azr-sub-growth-3b8d
Azure,VirtualMachines,recommendations,3.5571,prod,growth,2026-07-18T17:00:00Z,azr-sub-growth-3b8d
Azure,VirtualMachines,recommendations,3.7815,prod,growth,2026-07-18T18:00:00Z,azr-sub-growth-3b8d
Azure,VirtualMachines,recommendations,3.8245,prod,growth,2026-07-18T19:00:00Z,azr-sub-growth-3b8d
Azure,VirtualMachines,recommendations,3.3512,prod,growth,2026-07-18T20:00:00Z,azr-sub-growth-3b8d
Azure,VirtualMachines,recommendations,3.4574,prod,growth,2026-07-18T21:00:00Z,azr-sub-growth-3b8d
Azure,VirtualMachines,recommendations,3.8776,prod,growth,2026-07-18T22:00:00Z,azr-sub-growth-3b8d
Azure,VirtualMachines,recommendations,3.9924,prod,growth,2026-07-18T23:00:00Z,azr-sub-growth-3b8d
Azure,VirtualMachines,recommendations,3.4593,prod,growth,2026-07-19T00:00:00Z,azr-sub-growth-3b8d
Azure,VirtualMachines,recommendations,3.7997,prod,growth,2026-07-19T01:00:00Z,azr-sub-growth-3b8d
Azure,VirtualMachines,recommendations,3.8097,prod,growth,2026-07-19T02:00:00Z,azr-sub-growth-3b8d
Azure,VirtualMachines,recommendations,3.4849,prod,growth,2026-07-19T03:00:00Z,azr-sub-growth-3b8d
Azure,VirtualMachines,recommendations,3.7169,prod,growth,2026-07-19T04:00:00Z,azr-sub-growth-3b8d
Azure,VirtualMachines,recommendations,3.3880,prod,growth,2026-07-19T05:00:00Z,azr-sub-growth-3b8d
Azure,VirtualMachines,recommendations,3.8292,prod,growth,2026-07-19T06:00:00Z,azr-sub-growth-3b8d
Azure,VirtualMachines,recommendations,3.6128,prod,growth,2026-07-19T07:00:00Z,azr-sub-growth-3b8d
Azure,VirtualMachines,recommendations,3.5468,prod,growth,2026-07-19T08:00:00Z,azr-sub-growth-3b8d
Azure,VirtualMachines,recommendations,3.8443,prod,growth,2026-07-19T09:00:00Z,azr-sub-growth-3b8d
Azure,VirtualMachines,recommendations,4.0115,prod,growth,2026-07-19T10:00:00Z,azr-sub-growth-3b8d
Azure,VirtualMachines,recommendations,3.4186,prod,growth,2026-07-19T11:00:00Z,azr-sub-growth-3b8d
Azure,VirtualMachines,recommendations,3.6881,prod,growth,2026-07-19T12:00:00Z,azr-sub-growth-3b8d
Azure,VirtualMachines,recommendations,3.8967,prod,growth,2026-07-19T13:00:00Z,azr-sub-growth-3b8d
Azure,VirtualMachines,recommendations,3.6057,prod,growth,2026-07-19T14:00:00Z,azr-sub-growth-3b8d
Azure,VirtualMachines,recommendations,3.8657,prod,growth,2026-07-19T15:00:00Z,azr-sub-growth-3b8d
Azure,VirtualMachines,recommendations,3.5138,prod,growth,2026-07-19T16:00:00Z,azr-sub-growth-3b8d
Azure,VirtualMachines,recommendations,4.1048,prod,growth,2026-07-19T17:00:00Z,azr-sub-growth-3b8d
Azure,VirtualMachines,recommendations,4.1570,prod,growth,2026-07-19T18:00:00Z,azr-sub-growth-3b8d
Azure,VirtualMachines,recommendations,3.5037,prod,growth,2026-07-19T19:00:00Z,azr-sub-growth-3b8d
Azure,VirtualMachines,recommendations,3.5434,prod,growth,2026-07-19T20:00:00Z,azr-sub-growth-3b8d
Azure,VirtualMachines,recommendations,3.5933,prod,growth,2026-07-19T21:00:00Z,azr-sub-growth-3b8d
Azure,VirtualMachines,recommendations,3.8699,prod,growth,2026-07-19T22:00:00Z,azr-sub-growth-3b8d
Azure,VirtualMachines,recommendations,3.7282,prod,growth,2026-07-19T23:00:00Z,azr-sub-growth-3b8d
Azure,VirtualMachines,recommendations,4.1023,prod,growth,2026-07-20T00:00:00Z,azr-sub-growth-3b8d
Azure,VirtualMachines,recommendations,4.1574,prod,growth,2026-07-20T01:00:00Z,azr-sub-growth-3b8d
Azure,VirtualMachines,recommendations,3.9629,prod,growth,2026-07-20T02:00:00Z,azr-sub-growth-3b8d
Azure,VirtualMachines,recommendations,4.0448,prod,growth,2026-07-20T03:00:00Z,azr-sub-growth-3b8d
Azure,VirtualMachines,recommendations,3.6223,prod,growth,2026-07-20T04:00:00Z,azr-sub-growth-3b8d
Azure,VirtualMachines,recommendations,4.2711,prod,growth,2026-07-20T05:00:00Z,azr-sub-growth-3b8d
Azure,VirtualMachines,recommendations,4.2975,prod,growth,2026-07-20T06:00:00Z,azr-sub-growth-3b8d
Azure,VirtualMachines,recommendations,3.8710,prod,growth,2026-07-20T07:00:00Z,azr-sub-growth-3b8d
Azure,VirtualMachines,recommendations,3.6167,prod,growth,2026-07-20T08:00:00Z,azr-sub-growth-3b8d
Azure,VirtualMachines,recommendations,4.3453,prod,growth,2026-07-20T09:00:00Z,azr-sub-growth-3b8d
Azure,VirtualMachines,recommendations,4.3130,prod,growth,2026-07-20T10:00:00Z,azr-sub-growth-3b8d
Azure,VirtualMachines,recommendations,3.9773,prod,growth,2026-07-20T11:00:00Z,azr-sub-growth-3b8d
Azure,VirtualMachines,recommendations,3.9553,prod,growth,2026-07-20T12:00:00Z,azr-sub-growth-3b8d
Azure,VirtualMachines,recommendations,3.6048,prod,growth,2026-07-20T13:00:00Z,azr-sub-growth-3b8d
Azure,VirtualMachines,recommendations,3.9331,prod,growth,2026-07-20T14:00:00Z,azr-sub-growth-3b8d
Azure,VirtualMachines,recommendations,3.9036,prod,growth,2026-07-20T15:00:00Z,azr-sub-growth-3b8d
Azure,VirtualMachines,recommendations,4.4802,prod,growth,2026-07-20T16:00:00Z,azr-sub-growth-3b8d
Azure,VirtualMachines,recommendations,4.3526,prod,growth,2026-07-20T17:00:00Z,azr-sub-growth-3b8d
Azure,VirtualMachines,recommendations,4.3564,prod,growth,2026-07-20T18:00:00Z,azr-sub-growth-3b8d
Azure,VirtualMachines,recommendations,3.7383,prod,growth,2026-07-20T19:00:00Z,azr-sub-growth-3b8d
Azure,VirtualMachines,recommendations,4.1793,prod,growth,2026-07-20T20:00:00Z,azr-sub-growth-3b8d
Azure,VirtualMachines,recommendations,3.8114,prod,growth,2026-07-20T21:00:00Z,azr-sub-growth-3b8d
Azure,VirtualMachines,recommendations,4.4541,prod,growth,2026-07-20T22:00:00Z,azr-sub-growth-3b8d
Azure,VirtualMachines,recommendations,4.2802,prod,growth,2026-07-20T23:00:00Z,azr-sub-growth-3b8d
Azure,VirtualMachines,recommendations,4.3033,prod,growth,2026-07-21T00:00:00Z,azr-sub-growth-3b8d
Azure,VirtualMachines,recommendations,4.0182,prod,growth,2026-07-21T01:00:00Z,azr-sub-growth-3b8d
Azure,VirtualMachines,recommendations,4.2286,prod,growth,2026-07-21T02:00:00Z,azr-sub-growth-3b8d
Azure,VirtualMachines,recommendations,4.0822,prod,growth,2026-07-21T03:00:00Z,azr-sub-growth-3b8d
Azure,VirtualMachines,recommendations,3.6893,prod,growth,2026-07-21T04:00:00Z,azr-sub-growth-3b8d
Azure,VirtualMachines,recommendations,3.8926,prod,growth,2026-07-21T05:00:00Z,azr-sub-growth-3b8d
Azure,VirtualMachines,recommendations,4.2508,prod,growth,2026-07-21T06:00:00Z,azr-sub-growth-3b8d
Azure,VirtualMachines,recommendations,3.8954,prod,growth,2026-07-21T07:00:00Z,azr-sub-growth-3b8d
Azure,VirtualMachines,recommendations,3.9621,prod,growth,2026-07-21T08:00:00Z,azr-sub-growth-3b8d
Azure,VirtualMachines,recommendations,4.2616,prod,growth,2026-07-21T09:00:00Z,azr-sub-growth-3b8d
Azure,VirtualMachines,recommendations,4.1902,prod,growth,2026-07-21T10:00:00Z,azr-sub-growth-3b8d
Azure,VirtualMachines,recommendations,3.8016,prod,growth,2026-07-21T11:00:00Z,azr-sub-growth-3b8d
Azure,VirtualMachines,recommendations,3.7212,prod,growth,2026-07-21T12:00:00Z,azr-sub-growth-3b8d
Azure,VirtualMachines,recommendations,3.7662,prod,growth,2026-07-21T13:00:00Z,azr-sub-growth-3b8d
Azure,VirtualMachines,recommendations,4.2664,prod,growth,2026-07-21T14:00:00Z,azr-sub-growth-3b8d
Azure,VirtualMachines,recommendations,3.9706,prod,growth,2026-07-21T15:00:00Z,azr-sub-growth-3b8d
Azure,VirtualMachines,recommendations,4.3069,prod,growth,2026-07-21T16:00:00Z,azr-sub-growth-3b8d
Azure,VirtualMachines,recommendations,3.7568,prod,growth,2026-07-21T17:00:00Z,azr-sub-growth-3b8d
Azure,VirtualMachines,recommendations,3.7961,prod,growth,2026-07-21T18:00:00Z,azr-sub-growth-3b8d
Azure,VirtualMachines,recommendations,3.9733,prod,growth,2026-07-21T19:00:00Z,azr-sub-growth-3b8d
Azure,VirtualMachines,recommendations,3.9961,prod,growth,2026-07-21T20:00:00Z,azr-sub-growth-3b8d
Azure,VirtualMachines,recommendations,4.1713,prod,growth,2026-07-21T21:00:00Z,azr-sub-growth-3b8d
Azure,VirtualMachines,recommendations,4.5776,prod,growth,2026-07-21T22:00:00Z,azr-sub-growth-3b8d
Azure,VirtualMachines,recommendations,4.0272,prod,growth,2026-07-21T23:00:00Z,azr-sub-growth-3b8d
Azure,VirtualMachines,recommendations,4.4252,prod,growth,2026-07-22T00:00:00Z,azr-sub-growth-3b8d
Azure,VirtualMachines,recommendations,4.5033,prod,growth,2026-07-22T01:00:00Z,azr-sub-growth-3b8d
Azure,VirtualMachines,recommendations,3.9115,prod,growth,2026-07-22T02:00:00Z,azr-sub-growth-3b8d
Azure,VirtualMachines,recommendations,4.2750,prod,growth,2026-07-22T03:00:00Z,azr-sub-growth-3b8d
Azure,VirtualMachines,recommendations,4.3719,prod,growth,2026-07-22T04:00:00Z,azr-sub-growth-3b8d
Azure,VirtualMachines,recommendations,4.4633,prod,growth,2026-07-22T05:00:00Z,azr-sub-growth-3b8d
Azure,VirtualMachines,recommendations,4.4371,prod,growth,2026-07-22T06:00:00Z,azr-sub-growth-3b8d
Azure,VirtualMachines,recommendations,4.3337,prod,growth,2026-07-22T07:00:00Z,azr-sub-growth-3b8d
Azure,VirtualMachines,recommendations,4.0933,prod,growth,2026-07-22T08:00:00Z,azr-sub-growth-3b8d
Azure,VirtualMachines,recommendations,4.5101,prod,growth,2026-07-22T09:00:00Z,azr-sub-growth-3b8d
Azure,VirtualMachines,recommendations,4.1191,prod,growth,2026-07-22T10:00:00Z,azr-sub-growth-3b8d
Azure,VirtualMachines,recommendations,4.5249,prod,growth,2026-07-22T11:00:00Z,azr-sub-growth-3b8d
Azure,VirtualMachines,recommendations,4.3245,prod,growth,2026-07-22T12:00:00Z,azr-sub-growth-3b8d
Azure,VirtualMachines,recommendations,3.9577,prod,growth,2026-07-22T13:00:00Z,azr-sub-growth-3b8d
Azure,VirtualMachines,recommendations,3.8734,prod,growth,2026-07-22T14:00:00Z,azr-sub-growth-3b8d
Azure,VirtualMachines,recommendations,3.8753,prod,growth,2026-07-22T15:00:00Z,azr-sub-growth-3b8d
Azure,VirtualMachines,recommendations,4.4791,prod,growth,2026-07-22T16:00:00Z,azr-sub-growth-3b8d
Azure,VirtualMachines,recommendations,4.4726,prod,growth,2026-07-22T17:00:00Z,azr-sub-growth-3b8d
Azure,VirtualMachines,recommendations,4.6121,prod,growth,2026-07-22T18:00:00Z,azr-sub-growth-3b8d
Azure,VirtualMachines,recommendations,4.4163,prod,growth,2026-07-22T19:00:00Z,azr-sub-growth-3b8d
Azure,VirtualMachines,recommendations,4.5305,prod,growth,2026-07-22T20:00:00Z,azr-sub-growth-3b8d
Azure,VirtualMachines,recommendations,4.0509,prod,growth,2026-07-22T21:00:00Z,azr-sub-growth-3b8d
Azure,VirtualMachines,recommendations,4.0659,prod,growth,2026-07-22T22:00:00Z,azr-sub-growth-3b8d
Azure,VirtualMachines,recommendations,4.6315,prod,growth,2026-07-22T23:00:00Z,azr-sub-growth-3b8d
Azure,VirtualMachines,recommendations,4.6182,prod,growth,2026-07-23T00:00:00Z,azr-sub-growth-3b8d
Azure,VirtualMachines,recommendations,3.8998,prod,growth,2026-07-23T01:00:00Z,azr-sub-growth-3b8d
Azure,VirtualMachines,recommendations,4.2154,prod,growth,2026-07-23T02:00:00Z,azr-sub-growth-3b8d
Azure,VirtualMachines,recommendations,4.1154,prod,growth,2026-07-23T03:00:00Z,azr-sub-growth-3b8d
Azure,VirtualMachines,recommendations,4.5903,prod,growth,2026-07-23T04:00:00Z,azr-sub-growth-3b8d
Azure,VirtualMachines,recommendations,4.4901,prod,growth,2026-07-23T05:00:00Z,azr-sub-growth-3b8d
Azure,VirtualMachines,recommendations,4.2195,prod,growth,2026-07-23T06:00:00Z,azr-sub-growth-3b8d
Azure,VirtualMachines,recommendations,3.8944,prod,growth,2026-07-23T07:00:00Z,azr-sub-growth-3b8d
Azure,VirtualMachines,recommendations,3.9079,prod,growth,2026-07-23T08:00:00Z,azr-sub-growth-3b8d
Azure,VirtualMachines,recommendations,4.6234,prod,growth,2026-07-23T09:00:00Z,azr-sub-growth-3b8d
Azure,VirtualMachines,recommendations,4.1510,prod,growth,2026-07-23T10:00:00Z,azr-sub-growth-3b8d
Azure,VirtualMachines,recommendations,4.6509,prod,growth,2026-07-23T11:00:00Z,azr-sub-growth-3b8d
Azure,VirtualMachines,recommendations,4.0867,prod,growth,2026-07-23T12:00:00Z,azr-sub-growth-3b8d
Azure,VirtualMachines,recommendations,4.0992,prod,growth,2026-07-23T13:00:00Z,azr-sub-growth-3b8d
Azure,VirtualMachines,recommendations,3.8369,prod,growth,2026-07-23T14:00:00Z,azr-sub-growth-3b8d
Azure,VirtualMachines,recommendations,4.5142,prod,growth,2026-07-23T15:00:00Z,azr-sub-growth-3b8d
Azure,VirtualMachines,recommendations,4.5844,prod,growth,2026-07-23T16:00:00Z,azr-sub-growth-3b8d
Azure,VirtualMachines,recommendations,4.2601,prod,growth,2026-07-23T17:00:00Z,azr-sub-growth-3b8d
Azure,VirtualMachines,recommendations,4.4872,prod,growth,2026-07-23T18:00:00Z,azr-sub-growth-3b8d
Azure,VirtualMachines,recommendations,3.9510,prod,growth,2026-07-23T19:00:00Z,azr-sub-growth-3b8d
Azure,VirtualMachines,recommendations,4.4015,prod,growth,2026-07-23T20:00:00Z,azr-sub-growth-3b8d
Azure,VirtualMachines,recommendations,4.4018,prod,growth,2026-07-23T21:00:00Z,azr-sub-growth-3b8d
Azure,VirtualMachines,recommendations,4.5510,prod,growth,2026-07-23T22:00:00Z,azr-sub-growth-3b8d
Azure,VirtualMachines,recommendations,4.2311,prod,growth,2026-07-23T23:00:00Z,azr-sub-growth-3b8d
Azure,VirtualMachines,recommendations,4.3333,prod,growth,2026-07-24T00:00:00Z,azr-sub-growth-3b8d
Azure,VirtualMachines,recommendations,4.2679,prod,growth,2026-07-24T01:00:00Z,azr-sub-growth-3b8d
Azure,VirtualMachines,recommendations,3.9514,prod,growth,2026-07-24T02:00:00Z,azr-sub-growth-3b8d
Azure,VirtualMachines,recommendations,4.3900,prod,growth,2026-07-24T03:00:00Z,azr-sub-growth-3b8d
Azure,VirtualMachines,recommendations,4.5781,prod,growth,2026-07-24T04:00:00Z,azr-sub-growth-3b8d
Azure,VirtualMachines,recommendations,4.5720,prod,growth,2026-07-24T05:00:00Z,azr-sub-growth-3b8d
Azure,VirtualMachines,recommendations,4.1034,prod,growth,2026-07-24T06:00:00Z,azr-sub-growth-3b8d
Azure,VirtualMachines,recommendations,4.3955,prod,growth,2026-07-24T07:00:00Z,azr-sub-growth-3b8d
Azure,VirtualMachines,recommendations,4.2261,prod,growth,2026-07-24T08:00:00Z,azr-sub-growth-3b8d
Azure,VirtualMachines,recommendations,4.2977,prod,growth,2026-07-24T09:00:00Z,azr-sub-growth-3b8d
Azure,VirtualMachines,recommendations,4.3152,prod,growth,2026-07-24T10:00:00Z,azr-sub-growth-3b8d
Azure,VirtualMachines,recommendations,4.1484,prod,growth,2026-07-24T11:00:00Z,azr-sub-growth-3b8d
Azure,VirtualMachines,recommendations,4.4222,prod,growth,2026-07-24T12:00:00Z,azr-sub-growth-3b8d
Azure,VirtualMachines,recommendations,4.3746,prod,growth,2026-07-24T13:00:00Z,azr-sub-growth-3b8d
Azure,VirtualMachines,recommendations,3.9458,prod,growth,2026-07-24T14:00:00Z,azr-sub-growth-3b8d
Azure,VirtualMachines,recommendations,4.5512,prod,growth,2026-07-24T15:00:00Z,azr-sub-growth-3b8d
Azure,VirtualMachines,recommendations,4.2337,prod,growth,2026-07-24T16:00:00Z,azr-sub-growth-3b8d
Azure,VirtualMachines,recommendations,4.4829,prod,growth,2026-07-24T17:00:00Z,azr-sub-growth-3b8d
Azure,VirtualMachines,recommendations,4.1803,prod,growth,2026-07-24T18:00:00Z,azr-sub-growth-3b8d
Azure,VirtualMachines,recommendations,4.5479,prod,growth,2026-07-24T19:00:00Z,azr-sub-growth-3b8d
Azure,VirtualMachines,recommendations,4.6863,prod,growth,2026-07-24T20:00:00Z,azr-sub-growth-3b8d
Azure,VirtualMachines,recommendations,4.2778,prod,growth,2026-07-24T21:00:00Z,azr-sub-growth-3b8d
Azure,VirtualMachines,recommendations,4.3243,prod,growth,2026-07-24T22:00:00Z,azr-sub-growth-3b8d
Azure,VirtualMachines,recommendations,4.5369,prod,growth,2026-07-24T23:00:00Z,azr-sub-growth-3b8d
Azure,VirtualMachines,recommendations,3.8203,prod,growth,2026-07-25T00:00:00Z,azr-sub-growth-3b8d
Azure,VirtualMachines,recommendations,3.8594,prod,growth,2026-07-25T01:00:00Z,azr-sub-growth-3b8d
Azure,VirtualMachines,recommendations,3.8937,prod,growth,2026-07-25T02:00:00Z,azr-sub-growth-3b8d
Azure,VirtualMachines,recommendations,3.9402,prod,growth,2026-07-25T03:00:00Z,azr-sub-growth-3b8d
Azure,VirtualMachines,recommendations,4.3311,prod,growth,2026-07-25T04:00:00Z,azr-sub-growth-3b8d
Azure,VirtualMachines,recommendations,4.2050,prod,growth,2026-07-25T05:00:00Z,azr-sub-growth-3b8d
Azure,VirtualMachines,recommendations,4.1188,prod,growth,2026-07-25T06:00:00Z,azr-sub-growth-3b8d
Azure,VirtualMachines,recommendations,3.9558,prod,growth,2026-07-25T07:00:00Z,azr-sub-growth-3b8d
Azure,VirtualMachines,recommendations,4.4907,prod,growth,2026-07-25T08:00:00Z,azr-sub-growth-3b8d
Azure,VirtualMachines,recommendations,4.3756,prod,growth,2026-07-25T09:00:00Z,azr-sub-growth-3b8d
Azure,VirtualMachines,recommendations,4.0485,prod,growth,2026-07-25T10:00:00Z,azr-sub-growth-3b8d
Azure,VirtualMachines,recommendations,3.9874,prod,growth,2026-07-25T11:00:00Z,azr-sub-growth-3b8d
Azure,VirtualMachines,recommendations,4.2383,prod,growth,2026-07-25T12:00:00Z,azr-sub-growth-3b8d
Azure,VirtualMachines,recommendations,3.8831,prod,growth,2026-07-25T13:00:00Z,azr-sub-growth-3b8d
Azure,VirtualMachines,recommendations,3.9527,prod,growth,2026-07-25T14:00:00Z,azr-sub-growth-3b8d
Azure,VirtualMachines,recommendations,3.8218,prod,growth,2026-07-25T15:00:00Z,azr-sub-growth-3b8d
Azure,VirtualMachines,recommendations,3.8614,prod,growth,2026-07-25T16:00:00Z,azr-sub-growth-3b8d
Azure,VirtualMachines,recommendations,4.5279,prod,growth,2026-07-25T17:00:00Z,azr-sub-growth-3b8d
Azure,VirtualMachines,recommendations,3.9838,prod,growth,2026-07-25T18:00:00Z,azr-sub-growth-3b8d
Azure,VirtualMachines,recommendations,4.6646,prod,growth,2026-07-25T19:00:00Z,azr-sub-growth-3b8d
Azure,VirtualMachines,recommendations,4.2165,prod,growth,2026-07-25T20:00:00Z,azr-sub-growth-3b8d
Azure,VirtualMachines,recommendations,4.3155,prod,growth,2026-07-25T21:00:00Z,azr-sub-growth-3b8d
Azure,VirtualMachines,recommendations,4.1550,prod,growth,2026-07-25T22:00:00Z,azr-sub-growth-3b8d
Azure,VirtualMachines,recommendations,4.4726,prod,growth,2026-07-25T23:00:00Z,azr-sub-growth-3b8d
Azure,VirtualMachines,recommendations,4.6430,prod,growth,2026-07-26T00:00:00Z,azr-sub-growth-3b8d
Azure,VirtualMachines,recommendations,4.1283,prod,growth,2026-07-26T01:00:00Z,azr-sub-growth-3b8d
Azure,VirtualMachines,recommendations,4.1279,prod,growth,2026-07-26T02:00:00Z,azr-sub-growth-3b8d
Azure,VirtualMachines,recommendations,3.9443,prod,growth,2026-07-26T03:00:00Z,azr-sub-growth-3b8d
Azure,VirtualMachines,recommendations,4.0237,prod,growth,2026-07-26T04:00:00Z,azr-sub-growth-3b8d
Azure,VirtualMachines,recommendations,4.3078,prod,growth,2026-07-26T05:00:00Z,azr-sub-growth-3b8d
Azure,VirtualMachines,recommendations,3.9873,prod,growth,2026-07-26T06:00:00Z,azr-sub-growth-3b8d
Azure,VirtualMachines,recommendations,4.5406,prod,growth,2026-07-26T07:00:00Z,azr-sub-growth-3b8d
Azure,VirtualMachines,recommendations,4.3996,prod,growth,2026-07-26T08:00:00Z,azr-sub-growth-3b8d
Azure,VirtualMachines,recommendations,4.7004,prod,growth,2026-07-26T09:00:00Z,azr-sub-growth-3b8d
Azure,VirtualMachines,recommendations,3.9955,prod,growth,2026-07-26T10:00:00Z,azr-sub-growth-3b8d
Azure,VirtualMachines,recommendations,4.5108,prod,growth,2026-07-26T11:00:00Z,azr-sub-growth-3b8d
Azure,VirtualMachines,recommendations,3.9963,prod,growth,2026-07-26T12:00:00Z,azr-sub-growth-3b8d
Azure,VirtualMachines,recommendations,4.1569,prod,growth,2026-07-26T13:00:00Z,azr-sub-growth-3b8d
Azure,VirtualMachines,recommendations,4.6993,prod,growth,2026-07-26T14:00:00Z,azr-sub-growth-3b8d
Azure,VirtualMachines,recommendations,4.2545,prod,growth,2026-07-26T15:00:00Z,azr-sub-growth-3b8d
Azure,VirtualMachines,recommendations,0.6372,dev1,growth,2026-07-13T07:00:00Z,azr-sub-growth-3b8d
Azure,VirtualMachines,recommendations,0.7280,dev1,growth,2026-07-13T08:00:00Z,azr-sub-growth-3b8d
Azure,VirtualMachines,recommendations,0.7333,dev1,growth,2026-07-13T09:00:00Z,azr-sub-growth-3b8d
Azure,VirtualMachines,recommendations,0.7142,dev1,growth,2026-07-13T10:00:00Z,azr-sub-growth-3b8d
Azure,VirtualMachines,recommendations,0.6596,dev1,growth,2026-07-13T11:00:00Z,azr-sub-growth-3b8d
Azure,VirtualMachines,recommendations,0.6423,dev1,growth,2026-07-13T12:00:00Z,azr-sub-growth-3b8d
Azure,VirtualMachines,recommendations,0.7249,dev1,growth,2026-07-13T13:00:00Z,azr-sub-growth-3b8d
Azure,VirtualMachines,recommendations,0.6870,dev1,growth,2026-07-13T14:00:00Z,azr-sub-growth-3b8d
Azure,VirtualMachines,recommendations,0.7147,dev1,growth,2026-07-13T15:00:00Z,azr-sub-growth-3b8d
Azure,VirtualMachines,recommendations,0.7855,dev1,growth,2026-07-13T16:00:00Z,azr-sub-growth-3b8d
Azure,VirtualMachines,recommendations,0.6578,dev1,growth,2026-07-13T17:00:00Z,azr-sub-growth-3b8d
Azure,VirtualMachines,recommendations,0.7596,dev1,growth,2026-07-13T18:00:00Z,azr-sub-growth-3b8d
Azure,VirtualMachines,recommendations,0.6594,dev1,growth,2026-07-14T07:00:00Z,azr-sub-growth-3b8d
Azure,VirtualMachines,recommendations,0.7183,dev1,growth,2026-07-14T08:00:00Z,azr-sub-growth-3b8d
Azure,VirtualMachines,recommendations,0.7226,dev1,growth,2026-07-14T09:00:00Z,azr-sub-growth-3b8d
Azure,VirtualMachines,recommendations,0.6862,dev1,growth,2026-07-14T10:00:00Z,azr-sub-growth-3b8d
Azure,VirtualMachines,recommendations,0.7399,dev1,growth,2026-07-14T11:00:00Z,azr-sub-growth-3b8d
Azure,VirtualMachines,recommendations,0.6638,dev1,growth,2026-07-14T12:00:00Z,azr-sub-growth-3b8d
Azure,VirtualMachines,recommendations,0.6880,dev1,growth,2026-07-14T13:00:00Z,azr-sub-growth-3b8d
Azure,VirtualMachines,recommendations,0.6522,dev1,growth,2026-07-14T14:00:00Z,azr-sub-growth-3b8d
Azure,VirtualMachines,recommendations,0.7373,dev1,growth,2026-07-14T15:00:00Z,azr-sub-growth-3b8d
Azure,VirtualMachines,recommendations,0.7817,dev1,growth,2026-07-14T16:00:00Z,azr-sub-growth-3b8d
Azure,VirtualMachines,recommendations,0.7109,dev1,growth,2026-07-14T17:00:00Z,azr-sub-growth-3b8d
Azure,VirtualMachines,recommendations,0.7620,dev1,growth,2026-07-14T18:00:00Z,azr-sub-growth-3b8d
Azure,VirtualMachines,recommendations,0.7343,dev1,growth,2026-07-15T07:00:00Z,azr-sub-growth-3b8d
Azure,VirtualMachines,recommendations,0.7209,dev1,growth,2026-07-15T08:00:00Z,azr-sub-growth-3b8d
Azure,VirtualMachines,recommendations,0.7904,dev1,growth,2026-07-15T09:00:00Z,azr-sub-growth-3b8d
Azure,VirtualMachines,recommendations,0.6933,dev1,growth,2026-07-15T10:00:00Z,azr-sub-growth-3b8d
Azure,VirtualMachines,recommendations,0.7763,dev1,growth,2026-07-15T11:00:00Z,azr-sub-growth-3b8d
Azure,VirtualMachines,recommendations,0.6633,dev1,growth,2026-07-15T12:00:00Z,azr-sub-growth-3b8d
Azure,VirtualMachines,recommendations,0.6914,dev1,growth,2026-07-15T13:00:00Z,azr-sub-growth-3b8d
Azure,VirtualMachines,recommendations,0.7046,dev1,growth,2026-07-15T14:00:00Z,azr-sub-growth-3b8d
Azure,VirtualMachines,recommendations,0.6808,dev1,growth,2026-07-15T15:00:00Z,azr-sub-growth-3b8d
Azure,VirtualMachines,recommendations,0.7107,dev1,growth,2026-07-15T16:00:00Z,azr-sub-growth-3b8d
Azure,VirtualMachines,recommendations,0.7789,dev1,growth,2026-07-15T17:00:00Z,azr-sub-growth-3b8d
Azure,VirtualMachines,recommendations,0.8242,dev1,growth,2026-07-15T18:00:00Z,azr-sub-growth-3b8d
Azure,VirtualMachines,recommendations,0.8117,dev1,growth,2026-07-16T07:00:00Z,azr-sub-growth-3b8d
Azure,VirtualMachines,recommendations,0.7600,dev1,growth,2026-07-16T08:00:00Z,azr-sub-growth-3b8d
Azure,VirtualMachines,recommendations,0.7594,dev1,growth,2026-07-16T09:00:00Z,azr-sub-growth-3b8d
Azure,VirtualMachines,recommendations,0.6835,dev1,growth,2026-07-16T10:00:00Z,azr-sub-growth-3b8d
Azure,VirtualMachines,recommendations,0.7172,dev1,growth,2026-07-16T11:00:00Z,azr-sub-growth-3b8d
Azure,VirtualMachines,recommendations,0.7838,dev1,growth,2026-07-16T12:00:00Z,azr-sub-growth-3b8d
Azure,VirtualMachines,recommendations,0.6931,dev1,growth,2026-07-16T13:00:00Z,azr-sub-growth-3b8d
Azure,VirtualMachines,recommendations,0.8156,dev1,growth,2026-07-16T14:00:00Z,azr-sub-growth-3b8d
Azure,VirtualMachines,recommendations,0.8195,dev1,growth,2026-07-16T15:00:00Z,azr-sub-growth-3b8d
Azure,VirtualMachines,recommendations,0.7251,dev1,growth,2026-07-16T16:00:00Z,azr-sub-growth-3b8d
Azure,VirtualMachines,recommendations,0.7835,dev1,growth,2026-07-16T17:00:00Z,azr-sub-growth-3b8d
Azure,VirtualMachines,recommendations,0.8216,dev1,growth,2026-07-16T18:00:00Z,azr-sub-growth-3b8d
Azure,VirtualMachines,recommendations,0.7719,dev1,growth,2026-07-17T07:00:00Z,azr-sub-growth-3b8d
Azure,VirtualMachines,recommendations,0.7837,dev1,growth,2026-07-17T08:00:00Z,azr-sub-growth-3b8d
Azure,VirtualMachines,recommendations,0.8088,dev1,growth,2026-07-17T09:00:00Z,azr-sub-growth-3b8d
Azure,VirtualMachines,recommendations,0.7099,dev1,growth,2026-07-17T10:00:00Z,azr-sub-growth-3b8d
Azure,VirtualMachines,recommendations,0.7196,dev1,growth,2026-07-17T11:00:00Z,azr-sub-growth-3b8d
Azure,VirtualMachines,recommendations,0.7768,dev1,growth,2026-07-17T12:00:00Z,azr-sub-growth-3b8d
Azure,VirtualMachines,recommendations,0.7883,dev1,growth,2026-07-17T13:00:00Z,azr-sub-growth-3b8d
Azure,VirtualMachines,recommendations,0.7234,dev1,growth,2026-07-17T14:00:00Z,azr-sub-growth-3b8d
Azure,VirtualMachines,recommendations,0.7667,dev1,growth,2026-07-17T15:00:00Z,azr-sub-growth-3b8d
Azure,VirtualMachines,recommendations,0.7696,dev1,growth,2026-07-17T16:00:00Z,azr-sub-growth-3b8d
Azure,VirtualMachines,recommendations,0.7796,dev1,growth,2026-07-17T17:00:00Z,azr-sub-growth-3b8d
Azure,VirtualMachines,recommendations,0.8566,dev1,growth,2026-07-17T18:00:00Z,azr-sub-growth-3b8d
Azure,VirtualMachines,recommendations,0.8572,dev1,growth,2026-07-20T07:00:00Z,azr-sub-growth-3b8d
Azure,VirtualMachines,recommendations,0.8972,dev1,growth,2026-07-20T08:00:00Z,azr-sub-growth-3b8d
Azure,VirtualMachines,recommendations,0.8432,dev1,growth,2026-07-20T09:00:00Z,azr-sub-growth-3b8d
Azure,VirtualMachines,recommendations,0.7941,dev1,growth,2026-07-20T10:00:00Z,azr-sub-growth-3b8d
Azure,VirtualMachines,recommendations,0.7924,dev1,growth,2026-07-20T11:00:00Z,azr-sub-growth-3b8d
Azure,VirtualMachines,recommendations,0.7853,dev1,growth,2026-07-20T12:00:00Z,azr-sub-growth-3b8d
Azure,VirtualMachines,recommendations,0.8632,dev1,growth,2026-07-20T13:00:00Z,azr-sub-growth-3b8d
Azure,VirtualMachines,recommendations,0.7739,dev1,growth,2026-07-20T14:00:00Z,azr-sub-growth-3b8d
Azure,VirtualMachines,recommendations,0.8304,dev1,growth,2026-07-20T15:00:00Z,azr-sub-growth-3b8d
Azure,VirtualMachines,recommendations,0.7597,dev1,growth,2026-07-20T16:00:00Z,azr-sub-growth-3b8d
Azure,VirtualMachines,recommendations,0.8297,dev1,growth,2026-07-20T17:00:00Z,azr-sub-growth-3b8d
Azure,VirtualMachines,recommendations,0.8487,dev1,growth,2026-07-20T18:00:00Z,azr-sub-growth-3b8d
Azure,VirtualMachines,recommendations,0.8353,dev1,growth,2026-07-21T07:00:00Z,azr-sub-growth-3b8d
Azure,VirtualMachines,recommendations,0.8825,dev1,growth,2026-07-21T08:00:00Z,azr-sub-growth-3b8d
Azure,VirtualMachines,recommendations,0.8373,dev1,growth,2026-07-21T09:00:00Z,azr-sub-growth-3b8d
Azure,VirtualMachines,recommendations,0.8249,dev1,growth,2026-07-21T10:00:00Z,azr-sub-growth-3b8d
Azure,VirtualMachines,recommendations,0.8886,dev1,growth,2026-07-21T11:00:00Z,azr-sub-growth-3b8d
Azure,VirtualMachines,recommendations,0.9090,dev1,growth,2026-07-21T12:00:00Z,azr-sub-growth-3b8d
Azure,VirtualMachines,recommendations,0.8659,dev1,growth,2026-07-21T13:00:00Z,azr-sub-growth-3b8d
Azure,VirtualMachines,recommendations,0.9218,dev1,growth,2026-07-21T14:00:00Z,azr-sub-growth-3b8d
Azure,VirtualMachines,recommendations,0.7834,dev1,growth,2026-07-21T15:00:00Z,azr-sub-growth-3b8d
Azure,VirtualMachines,recommendations,0.8376,dev1,growth,2026-07-21T16:00:00Z,azr-sub-growth-3b8d
Azure,VirtualMachines,recommendations,0.8209,dev1,growth,2026-07-21T17:00:00Z,azr-sub-growth-3b8d
Azure,VirtualMachines,recommendations,0.8474,dev1,growth,2026-07-21T18:00:00Z,azr-sub-growth-3b8d
Azure,VirtualMachines,recommendations,0.8091,dev1,growth,2026-07-22T07:00:00Z,azr-sub-growth-3b8d
Azure,VirtualMachines,recommendations,0.8879,dev1,growth,2026-07-22T08:00:00Z,azr-sub-growth-3b8d
Azure,VirtualMachines,recommendations,0.8528,dev1,growth,2026-07-22T09:00:00Z,azr-sub-growth-3b8d
Azure,VirtualMachines,recommendations,0.7799,dev1,growth,2026-07-22T10:00:00Z,azr-sub-growth-3b8d
Azure,VirtualMachines,recommendations,0.8111,dev1,growth,2026-07-22T11:00:00Z,azr-sub-growth-3b8d
Azure,VirtualMachines,recommendations,0.9387,dev1,growth,2026-07-22T12:00:00Z,azr-sub-growth-3b8d
Azure,VirtualMachines,recommendations,0.9215,dev1,growth,2026-07-22T13:00:00Z,azr-sub-growth-3b8d
Azure,VirtualMachines,recommendations,0.8907,dev1,growth,2026-07-22T14:00:00Z,azr-sub-growth-3b8d
Azure,VirtualMachines,recommendations,0.9272,dev1,growth,2026-07-22T15:00:00Z,azr-sub-growth-3b8d
Azure,VirtualMachines,recommendations,0.8146,dev1,growth,2026-07-22T16:00:00Z,azr-sub-growth-3b8d
Azure,VirtualMachines,recommendations,0.8763,dev1,growth,2026-07-22T17:00:00Z,azr-sub-growth-3b8d
Azure,VirtualMachines,recommendations,0.8063,dev1,growth,2026-07-22T18:00:00Z,azr-sub-growth-3b8d
Azure,VirtualMachines,recommendations,0.9335,dev1,growth,2026-07-23T07:00:00Z,azr-sub-growth-3b8d
Azure,VirtualMachines,recommendations,0.8108,dev1,growth,2026-07-23T08:00:00Z,azr-sub-growth-3b8d
Azure,VirtualMachines,recommendations,0.7948,dev1,growth,2026-07-23T09:00:00Z,azr-sub-growth-3b8d
Azure,VirtualMachines,recommendations,0.8019,dev1,growth,2026-07-23T10:00:00Z,azr-sub-growth-3b8d
Azure,VirtualMachines,recommendations,0.9488,dev1,growth,2026-07-23T11:00:00Z,azr-sub-growth-3b8d
Azure,VirtualMachines,recommendations,0.8781,dev1,growth,2026-07-23T12:00:00Z,azr-sub-growth-3b8d
Azure,VirtualMachines,recommendations,0.8067,dev1,growth,2026-07-23T13:00:00Z,azr-sub-growth-3b8d
Azure,VirtualMachines,recommendations,0.8710,dev1,growth,2026-07-23T14:00:00Z,azr-sub-growth-3b8d
Azure,VirtualMachines,recommendations,0.8063,dev1,growth,2026-07-23T15:00:00Z,azr-sub-growth-3b8d
Azure,VirtualMachines,recommendations,0.9220,dev1,growth,2026-07-23T16:00:00Z,azr-sub-growth-3b8d
Azure,VirtualMachines,recommendations,0.9299,dev1,growth,2026-07-23T17:00:00Z,azr-sub-growth-3b8d
Azure,VirtualMachines,recommendations,0.9011,dev1,growth,2026-07-23T18:00:00Z,azr-sub-growth-3b8d
Azure,VirtualMachines,recommendations,0.9457,dev1,growth,2026-07-24T07:00:00Z,azr-sub-growth-3b8d
Azure,VirtualMachines,recommendations,0.9523,dev1,growth,2026-07-24T08:00:00Z,azr-sub-growth-3b8d
Azure,VirtualMachines,recommendations,0.8049,dev1,growth,2026-07-24T09:00:00Z,azr-sub-growth-3b8d
Azure,VirtualMachines,recommendations,0.8136,dev1,growth,2026-07-24T10:00:00Z,azr-sub-growth-3b8d
Azure,VirtualMachines,recommendations,0.8165,dev1,growth,2026-07-24T11:00:00Z,azr-sub-growth-3b8d
Azure,VirtualMachines,recommendations,0.9689,dev1,growth,2026-07-24T12:00:00Z,azr-sub-growth-3b8d
Azure,VirtualMachines,recommendations,0.9107,dev1,growth,2026-07-24T13:00:00Z,azr-sub-growth-3b8d
Azure,VirtualMachines,recommendations,0.9482,dev1,growth,2026-07-24T14:00:00Z,azr-sub-growth-3b8d
Azure,VirtualMachines,recommendations,0.8338,dev1,growth,2026-07-24T15:00:00Z,azr-sub-growth-3b8d
Azure,VirtualMachines,recommendations,0.8756,dev1,growth,2026-07-24T16:00:00Z,azr-sub-growth-3b8d
Azure,VirtualMachines,recommendations,0.9488,dev1,growth,2026-07-24T17:00:00Z,azr-sub-growth-3b8d
Azure,VirtualMachines,recommendations,0.9755,dev1,growth,2026-07-24T18:00:00Z,azr-sub-growth-3b8d
Azure,BlobStorage,recommendations,1.0833,prod,growth,2026-07-12T16:00:00Z,azr-sub-growth-3b8d
Azure,BlobStorage,recommendations,1.1397,prod,growth,2026-07-12T17:00:00Z,azr-sub-growth-3b8d
Azure,BlobStorage,recommendations,1.1022,prod,growth,2026-07-12T18:00:00Z,azr-sub-growth-3b8d
Azure,BlobStorage,recommendations,1.2330,prod,growth,2026-07-12T19:00:00Z,azr-sub-growth-3b8d
Azure,BlobStorage,recommendations,1.0389,prod,growth,2026-07-12T20:00:00Z,azr-sub-growth-3b8d
Azure,BlobStorage,recommendations,1.1733,prod,growth,2026-07-12T21:00:00Z,azr-sub-growth-3b8d
Azure,BlobStorage,recommendations,1.0532,prod,growth,2026-07-12T22:00:00Z,azr-sub-growth-3b8d
Azure,BlobStorage,recommendations,1.1962,prod,growth,2026-07-12T23:00:00Z,azr-sub-growth-3b8d
Azure,BlobStorage,recommendations,1.2984,prod,growth,2026-07-13T00:00:00Z,azr-sub-growth-3b8d
Azure,BlobStorage,recommendations,1.1942,prod,growth,2026-07-13T01:00:00Z,azr-sub-growth-3b8d
Azure,BlobStorage,recommendations,1.1658,prod,growth,2026-07-13T02:00:00Z,azr-sub-growth-3b8d
Azure,BlobStorage,recommendations,1.2562,prod,growth,2026-07-13T03:00:00Z,azr-sub-growth-3b8d
Azure,BlobStorage,recommendations,1.1046,prod,growth,2026-07-13T04:00:00Z,azr-sub-growth-3b8d
Azure,BlobStorage,recommendations,1.2947,prod,growth,2026-07-13T05:00:00Z,azr-sub-growth-3b8d
Azure,BlobStorage,recommendations,1.0972,prod,growth,2026-07-13T06:00:00Z,azr-sub-growth-3b8d
Azure,BlobStorage,recommendations,1.2030,prod,growth,2026-07-13T07:00:00Z,azr-sub-growth-3b8d
Azure,BlobStorage,recommendations,1.3094,prod,growth,2026-07-13T08:00:00Z,azr-sub-growth-3b8d
Azure,BlobStorage,recommendations,1.2416,prod,growth,2026-07-13T09:00:00Z,azr-sub-growth-3b8d
Azure,BlobStorage,recommendations,1.1406,prod,growth,2026-07-13T10:00:00Z,azr-sub-growth-3b8d
Azure,BlobStorage,recommendations,1.2077,prod,growth,2026-07-13T11:00:00Z,azr-sub-growth-3b8d
Azure,BlobStorage,recommendations,1.2507,prod,growth,2026-07-13T12:00:00Z,azr-sub-growth-3b8d
Azure,BlobStorage,recommendations,1.2277,prod,growth,2026-07-13T13:00:00Z,azr-sub-growth-3b8d
Azure,BlobStorage,recommendations,1.1158,prod,growth,2026-07-13T14:00:00Z,azr-sub-growth-3b8d
Azure,BlobStorage,recommendations,1.2080,prod,growth,2026-07-13T15:00:00Z,azr-sub-growth-3b8d
Azure,BlobStorage,recommendations,1.2895,prod,growth,2026-07-13T16:00:00Z,azr-sub-growth-3b8d
Azure,BlobStorage,recommendations,1.1949,prod,growth,2026-07-13T17:00:00Z,azr-sub-growth-3b8d
Azure,BlobStorage,recommendations,1.2807,prod,growth,2026-07-13T18:00:00Z,azr-sub-growth-3b8d
Azure,BlobStorage,recommendations,1.1096,prod,growth,2026-07-13T19:00:00Z,azr-sub-growth-3b8d
Azure,BlobStorage,recommendations,1.1419,prod,growth,2026-07-13T20:00:00Z,azr-sub-growth-3b8d
Azure,BlobStorage,recommendations,1.3315,prod,growth,2026-07-13T21:00:00Z,azr-sub-growth-3b8d
Azure,BlobStorage,recommendations,1.1951,prod,growth,2026-07-13T22:00:00Z,azr-sub-growth-3b8d
Azure,BlobStorage,recommendations,1.2364,prod,growth,2026-07-13T23:00:00Z,azr-sub-growth-3b8d
Azure,BlobStorage,recommendations,1.2396,prod,growth,2026-07-14T00:00:00Z,azr-sub-growth-3b8d
Azure,BlobStorage,recommendations,1.3310,prod,growth,2026-07-14T01:00:00Z,azr-sub-growth-3b8d
Azure,BlobStorage,recommendations,1.3087,prod,growth,2026-07-14T02:00:00Z,azr-sub-growth-3b8d
Azure,BlobStorage,recommendations,1.3026,prod,growth,2026-07-14T03:00:00Z,azr-sub-growth-3b8d
Azure,BlobStorage,recommendations,1.1294,prod,growth,2026-07-14T04:00:00Z,azr-sub-growth-3b8d
Azure,BlobStorage,recommendations,1.2478,prod,growth,2026-07-14T05:00:00Z,azr-sub-growth-3b8d
Azure,BlobStorage,recommendations,1.1698,prod,growth,2026-07-14T06:00:00Z,azr-sub-growth-3b8d
Azure,BlobStorage,recommendations,1.3292,prod,growth,2026-07-14T07:00:00Z,azr-sub-growth-3b8d
Azure,BlobStorage,recommendations,1.3365,prod,growth,2026-07-14T08:00:00Z,azr-sub-growth-3b8d
Azure,BlobStorage,recommendations,1.1927,prod,growth,2026-07-14T09:00:00Z,azr-sub-growth-3b8d
Azure,BlobStorage,recommendations,1.2014,prod,growth,2026-07-14T10:00:00Z,azr-sub-growth-3b8d
Azure,BlobStorage,recommendations,1.2402,prod,growth,2026-07-14T11:00:00Z,azr-sub-growth-3b8d
Azure,BlobStorage,recommendations,1.2374,prod,growth,2026-07-14T12:00:00Z,azr-sub-growth-3b8d
Azure,BlobStorage,recommendations,1.1174,prod,growth,2026-07-14T13:00:00Z,azr-sub-growth-3b8d
Azure,BlobStorage,recommendations,1.1588,prod,growth,2026-07-14T14:00:00Z,azr-sub-growth-3b8d
Azure,BlobStorage,recommendations,1.2174,prod,growth,2026-07-14T15:00:00Z,azr-sub-growth-3b8d
Azure,BlobStorage,recommendations,1.1450,prod,growth,2026-07-14T16:00:00Z,azr-sub-growth-3b8d
Azure,BlobStorage,recommendations,1.2114,prod,growth,2026-07-14T17:00:00Z,azr-sub-growth-3b8d
Azure,BlobStorage,recommendations,1.1914,prod,growth,2026-07-14T18:00:00Z,azr-sub-growth-3b8d
Azure,BlobStorage,recommendations,1.2471,prod,growth,2026-07-14T19:00:00Z,azr-sub-growth-3b8d
Azure,BlobStorage,recommendations,1.3459,prod,growth,2026-07-14T20:00:00Z,azr-sub-growth-3b8d
Azure,BlobStorage,recommendations,1.3215,prod,growth,2026-07-14T21:00:00Z,azr-sub-growth-3b8d
Azure,BlobStorage,recommendations,1.3859,prod,growth,2026-07-14T22:00:00Z,azr-sub-growth-3b8d
Azure,BlobStorage,recommendations,1.3038,prod,growth,2026-07-14T23:00:00Z,azr-sub-growth-3b8d
Azure,BlobStorage,recommendations,1.1602,prod,growth,2026-07-15T00:00:00Z,azr-sub-growth-3b8d
Azure,BlobStorage,recommendations,1.3396,prod,growth,2026-07-15T01:00:00Z,azr-sub-growth-3b8d
Azure,BlobStorage,recommendations,1.2112,prod,growth,2026-07-15T02:00:00Z,azr-sub-growth-3b8d
Azure,BlobStorage,recommendations,1.3687,prod,growth,2026-07-15T03:00:00Z,azr-sub-growth-3b8d
Azure,BlobStorage,recommendations,1.2350,prod,growth,2026-07-15T04:00:00Z,azr-sub-growth-3b8d
Azure,BlobStorage,recommendations,1.1975,prod,growth,2026-07-15T05:00:00Z,azr-sub-growth-3b8d
Azure,BlobStorage,recommendations,1.3469,prod,growth,2026-07-15T06:00:00Z,azr-sub-growth-3b8d
Azure,BlobStorage,recommendations,1.1359,prod,growth,2026-07-15T07:00:00Z,azr-sub-growth-3b8d
Azure,BlobStorage,recommendations,1.2979,prod,growth,2026-07-15T08:00:00Z,azr-sub-growth-3b8d
Azure,BlobStorage,recommendations,1.2467,prod,growth,2026-07-15T09:00:00Z,azr-sub-growth-3b8d
Azure,BlobStorage,recommendations,1.2665,prod,growth,2026-07-15T10:00:00Z,azr-sub-growth-3b8d
Azure,BlobStorage,recommendations,1.2513,prod,growth,2026-07-15T11:00:00Z,azr-sub-growth-3b8d
Azure,BlobStorage,recommendations,1.1357,prod,growth,2026-07-15T12:00:00Z,azr-sub-growth-3b8d
Azure,BlobStorage,recommendations,1.1522,prod,growth,2026-07-15T13:00:00Z,azr-sub-growth-3b8d
Azure,BlobStorage,recommendations,1.2144,prod,growth,2026-07-15T14:00:00Z,azr-sub-growth-3b8d
Azure,BlobStorage,recommendations,1.2790,prod,growth,2026-07-15T15:00:00Z,azr-sub-growth-3b8d
Azure,BlobStorage,recommendations,1.2053,prod,growth,2026-07-15T16:00:00Z,azr-sub-growth-3b8d
Azure,BlobStorage,recommendations,1.1988,prod,growth,2026-07-15T17:00:00Z,azr-sub-growth-3b8d
Azure,BlobStorage,recommendations,1.3434,prod,growth,2026-07-15T18:00:00Z,azr-sub-growth-3b8d
Azure,BlobStorage,recommendations,1.2343,prod,growth,2026-07-15T19:00:00Z,azr-sub-growth-3b8d
Azure,BlobStorage,recommendations,1.2534,prod,growth,2026-07-15T20:00:00Z,azr-sub-growth-3b8d
Azure,BlobStorage,recommendations,1.1774,prod,growth,2026-07-15T21:00:00Z,azr-sub-growth-3b8d
Azure,BlobStorage,recommendations,1.1718,prod,growth,2026-07-15T22:00:00Z,azr-sub-growth-3b8d
Azure,BlobStorage,recommendations,1.3330,prod,growth,2026-07-15T23:00:00Z,azr-sub-growth-3b8d
Azure,BlobStorage,recommendations,1.2139,prod,growth,2026-07-16T00:00:00Z,azr-sub-growth-3b8d
Azure,BlobStorage,recommendations,1.1834,prod,growth,2026-07-16T01:00:00Z,azr-sub-growth-3b8d
Azure,BlobStorage,recommendations,1.2576,prod,growth,2026-07-16T02:00:00Z,azr-sub-growth-3b8d
Azure,BlobStorage,recommendations,1.3174,prod,growth,2026-07-16T03:00:00Z,azr-sub-growth-3b8d
Azure,BlobStorage,recommendations,1.2847,prod,growth,2026-07-16T04:00:00Z,azr-sub-growth-3b8d
Azure,BlobStorage,recommendations,1.3457,prod,growth,2026-07-16T05:00:00Z,azr-sub-growth-3b8d
Azure,BlobStorage,recommendations,1.3029,prod,growth,2026-07-16T06:00:00Z,azr-sub-growth-3b8d
Azure,BlobStorage,recommendations,1.3571,prod,growth,2026-07-16T07:00:00Z,azr-sub-growth-3b8d
Azure,BlobStorage,recommendations,1.2815,prod,growth,2026-07-16T08:00:00Z,azr-sub-growth-3b8d
Azure,BlobStorage,recommendations,1.2312,prod,growth,2026-07-16T09:00:00Z,azr-sub-growth-3b8d
Azure,BlobStorage,recommendations,1.2751,prod,growth,2026-07-16T10:00:00Z,azr-sub-growth-3b8d
Azure,BlobStorage,recommendations,1.2613,prod,growth,2026-07-16T11:00:00Z,azr-sub-growth-3b8d
Azure,BlobStorage,recommendations,1.1691,prod,growth,2026-07-16T12:00:00Z,azr-sub-growth-3b8d
Azure,BlobStorage,recommendations,1.3281,prod,growth,2026-07-16T13:00:00Z,azr-sub-growth-3b8d
Azure,BlobStorage,recommendations,1.4049,prod,growth,2026-07-16T14:00:00Z,azr-sub-growth-3b8d
Azure,BlobStorage,recommendations,1.3409,prod,growth,2026-07-16T15:00:00Z,azr-sub-growth-3b8d
Azure,BlobStorage,recommendations,1.2618,prod,growth,2026-07-16T16:00:00Z,azr-sub-growth-3b8d
Azure,BlobStorage,recommendations,1.2042,prod,growth,2026-07-16T17:00:00Z,azr-sub-growth-3b8d
Azure,BlobStorage,recommendations,1.4155,prod,growth,2026-07-16T18:00:00Z,azr-sub-growth-3b8d
Azure,BlobStorage,recommendations,1.4343,prod,growth,2026-07-16T19:00:00Z,azr-sub-growth-3b8d
Azure,BlobStorage,recommendations,1.3900,prod,growth,2026-07-16T20:00:00Z,azr-sub-growth-3b8d
Azure,BlobStorage,recommendations,1.4308,prod,growth,2026-07-16T21:00:00Z,azr-sub-growth-3b8d
Azure,BlobStorage,recommendations,1.2226,prod,growth,2026-07-16T22:00:00Z,azr-sub-growth-3b8d
Azure,BlobStorage,recommendations,1.1934,prod,growth,2026-07-16T23:00:00Z,azr-sub-growth-3b8d
Azure,BlobStorage,recommendations,1.2950,prod,growth,2026-07-17T00:00:00Z,azr-sub-growth-3b8d
Azure,BlobStorage,recommendations,1.2529,prod,growth,2026-07-17T01:00:00Z,azr-sub-growth-3b8d
Azure,BlobStorage,recommendations,1.3262,prod,growth,2026-07-17T02:00:00Z,azr-sub-growth-3b8d
Azure,BlobStorage,recommendations,1.2167,prod,growth,2026-07-17T03:00:00Z,azr-sub-growth-3b8d
Azure,BlobStorage,recommendations,1.3268,prod,growth,2026-07-17T04:00:00Z,azr-sub-growth-3b8d
Azure,BlobStorage,recommendations,1.1938,prod,growth,2026-07-17T05:00:00Z,azr-sub-growth-3b8d
Azure,BlobStorage,recommendations,1.3772,prod,growth,2026-07-17T06:00:00Z,azr-sub-growth-3b8d
Azure,BlobStorage,recommendations,1.4515,prod,growth,2026-07-17T07:00:00Z,azr-sub-growth-3b8d
Azure,BlobStorage,recommendations,1.4188,prod,growth,2026-07-17T08:00:00Z,azr-sub-growth-3b8d
Azure,BlobStorage,recommendations,1.2938,prod,growth,2026-07-17T09:00:00Z,azr-sub-growth-3b8d
Azure,BlobStorage,recommendations,1.4038,prod,growth,2026-07-17T10:00:00Z,azr-sub-growth-3b8d
Azure,BlobStorage,recommendations,1.3288,prod,growth,2026-07-17T11:00:00Z,azr-sub-growth-3b8d
Azure,BlobStorage,recommendations,1.4413,prod,growth,2026-07-17T12:00:00Z,azr-sub-growth-3b8d
Azure,BlobStorage,recommendations,1.3825,prod,growth,2026-07-17T13:00:00Z,azr-sub-growth-3b8d
Azure,BlobStorage,recommendations,1.2134,prod,growth,2026-07-17T14:00:00Z,azr-sub-growth-3b8d
Azure,BlobStorage,recommendations,1.4516,prod,growth,2026-07-17T15:00:00Z,azr-sub-growth-3b8d
Azure,BlobStorage,recommendations,1.2313,prod,growth,2026-07-17T16:00:00Z,azr-sub-growth-3b8d
Azure,BlobStorage,recommendations,1.3400,prod,growth,2026-07-17T17:00:00Z,azr-sub-growth-3b8d
Azure,BlobStorage,recommendations,1.3143,prod,growth,2026-07-17T18:00:00Z,azr-sub-growth-3b8d
Azure,BlobStorage,recommendations,1.3566,prod,growth,2026-07-17T19:00:00Z,azr-sub-growth-3b8d
Azure,BlobStorage,recommendations,1.3679,prod,growth,2026-07-17T20:00:00Z,azr-sub-growth-3b8d
Azure,BlobStorage,recommendations,1.3260,prod,growth,2026-07-17T21:00:00Z,azr-sub-growth-3b8d
Azure,BlobStorage,recommendations,1.3522,prod,growth,2026-07-17T22:00:00Z,azr-sub-growth-3b8d
Azure,BlobStorage,recommendations,1.4693,prod,growth,2026-07-17T23:00:00Z,azr-sub-growth-3b8d
Azure,BlobStorage,recommendations,1.1743,prod,growth,2026-07-18T00:00:00Z,azr-sub-growth-3b8d
Azure,BlobStorage,recommendations,1.2874,prod,growth,2026-07-18T01:00:00Z,azr-sub-growth-3b8d
Azure,BlobStorage,recommendations,1.2659,prod,growth,2026-07-18T02:00:00Z,azr-sub-growth-3b8d
Azure,BlobStorage,recommendations,1.1892,prod,growth,2026-07-18T03:00:00Z,azr-sub-growth-3b8d
Azure,BlobStorage,recommendations,1.2585,prod,growth,2026-07-18T04:00:00Z,azr-sub-growth-3b8d
Azure,BlobStorage,recommendations,1.1598,prod,growth,2026-07-18T05:00:00Z,azr-sub-growth-3b8d
Azure,BlobStorage,recommendations,1.2682,prod,growth,2026-07-18T06:00:00Z,azr-sub-growth-3b8d
Azure,BlobStorage,recommendations,1.2716,prod,growth,2026-07-18T07:00:00Z,azr-sub-growth-3b8d
Azure,BlobStorage,recommendations,1.3332,prod,growth,2026-07-18T08:00:00Z,azr-sub-growth-3b8d
Azure,BlobStorage,recommendations,1.3237,prod,growth,2026-07-18T09:00:00Z,azr-sub-growth-3b8d
Azure,BlobStorage,recommendations,1.3996,prod,growth,2026-07-18T10:00:00Z,azr-sub-growth-3b8d
Azure,BlobStorage,recommendations,1.3450,prod,growth,2026-07-18T11:00:00Z,azr-sub-growth-3b8d
Azure,BlobStorage,recommendations,1.2262,prod,growth,2026-07-18T12:00:00Z,azr-sub-growth-3b8d
Azure,BlobStorage,recommendations,1.2295,prod,growth,2026-07-18T13:00:00Z,azr-sub-growth-3b8d
Azure,BlobStorage,recommendations,1.3871,prod,growth,2026-07-18T14:00:00Z,azr-sub-growth-3b8d
Azure,BlobStorage,recommendations,1.3585,prod,growth,2026-07-18T15:00:00Z,azr-sub-growth-3b8d
Azure,BlobStorage,recommendations,1.2300,prod,growth,2026-07-18T16:00:00Z,azr-sub-growth-3b8d
Azure,BlobStorage,recommendations,1.4178,prod,growth,2026-07-18T17:00:00Z,azr-sub-growth-3b8d
Azure,BlobStorage,recommendations,1.3251,prod,growth,2026-07-18T18:00:00Z,azr-sub-growth-3b8d
Azure,BlobStorage,recommendations,1.3642,prod,growth,2026-07-18T19:00:00Z,azr-sub-growth-3b8d
Azure,BlobStorage,recommendations,1.1814,prod,growth,2026-07-18T20:00:00Z,azr-sub-growth-3b8d
Azure,BlobStorage,recommendations,1.2417,prod,growth,2026-07-18T21:00:00Z,azr-sub-growth-3b8d
Azure,BlobStorage,recommendations,1.4186,prod,growth,2026-07-18T22:00:00Z,azr-sub-growth-3b8d
Azure,BlobStorage,recommendations,1.2901,prod,growth,2026-07-18T23:00:00Z,azr-sub-growth-3b8d
Azure,BlobStorage,recommendations,1.1815,prod,growth,2026-07-19T00:00:00Z,azr-sub-growth-3b8d
Azure,BlobStorage,recommendations,1.4132,prod,growth,2026-07-19T01:00:00Z,azr-sub-growth-3b8d
Azure,BlobStorage,recommendations,1.1988,prod,growth,2026-07-19T02:00:00Z,azr-sub-growth-3b8d
Azure,BlobStorage,recommendations,1.2705,prod,growth,2026-07-19T03:00:00Z,azr-sub-growth-3b8d
Azure,BlobStorage,recommendations,1.3427,prod,growth,2026-07-19T04:00:00Z,azr-sub-growth-3b8d
Azure,BlobStorage,recommendations,1.2088,prod,growth,2026-07-19T05:00:00Z,azr-sub-growth-3b8d
Azure,BlobStorage,recommendations,1.2234,prod,growth,2026-07-19T06:00:00Z,azr-sub-growth-3b8d
Azure,BlobStorage,recommendations,1.3903,prod,growth,2026-07-19T07:00:00Z,azr-sub-growth-3b8d
Azure,BlobStorage,recommendations,1.3818,prod,growth,2026-07-19T08:00:00Z,azr-sub-growth-3b8d
Azure,BlobStorage,recommendations,1.3395,prod,growth,2026-07-19T09:00:00Z,azr-sub-growth-3b8d
Azure,BlobStorage,recommendations,1.4218,prod,growth,2026-07-19T10:00:00Z,azr-sub-growth-3b8d
Azure,BlobStorage,recommendations,1.3404,prod,growth,2026-07-19T11:00:00Z,azr-sub-growth-3b8d
Azure,BlobStorage,recommendations,1.3421,prod,growth,2026-07-19T12:00:00Z,azr-sub-growth-3b8d
Azure,BlobStorage,recommendations,1.2064,prod,growth,2026-07-19T13:00:00Z,azr-sub-growth-3b8d
Azure,BlobStorage,recommendations,1.2979,prod,growth,2026-07-19T14:00:00Z,azr-sub-growth-3b8d
Azure,BlobStorage,recommendations,1.3941,prod,growth,2026-07-19T15:00:00Z,azr-sub-growth-3b8d
Azure,BlobStorage,recommendations,1.2678,prod,growth,2026-07-19T16:00:00Z,azr-sub-growth-3b8d
Azure,BlobStorage,recommendations,1.3690,prod,growth,2026-07-19T17:00:00Z,azr-sub-growth-3b8d
Azure,BlobStorage,recommendations,1.3211,prod,growth,2026-07-19T18:00:00Z,azr-sub-growth-3b8d
Azure,BlobStorage,recommendations,1.4371,prod,growth,2026-07-19T19:00:00Z,azr-sub-growth-3b8d
Azure,BlobStorage,recommendations,1.3723,prod,growth,2026-07-19T20:00:00Z,azr-sub-growth-3b8d
Azure,BlobStorage,recommendations,1.2283,prod,growth,2026-07-19T21:00:00Z,azr-sub-growth-3b8d
Azure,BlobStorage,recommendations,1.2800,prod,growth,2026-07-19T22:00:00Z,azr-sub-growth-3b8d
Azure,BlobStorage,recommendations,1.4226,prod,growth,2026-07-19T23:00:00Z,azr-sub-growth-3b8d
Azure,BlobStorage,recommendations,1.3992,prod,growth,2026-07-20T00:00:00Z,azr-sub-growth-3b8d
Azure,BlobStorage,recommendations,1.5193,prod,growth,2026-07-20T01:00:00Z,azr-sub-growth-3b8d
Azure,BlobStorage,recommendations,1.4672,prod,growth,2026-07-20T02:00:00Z,azr-sub-growth-3b8d
Azure,BlobStorage,recommendations,1.3907,prod,growth,2026-07-20T03:00:00Z,azr-sub-growth-3b8d
Azure,BlobStorage,recommendations,1.3333,prod,growth,2026-07-20T04:00:00Z,azr-sub-growth-3b8d
Azure,BlobStorage,recommendations,1.3805,prod,growth,2026-07-20T05:00:00Z,azr-sub-growth-3b8d
Azure,BlobStorage,recommendations,1.3859,prod,growth,2026-07-20T06:00:00Z,azr-sub-growth-3b8d
Azure,BlobStorage,recommendations,1.3840,prod,growth,2026-07-20T07:00:00Z,azr-sub-growth-3b8d
Azure,BlobStorage,recommendations,1.4030,prod,growth,2026-07-20T08:00:00Z,azr-sub-growth-3b8d
Azure,BlobStorage,recommendations,1.4477,prod,growth,2026-07-20T09:00:00Z,azr-sub-growth-3b8d
Azure,BlobStorage,recommendations,1.4006,prod,growth,2026-07-20T10:00:00Z,azr-sub-growth-3b8d
Azure,BlobStorage,recommendations,1.5406,prod,growth,2026-07-20T11:00:00Z,azr-sub-growth-3b8d
Azure,BlobStorage,recommendations,1.4953,prod,growth,2026-07-20T12:00:00Z,azr-sub-growth-3b8d
Azure,BlobStorage,recommendations,1.3891,prod,growth,2026-07-20T13:00:00Z,azr-sub-growth-3b8d
Azure,BlobStorage,recommendations,1.4492,prod,growth,2026-07-20T14:00:00Z,azr-sub-growth-3b8d
Azure,BlobStorage,recommendations,1.4192,prod,growth,2026-07-20T15:00:00Z,azr-sub-growth-3b8d
Azure,BlobStorage,recommendations,1.5095,prod,growth,2026-07-20T16:00:00Z,azr-sub-growth-3b8d
Azure,BlobStorage,recommendations,1.4327,prod,growth,2026-07-20T17:00:00Z,azr-sub-growth-3b8d
Azure,BlobStorage,recommendations,1.3344,prod,growth,2026-07-20T18:00:00Z,azr-sub-growth-3b8d
Azure,BlobStorage,recommendations,1.3299,prod,growth,2026-07-20T19:00:00Z,azr-sub-growth-3b8d
Azure,BlobStorage,recommendations,1.5153,prod,growth,2026-07-20T20:00:00Z,azr-sub-growth-3b8d
Azure,BlobStorage,recommendations,1.3530,prod,growth,2026-07-20T21:00:00Z,azr-sub-growth-3b8d
Azure,BlobStorage,recommendations,1.4949,prod,growth,2026-07-20T22:00:00Z,azr-sub-growth-3b8d
Azure,BlobStorage,recommendations,1.3923,prod,growth,2026-07-20T23:00:00Z,azr-sub-growth-3b8d
Azure,BlobStorage,recommendations,1.3557,prod,growth,2026-07-21T00:00:00Z,azr-sub-growth-3b8d
Azure,BlobStorage,recommendations,1.3642,prod,growth,2026-07-21T01:00:00Z,azr-sub-growth-3b8d
Azure,BlobStorage,recommendations,1.5337,prod,growth,2026-07-21T02:00:00Z,azr-sub-growth-3b8d
Azure,BlobStorage,recommendations,1.2961,prod,growth,2026-07-21T03:00:00Z,azr-sub-growth-3b8d
Azure,BlobStorage,recommendations,1.5677,prod,growth,2026-07-21T04:00:00Z,azr-sub-growth-3b8d
Azure,BlobStorage,recommendations,1.4086,prod,growth,2026-07-21T05:00:00Z,azr-sub-growth-3b8d
Azure,BlobStorage,recommendations,1.4878,prod,growth,2026-07-21T06:00:00Z,azr-sub-growth-3b8d
Azure,BlobStorage,recommendations,1.3007,prod,growth,2026-07-21T07:00:00Z,azr-sub-growth-3b8d
Azure,BlobStorage,recommendations,1.3950,prod,growth,2026-07-21T08:00:00Z,azr-sub-growth-3b8d
Azure,BlobStorage,recommendations,1.5721,prod,growth,2026-07-21T09:00:00Z,azr-sub-growth-3b8d
Azure,BlobStorage,recommendations,1.4376,prod,growth,2026-07-21T10:00:00Z,azr-sub-growth-3b8d
Azure,BlobStorage,recommendations,1.5219,prod,growth,2026-07-21T11:00:00Z,azr-sub-growth-3b8d
Azure,BlobStorage,recommendations,1.3830,prod,growth,2026-07-21T12:00:00Z,azr-sub-growth-3b8d
Azure,BlobStorage,recommendations,1.4111,prod,growth,2026-07-21T13:00:00Z,azr-sub-growth-3b8d
Azure,BlobStorage,recommendations,1.4883,prod,growth,2026-07-21T14:00:00Z,azr-sub-growth-3b8d
Azure,BlobStorage,recommendations,1.4966,prod,growth,2026-07-21T15:00:00Z,azr-sub-growth-3b8d
Azure,BlobStorage,recommendations,1.3874,prod,growth,2026-07-21T16:00:00Z,azr-sub-growth-3b8d
Azure,BlobStorage,recommendations,1.3530,prod,growth,2026-07-21T17:00:00Z,azr-sub-growth-3b8d
Azure,BlobStorage,recommendations,1.5509,prod,growth,2026-07-21T18:00:00Z,azr-sub-growth-3b8d
Azure,BlobStorage,recommendations,1.5495,prod,growth,2026-07-21T19:00:00Z,azr-sub-growth-3b8d
Azure,BlobStorage,recommendations,1.3918,prod,growth,2026-07-21T20:00:00Z,azr-sub-growth-3b8d
Azure,BlobStorage,recommendations,1.4315,prod,growth,2026-07-21T21:00:00Z,azr-sub-growth-3b8d
Azure,BlobStorage,recommendations,1.5168,prod,growth,2026-07-21T22:00:00Z,azr-sub-growth-3b8d
Azure,BlobStorage,recommendations,1.6029,prod,growth,2026-07-21T23:00:00Z,azr-sub-growth-3b8d
Azure,BlobStorage,recommendations,1.5306,prod,growth,2026-07-22T00:00:00Z,azr-sub-growth-3b8d
Azure,BlobStorage,recommendations,1.3741,prod,growth,2026-07-22T01:00:00Z,azr-sub-growth-3b8d
Azure,BlobStorage,recommendations,1.6037,prod,growth,2026-07-22T02:00:00Z,azr-sub-growth-3b8d
Azure,BlobStorage,recommendations,1.3329,prod,growth,2026-07-22T03:00:00Z,azr-sub-growth-3b8d
Azure,BlobStorage,recommendations,1.5143,prod,growth,2026-07-22T04:00:00Z,azr-sub-growth-3b8d
Azure,BlobStorage,recommendations,1.5373,prod,growth,2026-07-22T05:00:00Z,azr-sub-growth-3b8d
Azure,BlobStorage,recommendations,1.5620,prod,growth,2026-07-22T06:00:00Z,azr-sub-growth-3b8d
Azure,BlobStorage,recommendations,1.3900,prod,growth,2026-07-22T07:00:00Z,azr-sub-growth-3b8d
Azure,BlobStorage,recommendations,1.5547,prod,growth,2026-07-22T08:00:00Z,azr-sub-growth-3b8d
Azure,BlobStorage,recommendations,1.4427,prod,growth,2026-07-22T09:00:00Z,azr-sub-growth-3b8d
Azure,BlobStorage,recommendations,1.3933,prod,growth,2026-07-22T10:00:00Z,azr-sub-growth-3b8d
Azure,BlobStorage,recommendations,1.5830,prod,growth,2026-07-22T11:00:00Z,azr-sub-growth-3b8d
Azure,BlobStorage,recommendations,1.4655,prod,growth,2026-07-22T12:00:00Z,azr-sub-growth-3b8d
Azure,BlobStorage,recommendations,1.5623,prod,growth,2026-07-22T13:00:00Z,azr-sub-growth-3b8d
Azure,BlobStorage,recommendations,1.3664,prod,growth,2026-07-22T14:00:00Z,azr-sub-growth-3b8d
Azure,BlobStorage,recommendations,1.4944,prod,growth,2026-07-22T15:00:00Z,azr-sub-growth-3b8d
Azure,BlobStorage,recommendations,1.5243,prod,growth,2026-07-22T16:00:00Z,azr-sub-growth-3b8d
Azure,BlobStorage,recommendations,1.4251,prod,growth,2026-07-22T17:00:00Z,azr-sub-growth-3b8d
Azure,BlobStorage,recommendations,1.4084,prod,growth,2026-07-22T18:00:00Z,azr-sub-growth-3b8d
Azure,BlobStorage,recommendations,1.5000,prod,growth,2026-07-22T19:00:00Z,azr-sub-growth-3b8d
Azure,BlobStorage,recommendations,1.5635,prod,growth,2026-07-22T20:00:00Z,azr-sub-growth-3b8d
Azure,BlobStorage,recommendations,1.4182,prod,growth,2026-07-22T21:00:00Z,azr-sub-growth-3b8d
Azure,BlobStorage,recommendations,1.3577,prod,growth,2026-07-22T22:00:00Z,azr-sub-growth-3b8d
Azure,BlobStorage,recommendations,1.6465,prod,growth,2026-07-22T23:00:00Z,azr-sub-growth-3b8d
Azure,BlobStorage,recommendations,1.5504,prod,growth,2026-07-23T00:00:00Z,azr-sub-growth-3b8d
Azure,BlobStorage,recommendations,1.6462,prod,growth,2026-07-23T01:00:00Z,azr-sub-growth-3b8d
Azure,BlobStorage,recommendations,1.4529,prod,growth,2026-07-23T02:00:00Z,azr-sub-growth-3b8d
Azure,BlobStorage,recommendations,1.6055,prod,growth,2026-07-23T03:00:00Z,azr-sub-growth-3b8d
Azure,BlobStorage,recommendations,1.6480,prod,growth,2026-07-23T04:00:00Z,azr-sub-growth-3b8d
Azure,BlobStorage,recommendations,1.6306,prod,growth,2026-07-23T05:00:00Z,azr-sub-growth-3b8d
Azure,BlobStorage,recommendations,1.6063,prod,growth,2026-07-23T06:00:00Z,azr-sub-growth-3b8d
Azure,BlobStorage,recommendations,1.5971,prod,growth,2026-07-23T07:00:00Z,azr-sub-growth-3b8d
Azure,BlobStorage,recommendations,1.4821,prod,growth,2026-07-23T08:00:00Z,azr-sub-growth-3b8d
Azure,BlobStorage,recommendations,1.5680,prod,growth,2026-07-23T09:00:00Z,azr-sub-growth-3b8d
Azure,BlobStorage,recommendations,1.4068,prod,growth,2026-07-23T10:00:00Z,azr-sub-growth-3b8d
Azure,BlobStorage,recommendations,1.3817,prod,growth,2026-07-23T11:00:00Z,azr-sub-growth-3b8d
Azure,BlobStorage,recommendations,1.4498,prod,growth,2026-07-23T12:00:00Z,azr-sub-growth-3b8d
Azure,BlobStorage,recommendations,1.6425,prod,growth,2026-07-23T13:00:00Z,azr-sub-growth-3b8d
Azure,BlobStorage,recommendations,1.4608,prod,growth,2026-07-23T14:00:00Z,azr-sub-growth-3b8d
Azure,BlobStorage,recommendations,1.4808,prod,growth,2026-07-23T15:00:00Z,azr-sub-growth-3b8d
Azure,BlobStorage,recommendations,1.3800,prod,growth,2026-07-23T16:00:00Z,azr-sub-growth-3b8d
Azure,BlobStorage,recommendations,1.5317,prod,growth,2026-07-23T17:00:00Z,azr-sub-growth-3b8d
Azure,BlobStorage,recommendations,1.5195,prod,growth,2026-07-23T18:00:00Z,azr-sub-growth-3b8d
Azure,BlobStorage,recommendations,1.6269,prod,growth,2026-07-23T19:00:00Z,azr-sub-growth-3b8d
Azure,BlobStorage,recommendations,1.4993,prod,growth,2026-07-23T20:00:00Z,azr-sub-growth-3b8d
Azure,BlobStorage,recommendations,1.6381,prod,growth,2026-07-23T21:00:00Z,azr-sub-growth-3b8d
Azure,BlobStorage,recommendations,1.6627,prod,growth,2026-07-23T22:00:00Z,azr-sub-growth-3b8d
Azure,BlobStorage,recommendations,1.4646,prod,growth,2026-07-23T23:00:00Z,azr-sub-growth-3b8d
Azure,BlobStorage,recommendations,1.4043,prod,growth,2026-07-24T00:00:00Z,azr-sub-growth-3b8d
Azure,BlobStorage,recommendations,1.5675,prod,growth,2026-07-24T01:00:00Z,azr-sub-growth-3b8d
Azure,BlobStorage,recommendations,1.6824,prod,growth,2026-07-24T02:00:00Z,azr-sub-growth-3b8d
Azure,BlobStorage,recommendations,1.4069,prod,growth,2026-07-24T03:00:00Z,azr-sub-growth-3b8d
Azure,BlobStorage,recommendations,1.6408,prod,growth,2026-07-24T04:00:00Z,azr-sub-growth-3b8d
Azure,BlobStorage,recommendations,1.5551,prod,growth,2026-07-24T05:00:00Z,azr-sub-growth-3b8d
Azure,BlobStorage,recommendations,1.4653,prod,growth,2026-07-24T06:00:00Z,azr-sub-growth-3b8d
Azure,BlobStorage,recommendations,1.5065,prod,growth,2026-07-24T07:00:00Z,azr-sub-growth-3b8d
Azure,BlobStorage,recommendations,1.6654,prod,growth,2026-07-24T08:00:00Z,azr-sub-growth-3b8d
Azure,BlobStorage,recommendations,1.6172,prod,growth,2026-07-24T09:00:00Z,azr-sub-growth-3b8d
Azure,BlobStorage,recommendations,1.3997,prod,growth,2026-07-24T10:00:00Z,azr-sub-growth-3b8d
Azure,BlobStorage,recommendations,1.6186,prod,growth,2026-07-24T11:00:00Z,azr-sub-growth-3b8d
Azure,BlobStorage,recommendations,1.5978,prod,growth,2026-07-24T12:00:00Z,azr-sub-growth-3b8d
Azure,BlobStorage,recommendations,1.4642,prod,growth,2026-07-24T13:00:00Z,azr-sub-growth-3b8d
Azure,BlobStorage,recommendations,1.6642,prod,growth,2026-07-24T14:00:00Z,azr-sub-growth-3b8d
Azure,BlobStorage,recommendations,1.6753,prod,growth,2026-07-24T15:00:00Z,azr-sub-growth-3b8d
Azure,BlobStorage,recommendations,1.4493,prod,growth,2026-07-24T16:00:00Z,azr-sub-growth-3b8d
Azure,BlobStorage,recommendations,1.4501,prod,growth,2026-07-24T17:00:00Z,azr-sub-growth-3b8d
Azure,BlobStorage,recommendations,1.6153,prod,growth,2026-07-24T18:00:00Z,azr-sub-growth-3b8d
Azure,BlobStorage,recommendations,1.5021,prod,growth,2026-07-24T19:00:00Z,azr-sub-growth-3b8d
Azure,BlobStorage,recommendations,1.4789,prod,growth,2026-07-24T20:00:00Z,azr-sub-growth-3b8d
Azure,BlobStorage,recommendations,1.6352,prod,growth,2026-07-24T21:00:00Z,azr-sub-growth-3b8d
Azure,BlobStorage,recommendations,1.4948,prod,growth,2026-07-24T22:00:00Z,azr-sub-growth-3b8d
Azure,BlobStorage,recommendations,1.6925,prod,growth,2026-07-24T23:00:00Z,azr-sub-growth-3b8d
Azure,BlobStorage,recommendations,1.3948,prod,growth,2026-07-25T00:00:00Z,azr-sub-growth-3b8d
Azure,BlobStorage,recommendations,1.4278,prod,growth,2026-07-25T01:00:00Z,azr-sub-growth-3b8d
Azure,BlobStorage,recommendations,1.6102,prod,growth,2026-07-25T02:00:00Z,azr-sub-growth-3b8d
Azure,BlobStorage,recommendations,1.4651,prod,growth,2026-07-25T03:00:00Z,azr-sub-growth-3b8d
Azure,BlobStorage,recommendations,1.5919,prod,growth,2026-07-25T04:00:00Z,azr-sub-growth-3b8d
Azure,BlobStorage,recommendations,1.5699,prod,growth,2026-07-25T05:00:00Z,azr-sub-growth-3b8d
Azure,BlobStorage,recommendations,1.4924,prod,growth,2026-07-25T06:00:00Z,azr-sub-growth-3b8d
Azure,BlobStorage,recommendations,1.4304,prod,growth,2026-07-25T07:00:00Z,azr-sub-growth-3b8d
Azure,BlobStorage,recommendations,1.4754,prod,growth,2026-07-25T08:00:00Z,azr-sub-growth-3b8d
Azure,BlobStorage,recommendations,1.6010,prod,growth,2026-07-25T09:00:00Z,azr-sub-growth-3b8d
Azure,BlobStorage,recommendations,1.6044,prod,growth,2026-07-25T10:00:00Z,azr-sub-growth-3b8d
Azure,BlobStorage,recommendations,1.4938,prod,growth,2026-07-25T11:00:00Z,azr-sub-growth-3b8d
Azure,BlobStorage,recommendations,1.4471,prod,growth,2026-07-25T12:00:00Z,azr-sub-growth-3b8d
Azure,BlobStorage,recommendations,1.4124,prod,growth,2026-07-25T13:00:00Z,azr-sub-growth-3b8d
Azure,BlobStorage,recommendations,1.5608,prod,growth,2026-07-25T14:00:00Z,azr-sub-growth-3b8d
Azure,BlobStorage,recommendations,1.5452,prod,growth,2026-07-25T15:00:00Z,azr-sub-growth-3b8d
Azure,BlobStorage,recommendations,1.5930,prod,growth,2026-07-25T16:00:00Z,azr-sub-growth-3b8d
Azure,BlobStorage,recommendations,1.6181,prod,growth,2026-07-25T17:00:00Z,azr-sub-growth-3b8d
Azure,BlobStorage,recommendations,1.6466,prod,growth,2026-07-25T18:00:00Z,azr-sub-growth-3b8d
Azure,BlobStorage,recommendations,1.6317,prod,growth,2026-07-25T19:00:00Z,azr-sub-growth-3b8d
Azure,BlobStorage,recommendations,1.4560,prod,growth,2026-07-25T20:00:00Z,azr-sub-growth-3b8d
Azure,BlobStorage,recommendations,1.4041,prod,growth,2026-07-25T21:00:00Z,azr-sub-growth-3b8d
Azure,BlobStorage,recommendations,1.6342,prod,growth,2026-07-25T22:00:00Z,azr-sub-growth-3b8d
Azure,BlobStorage,recommendations,1.4890,prod,growth,2026-07-25T23:00:00Z,azr-sub-growth-3b8d
Azure,BlobStorage,recommendations,1.4675,prod,growth,2026-07-26T00:00:00Z,azr-sub-growth-3b8d
Azure,BlobStorage,recommendations,1.5894,prod,growth,2026-07-26T01:00:00Z,azr-sub-growth-3b8d
Azure,BlobStorage,recommendations,1.3780,prod,growth,2026-07-26T02:00:00Z,azr-sub-growth-3b8d
Azure,BlobStorage,recommendations,1.4974,prod,growth,2026-07-26T03:00:00Z,azr-sub-growth-3b8d
Azure,BlobStorage,recommendations,1.6522,prod,growth,2026-07-26T04:00:00Z,azr-sub-growth-3b8d
Azure,BlobStorage,recommendations,1.6190,prod,growth,2026-07-26T05:00:00Z,azr-sub-growth-3b8d
Azure,BlobStorage,recommendations,1.5029,prod,growth,2026-07-26T06:00:00Z,azr-sub-growth-3b8d
Azure,BlobStorage,recommendations,1.6612,prod,growth,2026-07-26T07:00:00Z,azr-sub-growth-3b8d
Azure,BlobStorage,recommendations,1.5778,prod,growth,2026-07-26T08:00:00Z,azr-sub-growth-3b8d
Azure,BlobStorage,recommendations,1.4441,prod,growth,2026-07-26T09:00:00Z,azr-sub-growth-3b8d
Azure,BlobStorage,recommendations,1.6258,prod,growth,2026-07-26T10:00:00Z,azr-sub-growth-3b8d
Azure,BlobStorage,recommendations,1.5769,prod,growth,2026-07-26T11:00:00Z,azr-sub-growth-3b8d
Azure,BlobStorage,recommendations,1.4454,prod,growth,2026-07-26T12:00:00Z,azr-sub-growth-3b8d
Azure,BlobStorage,recommendations,1.3743,prod,growth,2026-07-26T13:00:00Z,azr-sub-growth-3b8d
Azure,BlobStorage,recommendations,1.3680,prod,growth,2026-07-26T14:00:00Z,azr-sub-growth-3b8d
Azure,BlobStorage,recommendations,1.5953,prod,growth,2026-07-26T15:00:00Z,azr-sub-growth-3b8d
MongoDB,atlas_cluster,recommendations,1.5387,prod,growth,2026-07-12T16:00:00Z,atlas-org-growth
MongoDB,atlas_cluster,recommendations,1.5532,prod,growth,2026-07-12T17:00:00Z,atlas-org-growth
MongoDB,atlas_cluster,recommendations,1.4045,prod,growth,2026-07-12T18:00:00Z,atlas-org-growth
MongoDB,atlas_cluster,recommendations,1.2849,prod,growth,2026-07-12T19:00:00Z,atlas-org-growth
MongoDB,atlas_cluster,recommendations,1.4531,prod,growth,2026-07-12T20:00:00Z,atlas-org-growth
MongoDB,atlas_cluster,recommendations,1.5567,prod,growth,2026-07-12T21:00:00Z,atlas-org-growth
MongoDB,atlas_cluster,recommendations,1.4912,prod,growth,2026-07-12T22:00:00Z,atlas-org-growth
MongoDB,atlas_cluster,recommendations,1.3223,prod,growth,2026-07-12T23:00:00Z,atlas-org-growth
MongoDB,atlas_cluster,recommendations,1.4015,prod,growth,2026-07-13T00:00:00Z,atlas-org-growth
MongoDB,atlas_cluster,recommendations,1.4986,prod,growth,2026-07-13T01:00:00Z,atlas-org-growth
MongoDB,atlas_cluster,recommendations,1.5566,prod,growth,2026-07-13T02:00:00Z,atlas-org-growth
MongoDB,atlas_cluster,recommendations,1.4952,prod,growth,2026-07-13T03:00:00Z,atlas-org-growth
MongoDB,atlas_cluster,recommendations,1.4245,prod,growth,2026-07-13T04:00:00Z,atlas-org-growth
MongoDB,atlas_cluster,recommendations,1.5402,prod,growth,2026-07-13T05:00:00Z,atlas-org-growth
MongoDB,atlas_cluster,recommendations,1.6049,prod,growth,2026-07-13T06:00:00Z,atlas-org-growth
MongoDB,atlas_cluster,recommendations,1.3868,prod,growth,2026-07-13T07:00:00Z,atlas-org-growth
MongoDB,atlas_cluster,recommendations,1.5462,prod,growth,2026-07-13T08:00:00Z,atlas-org-growth
MongoDB,atlas_cluster,recommendations,1.5161,prod,growth,2026-07-13T09:00:00Z,atlas-org-growth
MongoDB,atlas_cluster,recommendations,1.3996,prod,growth,2026-07-13T10:00:00Z,atlas-org-growth
MongoDB,atlas_cluster,recommendations,1.4792,prod,growth,2026-07-13T11:00:00Z,atlas-org-growth
MongoDB,atlas_cluster,recommendations,1.5869,prod,growth,2026-07-13T12:00:00Z,atlas-org-growth
MongoDB,atlas_cluster,recommendations,1.4793,prod,growth,2026-07-13T13:00:00Z,atlas-org-growth
MongoDB,atlas_cluster,recommendations,1.4311,prod,growth,2026-07-13T14:00:00Z,atlas-org-growth
MongoDB,atlas_cluster,recommendations,1.6301,prod,growth,2026-07-13T15:00:00Z,atlas-org-growth
MongoDB,atlas_cluster,recommendations,1.5378,prod,growth,2026-07-13T16:00:00Z,atlas-org-growth
MongoDB,atlas_cluster,recommendations,1.6382,prod,growth,2026-07-13T17:00:00Z,atlas-org-growth
MongoDB,atlas_cluster,recommendations,1.4265,prod,growth,2026-07-13T18:00:00Z,atlas-org-growth
MongoDB,atlas_cluster,recommendations,1.5992,prod,growth,2026-07-13T19:00:00Z,atlas-org-growth
MongoDB,atlas_cluster,recommendations,1.4037,prod,growth,2026-07-13T20:00:00Z,atlas-org-growth
MongoDB,atlas_cluster,recommendations,1.4131,prod,growth,2026-07-13T21:00:00Z,atlas-org-growth
MongoDB,atlas_cluster,recommendations,1.6909,prod,growth,2026-07-13T22:00:00Z,atlas-org-growth
MongoDB,atlas_cluster,recommendations,1.4803,prod,growth,2026-07-13T23:00:00Z,atlas-org-growth
MongoDB,atlas_cluster,recommendations,1.6815,prod,growth,2026-07-14T00:00:00Z,atlas-org-growth
MongoDB,atlas_cluster,recommendations,1.6656,prod,growth,2026-07-14T01:00:00Z,atlas-org-growth
MongoDB,atlas_cluster,recommendations,1.5160,prod,growth,2026-07-14T02:00:00Z,atlas-org-growth
MongoDB,atlas_cluster,recommendations,1.6573,prod,growth,2026-07-14T03:00:00Z,atlas-org-growth
MongoDB,atlas_cluster,recommendations,1.4297,prod,growth,2026-07-14T04:00:00Z,atlas-org-growth
MongoDB,atlas_cluster,recommendations,1.6460,prod,growth,2026-07-14T05:00:00Z,atlas-org-growth
MongoDB,atlas_cluster,recommendations,1.5822,prod,growth,2026-07-14T06:00:00Z,atlas-org-growth
MongoDB,atlas_cluster,recommendations,1.4758,prod,growth,2026-07-14T07:00:00Z,atlas-org-growth
MongoDB,atlas_cluster,recommendations,1.6776,prod,growth,2026-07-14T08:00:00Z,atlas-org-growth
MongoDB,atlas_cluster,recommendations,1.5607,prod,growth,2026-07-14T09:00:00Z,atlas-org-growth
MongoDB,atlas_cluster,recommendations,1.5399,prod,growth,2026-07-14T10:00:00Z,atlas-org-growth
MongoDB,atlas_cluster,recommendations,1.5524,prod,growth,2026-07-14T11:00:00Z,atlas-org-growth
MongoDB,atlas_cluster,recommendations,1.5406,prod,growth,2026-07-14T12:00:00Z,atlas-org-growth
MongoDB,atlas_cluster,recommendations,1.5425,prod,growth,2026-07-14T13:00:00Z,atlas-org-growth
MongoDB,atlas_cluster,recommendations,1.4417,prod,growth,2026-07-14T14:00:00Z,atlas-org-growth
MongoDB,atlas_cluster,recommendations,1.6545,prod,growth,2026-07-14T15:00:00Z,atlas-org-growth
MongoDB,atlas_cluster,recommendations,1.5385,prod,growth,2026-07-14T16:00:00Z,atlas-org-growth
MongoDB,atlas_cluster,recommendations,1.6527,prod,growth,2026-07-14T17:00:00Z,atlas-org-growth
MongoDB,atlas_cluster,recommendations,1.4617,prod,growth,2026-07-14T18:00:00Z,atlas-org-growth
MongoDB,atlas_cluster,recommendations,1.5678,prod,growth,2026-07-14T19:00:00Z,atlas-org-growth
MongoDB,atlas_cluster,recommendations,1.7038,prod,growth,2026-07-14T20:00:00Z,atlas-org-growth
MongoDB,atlas_cluster,recommendations,1.6779,prod,growth,2026-07-14T21:00:00Z,atlas-org-growth
MongoDB,atlas_cluster,recommendations,1.5577,prod,growth,2026-07-14T22:00:00Z,atlas-org-growth
MongoDB,atlas_cluster,recommendations,1.5888,prod,growth,2026-07-14T23:00:00Z,atlas-org-growth
MongoDB,atlas_cluster,recommendations,1.4709,prod,growth,2026-07-15T00:00:00Z,atlas-org-growth
MongoDB,atlas_cluster,recommendations,1.4829,prod,growth,2026-07-15T01:00:00Z,atlas-org-growth
MongoDB,atlas_cluster,recommendations,1.4363,prod,growth,2026-07-15T02:00:00Z,atlas-org-growth
MongoDB,atlas_cluster,recommendations,1.4973,prod,growth,2026-07-15T03:00:00Z,atlas-org-growth
MongoDB,atlas_cluster,recommendations,1.4478,prod,growth,2026-07-15T04:00:00Z,atlas-org-growth
MongoDB,atlas_cluster,recommendations,1.5275,prod,growth,2026-07-15T05:00:00Z,atlas-org-growth
MongoDB,atlas_cluster,recommendations,1.4553,prod,growth,2026-07-15T06:00:00Z,atlas-org-growth
MongoDB,atlas_cluster,recommendations,1.5862,prod,growth,2026-07-15T07:00:00Z,atlas-org-growth
MongoDB,atlas_cluster,recommendations,1.4658,prod,growth,2026-07-15T08:00:00Z,atlas-org-growth
MongoDB,atlas_cluster,recommendations,1.4970,prod,growth,2026-07-15T09:00:00Z,atlas-org-growth
MongoDB,atlas_cluster,recommendations,1.5517,prod,growth,2026-07-15T10:00:00Z,atlas-org-growth
MongoDB,atlas_cluster,recommendations,1.6140,prod,growth,2026-07-15T11:00:00Z,atlas-org-growth
MongoDB,atlas_cluster,recommendations,1.6730,prod,growth,2026-07-15T12:00:00Z,atlas-org-growth
MongoDB,atlas_cluster,recommendations,1.5129,prod,growth,2026-07-15T13:00:00Z,atlas-org-growth
MongoDB,atlas_cluster,recommendations,1.4623,prod,growth,2026-07-15T14:00:00Z,atlas-org-growth
MongoDB,atlas_cluster,recommendations,1.5424,prod,growth,2026-07-15T15:00:00Z,atlas-org-growth
MongoDB,atlas_cluster,recommendations,1.7636,prod,growth,2026-07-15T16:00:00Z,atlas-org-growth
MongoDB,atlas_cluster,recommendations,1.4798,prod,growth,2026-07-15T17:00:00Z,atlas-org-growth
MongoDB,atlas_cluster,recommendations,1.4933,prod,growth,2026-07-15T18:00:00Z,atlas-org-growth
MongoDB,atlas_cluster,recommendations,1.6065,prod,growth,2026-07-15T19:00:00Z,atlas-org-growth
MongoDB,atlas_cluster,recommendations,1.5760,prod,growth,2026-07-15T20:00:00Z,atlas-org-growth
MongoDB,atlas_cluster,recommendations,1.4927,prod,growth,2026-07-15T21:00:00Z,atlas-org-growth
MongoDB,atlas_cluster,recommendations,1.4937,prod,growth,2026-07-15T22:00:00Z,atlas-org-growth
MongoDB,atlas_cluster,recommendations,1.6066,prod,growth,2026-07-15T23:00:00Z,atlas-org-growth
MongoDB,atlas_cluster,recommendations,1.4706,prod,growth,2026-07-16T00:00:00Z,atlas-org-growth
MongoDB,atlas_cluster,recommendations,1.6345,prod,growth,2026-07-16T01:00:00Z,atlas-org-growth
MongoDB,atlas_cluster,recommendations,1.5229,prod,growth,2026-07-16T02:00:00Z,atlas-org-growth
MongoDB,atlas_cluster,recommendations,1.4619,prod,growth,2026-07-16T03:00:00Z,atlas-org-growth
MongoDB,atlas_cluster,recommendations,1.6130,prod,growth,2026-07-16T04:00:00Z,atlas-org-growth
MongoDB,atlas_cluster,recommendations,1.5040,prod,growth,2026-07-16T05:00:00Z,atlas-org-growth
MongoDB,atlas_cluster,recommendations,1.6666,prod,growth,2026-07-16T06:00:00Z,atlas-org-growth
MongoDB,atlas_cluster,recommendations,1.6671,prod,growth,2026-07-16T07:00:00Z,atlas-org-growth
MongoDB,atlas_cluster,recommendations,1.6272,prod,growth,2026-07-16T08:00:00Z,atlas-org-growth
MongoDB,atlas_cluster,recommendations,1.6884,prod,growth,2026-07-16T09:00:00Z,atlas-org-growth
MongoDB,atlas_cluster,recommendations,1.4516,prod,growth,2026-07-16T10:00:00Z,atlas-org-growth
MongoDB,atlas_cluster,recommendations,1.6728,prod,growth,2026-07-16T11:00:00Z,atlas-org-growth
MongoDB,atlas_cluster,recommendations,1.5978,prod,growth,2026-07-16T12:00:00Z,atlas-org-growth
MongoDB,atlas_cluster,recommendations,1.5157,prod,growth,2026-07-16T13:00:00Z,atlas-org-growth
MongoDB,atlas_cluster,recommendations,1.5951,prod,growth,2026-07-16T14:00:00Z,atlas-org-growth
MongoDB,atlas_cluster,recommendations,1.4523,prod,growth,2026-07-16T15:00:00Z,atlas-org-growth
MongoDB,atlas_cluster,recommendations,1.7220,prod,growth,2026-07-16T16:00:00Z,atlas-org-growth
MongoDB,atlas_cluster,recommendations,1.5384,prod,growth,2026-07-16T17:00:00Z,atlas-org-growth
MongoDB,atlas_cluster,recommendations,1.6163,prod,growth,2026-07-16T18:00:00Z,atlas-org-growth
MongoDB,atlas_cluster,recommendations,1.7954,prod,growth,2026-07-16T19:00:00Z,atlas-org-growth
MongoDB,atlas_cluster,recommendations,1.5402,prod,growth,2026-07-16T20:00:00Z,atlas-org-growth
MongoDB,atlas_cluster,recommendations,1.5907,prod,growth,2026-07-16T21:00:00Z,atlas-org-growth
MongoDB,atlas_cluster,recommendations,1.5027,prod,growth,2026-07-16T22:00:00Z,atlas-org-growth
MongoDB,atlas_cluster,recommendations,1.6113,prod,growth,2026-07-16T23:00:00Z,atlas-org-growth
MongoDB,atlas_cluster,recommendations,1.5535,prod,growth,2026-07-17T00:00:00Z,atlas-org-growth
MongoDB,atlas_cluster,recommendations,1.5224,prod,growth,2026-07-17T01:00:00Z,atlas-org-growth
MongoDB,atlas_cluster,recommendations,1.7370,prod,growth,2026-07-17T02:00:00Z,atlas-org-growth
MongoDB,atlas_cluster,recommendations,1.5045,prod,growth,2026-07-17T03:00:00Z,atlas-org-growth
MongoDB,atlas_cluster,recommendations,1.5390,prod,growth,2026-07-17T04:00:00Z,atlas-org-growth
MongoDB,atlas_cluster,recommendations,1.6787,prod,growth,2026-07-17T05:00:00Z,atlas-org-growth
MongoDB,atlas_cluster,recommendations,1.6811,prod,growth,2026-07-17T06:00:00Z,atlas-org-growth
MongoDB,atlas_cluster,recommendations,1.4958,prod,growth,2026-07-17T07:00:00Z,atlas-org-growth
MongoDB,atlas_cluster,recommendations,1.6833,prod,growth,2026-07-17T08:00:00Z,atlas-org-growth
MongoDB,atlas_cluster,recommendations,1.7532,prod,growth,2026-07-17T09:00:00Z,atlas-org-growth
MongoDB,atlas_cluster,recommendations,1.6000,prod,growth,2026-07-17T10:00:00Z,atlas-org-growth
MongoDB,atlas_cluster,recommendations,1.5923,prod,growth,2026-07-17T11:00:00Z,atlas-org-growth
MongoDB,atlas_cluster,recommendations,1.5836,prod,growth,2026-07-17T12:00:00Z,atlas-org-growth
MongoDB,atlas_cluster,recommendations,1.6255,prod,growth,2026-07-17T13:00:00Z,atlas-org-growth
MongoDB,atlas_cluster,recommendations,1.7641,prod,growth,2026-07-17T14:00:00Z,atlas-org-growth
MongoDB,atlas_cluster,recommendations,1.6964,prod,growth,2026-07-17T15:00:00Z,atlas-org-growth
MongoDB,atlas_cluster,recommendations,1.5689,prod,growth,2026-07-17T16:00:00Z,atlas-org-growth
MongoDB,atlas_cluster,recommendations,1.7743,prod,growth,2026-07-17T17:00:00Z,atlas-org-growth
MongoDB,atlas_cluster,recommendations,1.6526,prod,growth,2026-07-17T18:00:00Z,atlas-org-growth
MongoDB,atlas_cluster,recommendations,1.6241,prod,growth,2026-07-17T19:00:00Z,atlas-org-growth
MongoDB,atlas_cluster,recommendations,1.5725,prod,growth,2026-07-17T20:00:00Z,atlas-org-growth
MongoDB,atlas_cluster,recommendations,1.5223,prod,growth,2026-07-17T21:00:00Z,atlas-org-growth
MongoDB,atlas_cluster,recommendations,1.7749,prod,growth,2026-07-17T22:00:00Z,atlas-org-growth
MongoDB,atlas_cluster,recommendations,1.6410,prod,growth,2026-07-17T23:00:00Z,atlas-org-growth
MongoDB,atlas_cluster,recommendations,1.5927,prod,growth,2026-07-18T00:00:00Z,atlas-org-growth
MongoDB,atlas_cluster,recommendations,1.7173,prod,growth,2026-07-18T01:00:00Z,atlas-org-growth
MongoDB,atlas_cluster,recommendations,1.4933,prod,growth,2026-07-18T02:00:00Z,atlas-org-growth
MongoDB,atlas_cluster,recommendations,1.6685,prod,growth,2026-07-18T03:00:00Z,atlas-org-growth
MongoDB,atlas_cluster,recommendations,1.6053,prod,growth,2026-07-18T04:00:00Z,atlas-org-growth
MongoDB,atlas_cluster,recommendations,1.5881,prod,growth,2026-07-18T05:00:00Z,atlas-org-growth
MongoDB,atlas_cluster,recommendations,1.6592,prod,growth,2026-07-18T06:00:00Z,atlas-org-growth
MongoDB,atlas_cluster,recommendations,1.4904,prod,growth,2026-07-18T07:00:00Z,atlas-org-growth
MongoDB,atlas_cluster,recommendations,1.6789,prod,growth,2026-07-18T08:00:00Z,atlas-org-growth
MongoDB,atlas_cluster,recommendations,1.7240,prod,growth,2026-07-18T09:00:00Z,atlas-org-growth
MongoDB,atlas_cluster,recommendations,1.5921,prod,growth,2026-07-18T10:00:00Z,atlas-org-growth
MongoDB,atlas_cluster,recommendations,1.5932,prod,growth,2026-07-18T11:00:00Z,atlas-org-growth
MongoDB,atlas_cluster,recommendations,1.5211,prod,growth,2026-07-18T12:00:00Z,atlas-org-growth
MongoDB,atlas_cluster,recommendations,1.5785,prod,growth,2026-07-18T13:00:00Z,atlas-org-growth
MongoDB,atlas_cluster,recommendations,1.7398,prod,growth,2026-07-18T14:00:00Z,atlas-org-growth
MongoDB,atlas_cluster,recommendations,1.6107,prod,growth,2026-07-18T15:00:00Z,atlas-org-growth
MongoDB,atlas_cluster,recommendations,1.7209,prod,growth,2026-07-18T16:00:00Z,atlas-org-growth
MongoDB,atlas_cluster,recommendations,1.7685,prod,growth,2026-07-18T17:00:00Z,atlas-org-growth
MongoDB,atlas_cluster,recommendations,1.6014,prod,growth,2026-07-18T18:00:00Z,atlas-org-growth
MongoDB,atlas_cluster,recommendations,1.5291,prod,growth,2026-07-18T19:00:00Z,atlas-org-growth
MongoDB,atlas_cluster,recommendations,1.6613,prod,growth,2026-07-18T20:00:00Z,atlas-org-growth
MongoDB,atlas_cluster,recommendations,1.5293,prod,growth,2026-07-18T21:00:00Z,atlas-org-growth
MongoDB,atlas_cluster,recommendations,1.6936,prod,growth,2026-07-18T22:00:00Z,atlas-org-growth
MongoDB,atlas_cluster,recommendations,1.4976,prod,growth,2026-07-18T23:00:00Z,atlas-org-growth
MongoDB,atlas_cluster,recommendations,1.7441,prod,growth,2026-07-19T00:00:00Z,atlas-org-growth
MongoDB,atlas_cluster,recommendations,1.4982,prod,growth,2026-07-19T01:00:00Z,atlas-org-growth
MongoDB,atlas_cluster,recommendations,1.6605,prod,growth,2026-07-19T02:00:00Z,atlas-org-growth
MongoDB,atlas_cluster,recommendations,1.4856,prod,growth,2026-07-19T03:00:00Z,atlas-org-growth
MongoDB,atlas_cluster,recommendations,1.5204,prod,growth,2026-07-19T04:00:00Z,atlas-org-growth
MongoDB,atlas_cluster,recommendations,1.5574,prod,growth,2026-07-19T05:00:00Z,atlas-org-growth
MongoDB,atlas_cluster,recommendations,1.7009,prod,growth,2026-07-19T06:00:00Z,atlas-org-growth
MongoDB,atlas_cluster,recommendations,1.5086,prod,growth,2026-07-19T07:00:00Z,atlas-org-growth
MongoDB,atlas_cluster,recommendations,1.6872,prod,growth,2026-07-19T08:00:00Z,atlas-org-growth
MongoDB,atlas_cluster,recommendations,1.7117,prod,growth,2026-07-19T09:00:00Z,atlas-org-growth
MongoDB,atlas_cluster,recommendations,1.5057,prod,growth,2026-07-19T10:00:00Z,atlas-org-growth
MongoDB,atlas_cluster,recommendations,1.4989,prod,growth,2026-07-19T11:00:00Z,atlas-org-growth
MongoDB,atlas_cluster,recommendations,1.7988,prod,growth,2026-07-19T12:00:00Z,atlas-org-growth
MongoDB,atlas_cluster,recommendations,1.6751,prod,growth,2026-07-19T13:00:00Z,atlas-org-growth
MongoDB,atlas_cluster,recommendations,1.5025,prod,growth,2026-07-19T14:00:00Z,atlas-org-growth
MongoDB,atlas_cluster,recommendations,1.5847,prod,growth,2026-07-19T15:00:00Z,atlas-org-growth
MongoDB,atlas_cluster,recommendations,1.6208,prod,growth,2026-07-19T16:00:00Z,atlas-org-growth
MongoDB,atlas_cluster,recommendations,1.7373,prod,growth,2026-07-19T17:00:00Z,atlas-org-growth
MongoDB,atlas_cluster,recommendations,1.8110,prod,growth,2026-07-19T18:00:00Z,atlas-org-growth
MongoDB,atlas_cluster,recommendations,1.6806,prod,growth,2026-07-19T19:00:00Z,atlas-org-growth
MongoDB,atlas_cluster,recommendations,1.7938,prod,growth,2026-07-19T20:00:00Z,atlas-org-growth
MongoDB,atlas_cluster,recommendations,1.6106,prod,growth,2026-07-19T21:00:00Z,atlas-org-growth
MongoDB,atlas_cluster,recommendations,1.8255,prod,growth,2026-07-19T22:00:00Z,atlas-org-growth
MongoDB,atlas_cluster,recommendations,1.6390,prod,growth,2026-07-19T23:00:00Z,atlas-org-growth
MongoDB,atlas_cluster,recommendations,1.7526,prod,growth,2026-07-20T00:00:00Z,atlas-org-growth
MongoDB,atlas_cluster,recommendations,1.6773,prod,growth,2026-07-20T01:00:00Z,atlas-org-growth
MongoDB,atlas_cluster,recommendations,1.8520,prod,growth,2026-07-20T02:00:00Z,atlas-org-growth
MongoDB,atlas_cluster,recommendations,1.6927,prod,growth,2026-07-20T03:00:00Z,atlas-org-growth
MongoDB,atlas_cluster,recommendations,1.8988,prod,growth,2026-07-20T04:00:00Z,atlas-org-growth
MongoDB,atlas_cluster,recommendations,1.6987,prod,growth,2026-07-20T05:00:00Z,atlas-org-growth
MongoDB,atlas_cluster,recommendations,1.8625,prod,growth,2026-07-20T06:00:00Z,atlas-org-growth
MongoDB,atlas_cluster,recommendations,1.6095,prod,growth,2026-07-20T07:00:00Z,atlas-org-growth
MongoDB,atlas_cluster,recommendations,1.8497,prod,growth,2026-07-20T08:00:00Z,atlas-org-growth
MongoDB,atlas_cluster,recommendations,1.8847,prod,growth,2026-07-20T09:00:00Z,atlas-org-growth
MongoDB,atlas_cluster,recommendations,1.7369,prod,growth,2026-07-20T10:00:00Z,atlas-org-growth
MongoDB,atlas_cluster,recommendations,1.7948,prod,growth,2026-07-20T11:00:00Z,atlas-org-growth
MongoDB,atlas_cluster,recommendations,1.6140,prod,growth,2026-07-20T12:00:00Z,atlas-org-growth
MongoDB,atlas_cluster,recommendations,1.6682,prod,growth,2026-07-20T13:00:00Z,atlas-org-growth
MongoDB,atlas_cluster,recommendations,1.8304,prod,growth,2026-07-20T14:00:00Z,atlas-org-growth
MongoDB,atlas_cluster,recommendations,1.8321,prod,growth,2026-07-20T15:00:00Z,atlas-org-growth
MongoDB,atlas_cluster,recommendations,1.6679,prod,growth,2026-07-20T16:00:00Z,atlas-org-growth
MongoDB,atlas_cluster,recommendations,1.9674,prod,growth,2026-07-20T17:00:00Z,atlas-org-growth
MongoDB,atlas_cluster,recommendations,1.6442,prod,growth,2026-07-20T18:00:00Z,atlas-org-growth
MongoDB,atlas_cluster,recommendations,1.9094,prod,growth,2026-07-20T19:00:00Z,atlas-org-growth
MongoDB,atlas_cluster,recommendations,1.9617,prod,growth,2026-07-20T20:00:00Z,atlas-org-growth
MongoDB,atlas_cluster,recommendations,1.7332,prod,growth,2026-07-20T21:00:00Z,atlas-org-growth
MongoDB,atlas_cluster,recommendations,1.7550,prod,growth,2026-07-20T22:00:00Z,atlas-org-growth
MongoDB,atlas_cluster,recommendations,1.8987,prod,growth,2026-07-20T23:00:00Z,atlas-org-growth
MongoDB,atlas_cluster,recommendations,1.7808,prod,growth,2026-07-21T00:00:00Z,atlas-org-growth
MongoDB,atlas_cluster,recommendations,1.8086,prod,growth,2026-07-21T01:00:00Z,atlas-org-growth
MongoDB,atlas_cluster,recommendations,1.8390,prod,growth,2026-07-21T02:00:00Z,atlas-org-growth
MongoDB,atlas_cluster,recommendations,1.9165,prod,growth,2026-07-21T03:00:00Z,atlas-org-growth
MongoDB,atlas_cluster,recommendations,1.6220,prod,growth,2026-07-21T04:00:00Z,atlas-org-growth
MongoDB,atlas_cluster,recommendations,1.8915,prod,growth,2026-07-21T05:00:00Z,atlas-org-growth
MongoDB,atlas_cluster,recommendations,1.7096,prod,growth,2026-07-21T06:00:00Z,atlas-org-growth
MongoDB,atlas_cluster,recommendations,1.7099,prod,growth,2026-07-21T07:00:00Z,atlas-org-growth
MongoDB,atlas_cluster,recommendations,1.7169,prod,growth,2026-07-21T08:00:00Z,atlas-org-growth
MongoDB,atlas_cluster,recommendations,1.6492,prod,growth,2026-07-21T09:00:00Z,atlas-org-growth
MongoDB,atlas_cluster,recommendations,1.7506,prod,growth,2026-07-21T10:00:00Z,atlas-org-growth
MongoDB,atlas_cluster,recommendations,1.9703,prod,growth,2026-07-21T11:00:00Z,atlas-org-growth
MongoDB,atlas_cluster,recommendations,1.9117,prod,growth,2026-07-21T12:00:00Z,atlas-org-growth
MongoDB,atlas_cluster,recommendations,1.7969,prod,growth,2026-07-21T13:00:00Z,atlas-org-growth
MongoDB,atlas_cluster,recommendations,1.8704,prod,growth,2026-07-21T14:00:00Z,atlas-org-growth
MongoDB,atlas_cluster,recommendations,1.6330,prod,growth,2026-07-21T15:00:00Z,atlas-org-growth
MongoDB,atlas_cluster,recommendations,1.8862,prod,growth,2026-07-21T16:00:00Z,atlas-org-growth
MongoDB,atlas_cluster,recommendations,1.8705,prod,growth,2026-07-21T17:00:00Z,atlas-org-growth
MongoDB,atlas_cluster,recommendations,1.9811,prod,growth,2026-07-21T18:00:00Z,atlas-org-growth
MongoDB,atlas_cluster,recommendations,1.7180,prod,growth,2026-07-21T19:00:00Z,atlas-org-growth
MongoDB,atlas_cluster,recommendations,1.7857,prod,growth,2026-07-21T20:00:00Z,atlas-org-growth
MongoDB,atlas_cluster,recommendations,1.8989,prod,growth,2026-07-21T21:00:00Z,atlas-org-growth
MongoDB,atlas_cluster,recommendations,1.8910,prod,growth,2026-07-21T22:00:00Z,atlas-org-growth
MongoDB,atlas_cluster,recommendations,1.7808,prod,growth,2026-07-21T23:00:00Z,atlas-org-growth
MongoDB,atlas_cluster,recommendations,1.9448,prod,growth,2026-07-22T00:00:00Z,atlas-org-growth
MongoDB,atlas_cluster,recommendations,1.7571,prod,growth,2026-07-22T01:00:00Z,atlas-org-growth
MongoDB,atlas_cluster,recommendations,1.8144,prod,growth,2026-07-22T02:00:00Z,atlas-org-growth
MongoDB,atlas_cluster,recommendations,1.9628,prod,growth,2026-07-22T03:00:00Z,atlas-org-growth
MongoDB,atlas_cluster,recommendations,2.0085,prod,growth,2026-07-22T04:00:00Z,atlas-org-growth
MongoDB,atlas_cluster,recommendations,1.7038,prod,growth,2026-07-22T05:00:00Z,atlas-org-growth
MongoDB,atlas_cluster,recommendations,1.6740,prod,growth,2026-07-22T06:00:00Z,atlas-org-growth
MongoDB,atlas_cluster,recommendations,1.7759,prod,growth,2026-07-22T07:00:00Z,atlas-org-growth
MongoDB,atlas_cluster,recommendations,1.8783,prod,growth,2026-07-22T08:00:00Z,atlas-org-growth
MongoDB,atlas_cluster,recommendations,1.9668,prod,growth,2026-07-22T09:00:00Z,atlas-org-growth
MongoDB,atlas_cluster,recommendations,2.0111,prod,growth,2026-07-22T10:00:00Z,atlas-org-growth
MongoDB,atlas_cluster,recommendations,1.9656,prod,growth,2026-07-22T11:00:00Z,atlas-org-growth
MongoDB,atlas_cluster,recommendations,1.9018,prod,growth,2026-07-22T12:00:00Z,atlas-org-growth
MongoDB,atlas_cluster,recommendations,2.0056,prod,growth,2026-07-22T13:00:00Z,atlas-org-growth
MongoDB,atlas_cluster,recommendations,1.7343,prod,growth,2026-07-22T14:00:00Z,atlas-org-growth
MongoDB,atlas_cluster,recommendations,2.0089,prod,growth,2026-07-22T15:00:00Z,atlas-org-growth
MongoDB,atlas_cluster,recommendations,1.7996,prod,growth,2026-07-22T16:00:00Z,atlas-org-growth
MongoDB,atlas_cluster,recommendations,1.8872,prod,growth,2026-07-22T17:00:00Z,atlas-org-growth
MongoDB,atlas_cluster,recommendations,1.8775,prod,growth,2026-07-22T18:00:00Z,atlas-org-growth
MongoDB,atlas_cluster,recommendations,1.9883,prod,growth,2026-07-22T19:00:00Z,atlas-org-growth
MongoDB,atlas_cluster,recommendations,1.7225,prod,growth,2026-07-22T20:00:00Z,atlas-org-growth
MongoDB,atlas_cluster,recommendations,1.7976,prod,growth,2026-07-22T21:00:00Z,atlas-org-growth
MongoDB,atlas_cluster,recommendations,2.0137,prod,growth,2026-07-22T22:00:00Z,atlas-org-growth
MongoDB,atlas_cluster,recommendations,2.0169,prod,growth,2026-07-22T23:00:00Z,atlas-org-growth
MongoDB,atlas_cluster,recommendations,1.9453,prod,growth,2026-07-23T00:00:00Z,atlas-org-growth
MongoDB,atlas_cluster,recommendations,1.8787,prod,growth,2026-07-23T01:00:00Z,atlas-org-growth
MongoDB,atlas_cluster,recommendations,1.7235,prod,growth,2026-07-23T02:00:00Z,atlas-org-growth
MongoDB,atlas_cluster,recommendations,2.0037,prod,growth,2026-07-23T03:00:00Z,atlas-org-growth
MongoDB,atlas_cluster,recommendations,1.9152,prod,growth,2026-07-23T04:00:00Z,atlas-org-growth
MongoDB,atlas_cluster,recommendations,1.7000,prod,growth,2026-07-23T05:00:00Z,atlas-org-growth
MongoDB,atlas_cluster,recommendations,1.7081,prod,growth,2026-07-23T06:00:00Z,atlas-org-growth
MongoDB,atlas_cluster,recommendations,1.9455,prod,growth,2026-07-23T07:00:00Z,atlas-org-growth
MongoDB,atlas_cluster,recommendations,1.8610,prod,growth,2026-07-23T08:00:00Z,atlas-org-growth
MongoDB,atlas_cluster,recommendations,1.6958,prod,growth,2026-07-23T09:00:00Z,atlas-org-growth
MongoDB,atlas_cluster,recommendations,1.9368,prod,growth,2026-07-23T10:00:00Z,atlas-org-growth
MongoDB,atlas_cluster,recommendations,1.9075,prod,growth,2026-07-23T11:00:00Z,atlas-org-growth
MongoDB,atlas_cluster,recommendations,1.8308,prod,growth,2026-07-23T12:00:00Z,atlas-org-growth
MongoDB,atlas_cluster,recommendations,1.8509,prod,growth,2026-07-23T13:00:00Z,atlas-org-growth
MongoDB,atlas_cluster,recommendations,1.9138,prod,growth,2026-07-23T14:00:00Z,atlas-org-growth
MongoDB,atlas_cluster,recommendations,2.0047,prod,growth,2026-07-23T15:00:00Z,atlas-org-growth
MongoDB,atlas_cluster,recommendations,1.7814,prod,growth,2026-07-23T16:00:00Z,atlas-org-growth
MongoDB,atlas_cluster,recommendations,1.7409,prod,growth,2026-07-23T17:00:00Z,atlas-org-growth
MongoDB,atlas_cluster,recommendations,1.9430,prod,growth,2026-07-23T18:00:00Z,atlas-org-growth
MongoDB,atlas_cluster,recommendations,2.0751,prod,growth,2026-07-23T19:00:00Z,atlas-org-growth
MongoDB,atlas_cluster,recommendations,1.8475,prod,growth,2026-07-23T20:00:00Z,atlas-org-growth
MongoDB,atlas_cluster,recommendations,1.9885,prod,growth,2026-07-23T21:00:00Z,atlas-org-growth
MongoDB,atlas_cluster,recommendations,1.9760,prod,growth,2026-07-23T22:00:00Z,atlas-org-growth
MongoDB,atlas_cluster,recommendations,1.8429,prod,growth,2026-07-23T23:00:00Z,atlas-org-growth
MongoDB,atlas_cluster,recommendations,1.8886,prod,growth,2026-07-24T00:00:00Z,atlas-org-growth
MongoDB,atlas_cluster,recommendations,2.0528,prod,growth,2026-07-24T01:00:00Z,atlas-org-growth
MongoDB,atlas_cluster,recommendations,1.8558,prod,growth,2026-07-24T02:00:00Z,atlas-org-growth
MongoDB,atlas_cluster,recommendations,1.8257,prod,growth,2026-07-24T03:00:00Z,atlas-org-growth
MongoDB,atlas_cluster,recommendations,1.8603,prod,growth,2026-07-24T04:00:00Z,atlas-org-growth
MongoDB,atlas_cluster,recommendations,2.0413,prod,growth,2026-07-24T05:00:00Z,atlas-org-growth
MongoDB,atlas_cluster,recommendations,1.7780,prod,growth,2026-07-24T06:00:00Z,atlas-org-growth
MongoDB,atlas_cluster,recommendations,2.0571,prod,growth,2026-07-24T07:00:00Z,atlas-org-growth
MongoDB,atlas_cluster,recommendations,2.0403,prod,growth,2026-07-24T08:00:00Z,atlas-org-growth
MongoDB,atlas_cluster,recommendations,1.8734,prod,growth,2026-07-24T09:00:00Z,atlas-org-growth
MongoDB,atlas_cluster,recommendations,1.8677,prod,growth,2026-07-24T10:00:00Z,atlas-org-growth
MongoDB,atlas_cluster,recommendations,1.8157,prod,growth,2026-07-24T11:00:00Z,atlas-org-growth
MongoDB,atlas_cluster,recommendations,1.7871,prod,growth,2026-07-24T12:00:00Z,atlas-org-growth
MongoDB,atlas_cluster,recommendations,1.7372,prod,growth,2026-07-24T13:00:00Z,atlas-org-growth
MongoDB,atlas_cluster,recommendations,2.0259,prod,growth,2026-07-24T14:00:00Z,atlas-org-growth
MongoDB,atlas_cluster,recommendations,2.0971,prod,growth,2026-07-24T15:00:00Z,atlas-org-growth
MongoDB,atlas_cluster,recommendations,1.8807,prod,growth,2026-07-24T16:00:00Z,atlas-org-growth
MongoDB,atlas_cluster,recommendations,1.8176,prod,growth,2026-07-24T17:00:00Z,atlas-org-growth
MongoDB,atlas_cluster,recommendations,2.0616,prod,growth,2026-07-24T18:00:00Z,atlas-org-growth
MongoDB,atlas_cluster,recommendations,1.8009,prod,growth,2026-07-24T19:00:00Z,atlas-org-growth
MongoDB,atlas_cluster,recommendations,1.8771,prod,growth,2026-07-24T20:00:00Z,atlas-org-growth
MongoDB,atlas_cluster,recommendations,2.0021,prod,growth,2026-07-24T21:00:00Z,atlas-org-growth
MongoDB,atlas_cluster,recommendations,2.0628,prod,growth,2026-07-24T22:00:00Z,atlas-org-growth
MongoDB,atlas_cluster,recommendations,1.8846,prod,growth,2026-07-24T23:00:00Z,atlas-org-growth
MongoDB,atlas_cluster,recommendations,1.9001,prod,growth,2026-07-25T00:00:00Z,atlas-org-growth
MongoDB,atlas_cluster,recommendations,1.8031,prod,growth,2026-07-25T01:00:00Z,atlas-org-growth
MongoDB,atlas_cluster,recommendations,1.7153,prod,growth,2026-07-25T02:00:00Z,atlas-org-growth
MongoDB,atlas_cluster,recommendations,1.8661,prod,growth,2026-07-25T03:00:00Z,atlas-org-growth
MongoDB,atlas_cluster,recommendations,1.8484,prod,growth,2026-07-25T04:00:00Z,atlas-org-growth
MongoDB,atlas_cluster,recommendations,1.9131,prod,growth,2026-07-25T05:00:00Z,atlas-org-growth
MongoDB,atlas_cluster,recommendations,1.8402,prod,growth,2026-07-25T06:00:00Z,atlas-org-growth
MongoDB,atlas_cluster,recommendations,1.8203,prod,growth,2026-07-25T07:00:00Z,atlas-org-growth
MongoDB,atlas_cluster,recommendations,1.8635,prod,growth,2026-07-25T08:00:00Z,atlas-org-growth
MongoDB,atlas_cluster,recommendations,1.7414,prod,growth,2026-07-25T09:00:00Z,atlas-org-growth
MongoDB,atlas_cluster,recommendations,2.0017,prod,growth,2026-07-25T10:00:00Z,atlas-org-growth
MongoDB,atlas_cluster,recommendations,1.8953,prod,growth,2026-07-25T11:00:00Z,atlas-org-growth
MongoDB,atlas_cluster,recommendations,1.8179,prod,growth,2026-07-25T12:00:00Z,atlas-org-growth
MongoDB,atlas_cluster,recommendations,1.9122,prod,growth,2026-07-25T13:00:00Z,atlas-org-growth
MongoDB,atlas_cluster,recommendations,1.7515,prod,growth,2026-07-25T14:00:00Z,atlas-org-growth
MongoDB,atlas_cluster,recommendations,1.6916,prod,growth,2026-07-25T15:00:00Z,atlas-org-growth
MongoDB,atlas_cluster,recommendations,2.0577,prod,growth,2026-07-25T16:00:00Z,atlas-org-growth
MongoDB,atlas_cluster,recommendations,1.7426,prod,growth,2026-07-25T17:00:00Z,atlas-org-growth
MongoDB,atlas_cluster,recommendations,1.9807,prod,growth,2026-07-25T18:00:00Z,atlas-org-growth
MongoDB,atlas_cluster,recommendations,1.8032,prod,growth,2026-07-25T19:00:00Z,atlas-org-growth
MongoDB,atlas_cluster,recommendations,1.9479,prod,growth,2026-07-25T20:00:00Z,atlas-org-growth
MongoDB,atlas_cluster,recommendations,1.9891,prod,growth,2026-07-25T21:00:00Z,atlas-org-growth
MongoDB,atlas_cluster,recommendations,2.0762,prod,growth,2026-07-25T22:00:00Z,atlas-org-growth
MongoDB,atlas_cluster,recommendations,1.9283,prod,growth,2026-07-25T23:00:00Z,atlas-org-growth
MongoDB,atlas_cluster,recommendations,1.9754,prod,growth,2026-07-26T00:00:00Z,atlas-org-growth
MongoDB,atlas_cluster,recommendations,1.8743,prod,growth,2026-07-26T01:00:00Z,atlas-org-growth
MongoDB,atlas_cluster,recommendations,1.8488,prod,growth,2026-07-26T02:00:00Z,atlas-org-growth
MongoDB,atlas_cluster,recommendations,1.7152,prod,growth,2026-07-26T03:00:00Z,atlas-org-growth
MongoDB,atlas_cluster,recommendations,1.8779,prod,growth,2026-07-26T04:00:00Z,atlas-org-growth
MongoDB,atlas_cluster,recommendations,1.9882,prod,growth,2026-07-26T05:00:00Z,atlas-org-growth
MongoDB,atlas_cluster,recommendations,2.0705,prod,growth,2026-07-26T06:00:00Z,atlas-org-growth
MongoDB,atlas_cluster,recommendations,1.8794,prod,growth,2026-07-26T07:00:00Z,atlas-org-growth
MongoDB,atlas_cluster,recommendations,1.8188,prod,growth,2026-07-26T08:00:00Z,atlas-org-growth
MongoDB,atlas_cluster,recommendations,2.0762,prod,growth,2026-07-26T09:00:00Z,atlas-org-growth
MongoDB,atlas_cluster,recommendations,1.9045,prod,growth,2026-07-26T10:00:00Z,atlas-org-growth
MongoDB,atlas_cluster,recommendations,2.0646,prod,growth,2026-07-26T11:00:00Z,atlas-org-growth
MongoDB,atlas_cluster,recommendations,1.9522,prod,growth,2026-07-26T12:00:00Z,atlas-org-growth
MongoDB,atlas_cluster,recommendations,2.0013,prod,growth,2026-07-26T13:00:00Z,atlas-org-growth
MongoDB,atlas_cluster,recommendations,1.9594,prod,growth,2026-07-26T14:00:00Z,atlas-org-growth
MongoDB,atlas_cluster,recommendations,1.9307,prod,growth,2026-07-26T15:00:00Z,atlas-org-growth
Azure,VirtualMachines,email-service,0.9775,prod,growth,2026-07-12T16:00:00Z,azr-sub-growth-3b8d
Azure,VirtualMachines,email-service,1.0132,prod,growth,2026-07-12T17:00:00Z,azr-sub-growth-3b8d
Azure,VirtualMachines,email-service,1.0514,prod,growth,2026-07-12T18:00:00Z,azr-sub-growth-3b8d
Azure,VirtualMachines,email-service,1.0310,prod,growth,2026-07-12T19:00:00Z,azr-sub-growth-3b8d
Azure,VirtualMachines,email-service,0.9809,prod,growth,2026-07-12T20:00:00Z,azr-sub-growth-3b8d
Azure,VirtualMachines,email-service,0.9595,prod,growth,2026-07-12T21:00:00Z,azr-sub-growth-3b8d
Azure,VirtualMachines,email-service,1.0621,prod,growth,2026-07-12T22:00:00Z,azr-sub-growth-3b8d
Azure,VirtualMachines,email-service,1.0598,prod,growth,2026-07-12T23:00:00Z,azr-sub-growth-3b8d
Azure,VirtualMachines,email-service,1.0088,prod,growth,2026-07-13T00:00:00Z,azr-sub-growth-3b8d
Azure,VirtualMachines,email-service,1.1414,prod,growth,2026-07-13T01:00:00Z,azr-sub-growth-3b8d
Azure,VirtualMachines,email-service,1.1451,prod,growth,2026-07-13T02:00:00Z,azr-sub-growth-3b8d
Azure,VirtualMachines,email-service,0.9960,prod,growth,2026-07-13T03:00:00Z,azr-sub-growth-3b8d
Azure,VirtualMachines,email-service,1.1078,prod,growth,2026-07-13T04:00:00Z,azr-sub-growth-3b8d
Azure,VirtualMachines,email-service,1.0145,prod,growth,2026-07-13T05:00:00Z,azr-sub-growth-3b8d
Azure,VirtualMachines,email-service,1.1129,prod,growth,2026-07-13T06:00:00Z,azr-sub-growth-3b8d
Azure,VirtualMachines,email-service,1.0023,prod,growth,2026-07-13T07:00:00Z,azr-sub-growth-3b8d
Azure,VirtualMachines,email-service,1.0460,prod,growth,2026-07-13T08:00:00Z,azr-sub-growth-3b8d
Azure,VirtualMachines,email-service,1.0916,prod,growth,2026-07-13T09:00:00Z,azr-sub-growth-3b8d
Azure,VirtualMachines,email-service,1.1283,prod,growth,2026-07-13T10:00:00Z,azr-sub-growth-3b8d
Azure,VirtualMachines,email-service,1.0020,prod,growth,2026-07-13T11:00:00Z,azr-sub-growth-3b8d
Azure,VirtualMachines,email-service,1.0193,prod,growth,2026-07-13T12:00:00Z,azr-sub-growth-3b8d
Azure,VirtualMachines,email-service,1.0025,prod,growth,2026-07-13T13:00:00Z,azr-sub-growth-3b8d
Azure,VirtualMachines,email-service,1.0032,prod,growth,2026-07-13T14:00:00Z,azr-sub-growth-3b8d
Azure,VirtualMachines,email-service,1.1546,prod,growth,2026-07-13T15:00:00Z,azr-sub-growth-3b8d
Azure,VirtualMachines,email-service,1.1958,prod,growth,2026-07-13T16:00:00Z,azr-sub-growth-3b8d
Azure,VirtualMachines,email-service,1.0573,prod,growth,2026-07-13T17:00:00Z,azr-sub-growth-3b8d
Azure,VirtualMachines,email-service,1.1226,prod,growth,2026-07-13T18:00:00Z,azr-sub-growth-3b8d
Azure,VirtualMachines,email-service,1.2057,prod,growth,2026-07-13T19:00:00Z,azr-sub-growth-3b8d
Azure,VirtualMachines,email-service,1.0789,prod,growth,2026-07-13T20:00:00Z,azr-sub-growth-3b8d
Azure,VirtualMachines,email-service,1.1173,prod,growth,2026-07-13T21:00:00Z,azr-sub-growth-3b8d
Azure,VirtualMachines,email-service,1.0435,prod,growth,2026-07-13T22:00:00Z,azr-sub-growth-3b8d
Azure,VirtualMachines,email-service,1.0292,prod,growth,2026-07-13T23:00:00Z,azr-sub-growth-3b8d
Azure,VirtualMachines,email-service,1.1013,prod,growth,2026-07-14T00:00:00Z,azr-sub-growth-3b8d
Azure,VirtualMachines,email-service,1.0932,prod,growth,2026-07-14T01:00:00Z,azr-sub-growth-3b8d
Azure,VirtualMachines,email-service,1.0912,prod,growth,2026-07-14T02:00:00Z,azr-sub-growth-3b8d
Azure,VirtualMachines,email-service,1.0633,prod,growth,2026-07-14T03:00:00Z,azr-sub-growth-3b8d
Azure,VirtualMachines,email-service,1.1840,prod,growth,2026-07-14T04:00:00Z,azr-sub-growth-3b8d
Azure,VirtualMachines,email-service,1.1234,prod,growth,2026-07-14T05:00:00Z,azr-sub-growth-3b8d
Azure,VirtualMachines,email-service,1.0648,prod,growth,2026-07-14T06:00:00Z,azr-sub-growth-3b8d
Azure,VirtualMachines,email-service,1.0810,prod,growth,2026-07-14T07:00:00Z,azr-sub-growth-3b8d
Azure,VirtualMachines,email-service,1.2283,prod,growth,2026-07-14T08:00:00Z,azr-sub-growth-3b8d
Azure,VirtualMachines,email-service,1.0773,prod,growth,2026-07-14T09:00:00Z,azr-sub-growth-3b8d
Azure,VirtualMachines,email-service,1.2281,prod,growth,2026-07-14T10:00:00Z,azr-sub-growth-3b8d
Azure,VirtualMachines,email-service,1.0524,prod,growth,2026-07-14T11:00:00Z,azr-sub-growth-3b8d
Azure,VirtualMachines,email-service,1.1748,prod,growth,2026-07-14T12:00:00Z,azr-sub-growth-3b8d
Azure,VirtualMachines,email-service,1.1145,prod,growth,2026-07-14T13:00:00Z,azr-sub-growth-3b8d
Azure,VirtualMachines,email-service,1.1999,prod,growth,2026-07-14T14:00:00Z,azr-sub-growth-3b8d
Azure,VirtualMachines,email-service,1.1213,prod,growth,2026-07-14T15:00:00Z,azr-sub-growth-3b8d
Azure,VirtualMachines,email-service,1.2504,prod,growth,2026-07-14T16:00:00Z,azr-sub-growth-3b8d
Azure,VirtualMachines,email-service,1.0836,prod,growth,2026-07-14T17:00:00Z,azr-sub-growth-3b8d
Azure,VirtualMachines,email-service,1.0948,prod,growth,2026-07-14T18:00:00Z,azr-sub-growth-3b8d
Azure,VirtualMachines,email-service,1.1023,prod,growth,2026-07-14T19:00:00Z,azr-sub-growth-3b8d
Azure,VirtualMachines,email-service,1.1506,prod,growth,2026-07-14T20:00:00Z,azr-sub-growth-3b8d
Azure,VirtualMachines,email-service,1.2655,prod,growth,2026-07-14T21:00:00Z,azr-sub-growth-3b8d
Azure,VirtualMachines,email-service,1.2623,prod,growth,2026-07-14T22:00:00Z,azr-sub-growth-3b8d
Azure,VirtualMachines,email-service,1.1507,prod,growth,2026-07-14T23:00:00Z,azr-sub-growth-3b8d
Azure,VirtualMachines,email-service,1.0420,prod,growth,2026-07-15T00:00:00Z,azr-sub-growth-3b8d
Azure,VirtualMachines,email-service,1.0708,prod,growth,2026-07-15T01:00:00Z,azr-sub-growth-3b8d
Azure,VirtualMachines,email-service,1.0854,prod,growth,2026-07-15T02:00:00Z,azr-sub-growth-3b8d
Azure,VirtualMachines,email-service,1.1090,prod,growth,2026-07-15T03:00:00Z,azr-sub-growth-3b8d
Azure,VirtualMachines,email-service,1.0644,prod,growth,2026-07-15T04:00:00Z,azr-sub-growth-3b8d
Azure,VirtualMachines,email-service,1.1768,prod,growth,2026-07-15T05:00:00Z,azr-sub-growth-3b8d
Azure,VirtualMachines,email-service,1.2259,prod,growth,2026-07-15T06:00:00Z,azr-sub-growth-3b8d
Azure,VirtualMachines,email-service,1.1492,prod,growth,2026-07-15T07:00:00Z,azr-sub-growth-3b8d
Azure,VirtualMachines,email-service,1.1995,prod,growth,2026-07-15T08:00:00Z,azr-sub-growth-3b8d
Azure,VirtualMachines,email-service,1.0524,prod,growth,2026-07-15T09:00:00Z,azr-sub-growth-3b8d
Azure,VirtualMachines,email-service,1.1062,prod,growth,2026-07-15T10:00:00Z,azr-sub-growth-3b8d
Azure,VirtualMachines,email-service,1.0721,prod,growth,2026-07-15T11:00:00Z,azr-sub-growth-3b8d
Azure,VirtualMachines,email-service,1.0664,prod,growth,2026-07-15T12:00:00Z,azr-sub-growth-3b8d
Azure,VirtualMachines,email-service,1.1033,prod,growth,2026-07-15T13:00:00Z,azr-sub-growth-3b8d
Azure,VirtualMachines,email-service,1.1553,prod,growth,2026-07-15T14:00:00Z,azr-sub-growth-3b8d
Azure,VirtualMachines,email-service,1.1164,prod,growth,2026-07-15T15:00:00Z,azr-sub-growth-3b8d
Azure,VirtualMachines,email-service,1.2651,prod,growth,2026-07-15T16:00:00Z,azr-sub-growth-3b8d
Azure,VirtualMachines,email-service,1.2543,prod,growth,2026-07-15T17:00:00Z,azr-sub-growth-3b8d
Azure,VirtualMachines,email-service,1.2812,prod,growth,2026-07-15T18:00:00Z,azr-sub-growth-3b8d
Azure,VirtualMachines,email-service,1.1069,prod,growth,2026-07-15T19:00:00Z,azr-sub-growth-3b8d
Azure,VirtualMachines,email-service,1.1737,prod,growth,2026-07-15T20:00:00Z,azr-sub-growth-3b8d
Azure,VirtualMachines,email-service,1.2079,prod,growth,2026-07-15T21:00:00Z,azr-sub-growth-3b8d
Azure,VirtualMachines,email-service,1.2788,prod,growth,2026-07-15T22:00:00Z,azr-sub-growth-3b8d
Azure,VirtualMachines,email-service,1.2757,prod,growth,2026-07-15T23:00:00Z,azr-sub-growth-3b8d
Azure,VirtualMachines,email-service,1.2157,prod,growth,2026-07-16T00:00:00Z,azr-sub-growth-3b8d
Azure,VirtualMachines,email-service,1.2465,prod,growth,2026-07-16T01:00:00Z,azr-sub-growth-3b8d
Azure,VirtualMachines,email-service,1.2650,prod,growth,2026-07-16T02:00:00Z,azr-sub-growth-3b8d
Azure,VirtualMachines,email-service,1.0857,prod,growth,2026-07-16T03:00:00Z,azr-sub-growth-3b8d
Azure,VirtualMachines,email-service,1.1927,prod,growth,2026-07-16T04:00:00Z,azr-sub-growth-3b8d
Azure,VirtualMachines,email-service,1.2804,prod,growth,2026-07-16T05:00:00Z,azr-sub-growth-3b8d
Azure,VirtualMachines,email-service,1.1367,prod,growth,2026-07-16T06:00:00Z,azr-sub-growth-3b8d
Azure,VirtualMachines,email-service,1.1995,prod,growth,2026-07-16T07:00:00Z,azr-sub-growth-3b8d
Azure,VirtualMachines,email-service,1.0946,prod,growth,2026-07-16T08:00:00Z,azr-sub-growth-3b8d
Azure,VirtualMachines,email-service,1.2171,prod,growth,2026-07-16T09:00:00Z,azr-sub-growth-3b8d
Azure,VirtualMachines,email-service,1.1808,prod,growth,2026-07-16T10:00:00Z,azr-sub-growth-3b8d
Azure,VirtualMachines,email-service,1.1214,prod,growth,2026-07-16T11:00:00Z,azr-sub-growth-3b8d
Azure,VirtualMachines,email-service,1.2255,prod,growth,2026-07-16T12:00:00Z,azr-sub-growth-3b8d
Azure,VirtualMachines,email-service,1.2622,prod,growth,2026-07-16T13:00:00Z,azr-sub-growth-3b8d
Azure,VirtualMachines,email-service,1.2979,prod,growth,2026-07-16T14:00:00Z,azr-sub-growth-3b8d
Azure,VirtualMachines,email-service,1.1933,prod,growth,2026-07-16T15:00:00Z,azr-sub-growth-3b8d
Azure,VirtualMachines,email-service,1.2059,prod,growth,2026-07-16T16:00:00Z,azr-sub-growth-3b8d
Azure,VirtualMachines,email-service,1.1024,prod,growth,2026-07-16T17:00:00Z,azr-sub-growth-3b8d
Azure,VirtualMachines,email-service,1.0972,prod,growth,2026-07-16T18:00:00Z,azr-sub-growth-3b8d
Azure,VirtualMachines,email-service,1.2766,prod,growth,2026-07-16T19:00:00Z,azr-sub-growth-3b8d
Azure,VirtualMachines,email-service,1.1652,prod,growth,2026-07-16T20:00:00Z,azr-sub-growth-3b8d
Azure,VirtualMachines,email-service,1.1230,prod,growth,2026-07-16T21:00:00Z,azr-sub-growth-3b8d
Azure,VirtualMachines,email-service,1.1296,prod,growth,2026-07-16T22:00:00Z,azr-sub-growth-3b8d
Azure,VirtualMachines,email-service,1.2280,prod,growth,2026-07-16T23:00:00Z,azr-sub-growth-3b8d
Azure,VirtualMachines,email-service,1.3167,prod,growth,2026-07-17T00:00:00Z,azr-sub-growth-3b8d
Azure,VirtualMachines,email-service,1.2455,prod,growth,2026-07-17T01:00:00Z,azr-sub-growth-3b8d
Azure,VirtualMachines,email-service,1.1927,prod,growth,2026-07-17T02:00:00Z,azr-sub-growth-3b8d
Azure,VirtualMachines,email-service,1.1773,prod,growth,2026-07-17T03:00:00Z,azr-sub-growth-3b8d
Azure,VirtualMachines,email-service,1.2242,prod,growth,2026-07-17T04:00:00Z,azr-sub-growth-3b8d
Azure,VirtualMachines,email-service,1.1901,prod,growth,2026-07-17T05:00:00Z,azr-sub-growth-3b8d
Azure,VirtualMachines,email-service,1.1235,prod,growth,2026-07-17T06:00:00Z,azr-sub-growth-3b8d
Azure,VirtualMachines,email-service,1.2499,prod,growth,2026-07-17T07:00:00Z,azr-sub-growth-3b8d
Azure,VirtualMachines,email-service,1.1542,prod,growth,2026-07-17T08:00:00Z,azr-sub-growth-3b8d
Azure,VirtualMachines,email-service,1.1606,prod,growth,2026-07-17T09:00:00Z,azr-sub-growth-3b8d
Azure,VirtualMachines,email-service,1.3015,prod,growth,2026-07-17T10:00:00Z,azr-sub-growth-3b8d
Azure,VirtualMachines,email-service,1.2079,prod,growth,2026-07-17T11:00:00Z,azr-sub-growth-3b8d
Azure,VirtualMachines,email-service,1.2984,prod,growth,2026-07-17T12:00:00Z,azr-sub-growth-3b8d
Azure,VirtualMachines,email-service,1.1014,prod,growth,2026-07-17T13:00:00Z,azr-sub-growth-3b8d
Azure,VirtualMachines,email-service,1.3256,prod,growth,2026-07-17T14:00:00Z,azr-sub-growth-3b8d
Azure,VirtualMachines,email-service,1.2271,prod,growth,2026-07-17T15:00:00Z,azr-sub-growth-3b8d
Azure,VirtualMachines,email-service,1.2323,prod,growth,2026-07-17T16:00:00Z,azr-sub-growth-3b8d
Azure,VirtualMachines,email-service,1.3567,prod,growth,2026-07-17T17:00:00Z,azr-sub-growth-3b8d
Azure,VirtualMachines,email-service,1.3527,prod,growth,2026-07-17T18:00:00Z,azr-sub-growth-3b8d
Azure,VirtualMachines,email-service,1.2460,prod,growth,2026-07-17T19:00:00Z,azr-sub-growth-3b8d
Azure,VirtualMachines,email-service,1.1975,prod,growth,2026-07-17T20:00:00Z,azr-sub-growth-3b8d
Azure,VirtualMachines,email-service,1.1756,prod,growth,2026-07-17T21:00:00Z,azr-sub-growth-3b8d
Azure,VirtualMachines,email-service,1.2836,prod,growth,2026-07-17T22:00:00Z,azr-sub-growth-3b8d
Azure,VirtualMachines,email-service,1.1270,prod,growth,2026-07-17T23:00:00Z,azr-sub-growth-3b8d
Azure,VirtualMachines,email-service,1.0786,prod,growth,2026-07-18T00:00:00Z,azr-sub-growth-3b8d
Azure,VirtualMachines,email-service,1.2927,prod,growth,2026-07-18T01:00:00Z,azr-sub-growth-3b8d
Azure,VirtualMachines,email-service,1.2647,prod,growth,2026-07-18T02:00:00Z,azr-sub-growth-3b8d
Azure,VirtualMachines,email-service,1.1620,prod,growth,2026-07-18T03:00:00Z,azr-sub-growth-3b8d
Azure,VirtualMachines,email-service,1.2870,prod,growth,2026-07-18T04:00:00Z,azr-sub-growth-3b8d
Azure,VirtualMachines,email-service,1.1209,prod,growth,2026-07-18T05:00:00Z,azr-sub-growth-3b8d
Azure,VirtualMachines,email-service,1.0758,prod,growth,2026-07-18T06:00:00Z,azr-sub-growth-3b8d
Azure,VirtualMachines,email-service,1.2744,prod,growth,2026-07-18T07:00:00Z,azr-sub-growth-3b8d
Azure,VirtualMachines,email-service,1.0929,prod,growth,2026-07-18T08:00:00Z,azr-sub-growth-3b8d
Azure,VirtualMachines,email-service,1.2421,prod,growth,2026-07-18T09:00:00Z,azr-sub-growth-3b8d
Azure,VirtualMachines,email-service,1.2805,prod,growth,2026-07-18T10:00:00Z,azr-sub-growth-3b8d
Azure,VirtualMachines,email-service,1.1833,prod,growth,2026-07-18T11:00:00Z,azr-sub-growth-3b8d
Azure,VirtualMachines,email-service,1.2514,prod,growth,2026-07-18T12:00:00Z,azr-sub-growth-3b8d
Azure,VirtualMachines,email-service,1.0735,prod,growth,2026-07-18T13:00:00Z,azr-sub-growth-3b8d
Azure,VirtualMachines,email-service,1.0804,prod,growth,2026-07-18T14:00:00Z,azr-sub-growth-3b8d
Azure,VirtualMachines,email-service,1.2788,prod,growth,2026-07-18T15:00:00Z,azr-sub-growth-3b8d
Azure,VirtualMachines,email-service,1.1426,prod,growth,2026-07-18T16:00:00Z,azr-sub-growth-3b8d
Azure,VirtualMachines,email-service,1.2876,prod,growth,2026-07-18T17:00:00Z,azr-sub-growth-3b8d
Azure,VirtualMachines,email-service,1.1799,prod,growth,2026-07-18T18:00:00Z,azr-sub-growth-3b8d
Azure,VirtualMachines,email-service,1.2738,prod,growth,2026-07-18T19:00:00Z,azr-sub-growth-3b8d
Azure,VirtualMachines,email-service,1.1167,prod,growth,2026-07-18T20:00:00Z,azr-sub-growth-3b8d
Azure,VirtualMachines,email-service,1.2970,prod,growth,2026-07-18T21:00:00Z,azr-sub-growth-3b8d
Azure,VirtualMachines,email-service,1.1128,prod,growth,2026-07-18T22:00:00Z,azr-sub-growth-3b8d
Azure,VirtualMachines,email-service,1.2795,prod,growth,2026-07-18T23:00:00Z,azr-sub-growth-3b8d
Azure,VirtualMachines,email-service,1.2380,prod,growth,2026-07-19T00:00:00Z,azr-sub-growth-3b8d
Azure,VirtualMachines,email-service,1.2641,prod,growth,2026-07-19T01:00:00Z,azr-sub-growth-3b8d
Azure,VirtualMachines,email-service,1.1321,prod,growth,2026-07-19T02:00:00Z,azr-sub-growth-3b8d
Azure,VirtualMachines,email-service,1.1265,prod,growth,2026-07-19T03:00:00Z,azr-sub-growth-3b8d
Azure,VirtualMachines,email-service,1.0964,prod,growth,2026-07-19T04:00:00Z,azr-sub-growth-3b8d
Azure,VirtualMachines,email-service,1.2842,prod,growth,2026-07-19T05:00:00Z,azr-sub-growth-3b8d
Azure,VirtualMachines,email-service,1.1767,prod,growth,2026-07-19T06:00:00Z,azr-sub-growth-3b8d
Azure,VirtualMachines,email-service,1.1369,prod,growth,2026-07-19T07:00:00Z,azr-sub-growth-3b8d
Azure,VirtualMachines,email-service,1.1390,prod,growth,2026-07-19T08:00:00Z,azr-sub-growth-3b8d
Azure,VirtualMachines,email-service,1.2992,prod,growth,2026-07-19T09:00:00Z,azr-sub-growth-3b8d
Azure,VirtualMachines,email-service,1.2775,prod,growth,2026-07-19T10:00:00Z,azr-sub-growth-3b8d
Azure,VirtualMachines,email-service,1.1629,prod,growth,2026-07-19T11:00:00Z,azr-sub-growth-3b8d
Azure,VirtualMachines,email-service,1.3147,prod,growth,2026-07-19T12:00:00Z,azr-sub-growth-3b8d
Azure,VirtualMachines,email-service,1.2191,prod,growth,2026-07-19T13:00:00Z,azr-sub-growth-3b8d
Azure,VirtualMachines,email-service,1.1403,prod,growth,2026-07-19T14:00:00Z,azr-sub-growth-3b8d
Azure,VirtualMachines,email-service,1.3194,prod,growth,2026-07-19T15:00:00Z,azr-sub-growth-3b8d
Azure,VirtualMachines,email-service,1.2601,prod,growth,2026-07-19T16:00:00Z,azr-sub-growth-3b8d
Azure,VirtualMachines,email-service,1.1397,prod,growth,2026-07-19T17:00:00Z,azr-sub-growth-3b8d
Azure,VirtualMachines,email-service,1.1389,prod,growth,2026-07-19T18:00:00Z,azr-sub-growth-3b8d
Azure,VirtualMachines,email-service,1.3195,prod,growth,2026-07-19T19:00:00Z,azr-sub-growth-3b8d
Azure,VirtualMachines,email-service,1.1544,prod,growth,2026-07-19T20:00:00Z,azr-sub-growth-3b8d
Azure,VirtualMachines,email-service,1.1508,prod,growth,2026-07-19T21:00:00Z,azr-sub-growth-3b8d
Azure,VirtualMachines,email-service,1.2077,prod,growth,2026-07-19T22:00:00Z,azr-sub-growth-3b8d
Azure,VirtualMachines,email-service,1.1901,prod,growth,2026-07-19T23:00:00Z,azr-sub-growth-3b8d
Azure,VirtualMachines,email-service,1.2146,prod,growth,2026-07-20T00:00:00Z,azr-sub-growth-3b8d
Azure,VirtualMachines,email-service,1.3488,prod,growth,2026-07-20T01:00:00Z,azr-sub-growth-3b8d
Azure,VirtualMachines,email-service,1.1850,prod,growth,2026-07-20T02:00:00Z,azr-sub-growth-3b8d
Azure,VirtualMachines,email-service,1.2047,prod,growth,2026-07-20T03:00:00Z,azr-sub-growth-3b8d
Azure,VirtualMachines,email-service,1.2885,prod,growth,2026-07-20T04:00:00Z,azr-sub-growth-3b8d
Azure,VirtualMachines,email-service,1.3120,prod,growth,2026-07-20T05:00:00Z,azr-sub-growth-3b8d
Azure,VirtualMachines,email-service,1.3383,prod,growth,2026-07-20T06:00:00Z,azr-sub-growth-3b8d
Azure,VirtualMachines,email-service,1.2213,prod,growth,2026-07-20T07:00:00Z,azr-sub-growth-3b8d
Azure,VirtualMachines,email-service,1.3204,prod,growth,2026-07-20T08:00:00Z,azr-sub-growth-3b8d
Azure,VirtualMachines,email-service,1.2740,prod,growth,2026-07-20T09:00:00Z,azr-sub-growth-3b8d
Azure,VirtualMachines,email-service,1.2751,prod,growth,2026-07-20T10:00:00Z,azr-sub-growth-3b8d
Azure,VirtualMachines,email-service,1.2388,prod,growth,2026-07-20T11:00:00Z,azr-sub-growth-3b8d
Azure,VirtualMachines,email-service,1.3100,prod,growth,2026-07-20T12:00:00Z,azr-sub-growth-3b8d
Azure,VirtualMachines,email-service,1.2541,prod,growth,2026-07-20T13:00:00Z,azr-sub-growth-3b8d
Azure,VirtualMachines,email-service,1.2259,prod,growth,2026-07-20T14:00:00Z,azr-sub-growth-3b8d
Azure,VirtualMachines,email-service,1.2217,prod,growth,2026-07-20T15:00:00Z,azr-sub-growth-3b8d
Azure,VirtualMachines,email-service,1.2120,prod,growth,2026-07-20T16:00:00Z,azr-sub-growth-3b8d
Azure,VirtualMachines,email-service,1.2052,prod,growth,2026-07-20T17:00:00Z,azr-sub-growth-3b8d
Azure,VirtualMachines,email-service,1.2360,prod,growth,2026-07-20T18:00:00Z,azr-sub-growth-3b8d
Azure,VirtualMachines,email-service,1.3071,prod,growth,2026-07-20T19:00:00Z,azr-sub-growth-3b8d
Azure,VirtualMachines,email-service,1.3977,prod,growth,2026-07-20T20:00:00Z,azr-sub-growth-3b8d
Azure,VirtualMachines,email-service,1.1973,prod,growth,2026-07-20T21:00:00Z,azr-sub-growth-3b8d
Azure,VirtualMachines,email-service,1.3779,prod,growth,2026-07-20T22:00:00Z,azr-sub-growth-3b8d
Azure,VirtualMachines,email-service,1.1975,prod,growth,2026-07-20T23:00:00Z,azr-sub-growth-3b8d
Azure,VirtualMachines,email-service,1.3544,prod,growth,2026-07-21T00:00:00Z,azr-sub-growth-3b8d
Azure,VirtualMachines,email-service,1.3972,prod,growth,2026-07-21T01:00:00Z,azr-sub-growth-3b8d
Azure,VirtualMachines,email-service,1.2638,prod,growth,2026-07-21T02:00:00Z,azr-sub-growth-3b8d
Azure,VirtualMachines,email-service,1.2276,prod,growth,2026-07-21T03:00:00Z,azr-sub-growth-3b8d
Azure,VirtualMachines,email-service,1.3566,prod,growth,2026-07-21T04:00:00Z,azr-sub-growth-3b8d
Azure,VirtualMachines,email-service,1.1927,prod,growth,2026-07-21T05:00:00Z,azr-sub-growth-3b8d
Azure,VirtualMachines,email-service,1.3100,prod,growth,2026-07-21T06:00:00Z,azr-sub-growth-3b8d
Azure,VirtualMachines,email-service,1.2296,prod,growth,2026-07-21T07:00:00Z,azr-sub-growth-3b8d
Azure,VirtualMachines,email-service,1.4095,prod,growth,2026-07-21T08:00:00Z,azr-sub-growth-3b8d
Azure,VirtualMachines,email-service,1.4171,prod,growth,2026-07-21T09:00:00Z,azr-sub-growth-3b8d
Azure,VirtualMachines,email-service,1.3337,prod,growth,2026-07-21T10:00:00Z,azr-sub-growth-3b8d
Azure,VirtualMachines,email-service,1.3544,prod,growth,2026-07-21T11:00:00Z,azr-sub-growth-3b8d
Azure,VirtualMachines,email-service,1.3981,prod,growth,2026-07-21T12:00:00Z,azr-sub-growth-3b8d
Azure,VirtualMachines,email-service,1.4229,prod,growth,2026-07-21T13:00:00Z,azr-sub-growth-3b8d
Azure,VirtualMachines,email-service,1.2699,prod,growth,2026-07-21T14:00:00Z,azr-sub-growth-3b8d
Azure,VirtualMachines,email-service,1.2282,prod,growth,2026-07-21T15:00:00Z,azr-sub-growth-3b8d
Azure,VirtualMachines,email-service,1.3402,prod,growth,2026-07-21T16:00:00Z,azr-sub-growth-3b8d
Azure,VirtualMachines,email-service,1.3065,prod,growth,2026-07-21T17:00:00Z,azr-sub-growth-3b8d
Azure,VirtualMachines,email-service,1.4027,prod,growth,2026-07-21T18:00:00Z,azr-sub-growth-3b8d
Azure,VirtualMachines,email-service,1.3528,prod,growth,2026-07-21T19:00:00Z,azr-sub-growth-3b8d
Azure,VirtualMachines,email-service,1.2936,prod,growth,2026-07-21T20:00:00Z,azr-sub-growth-3b8d
Azure,VirtualMachines,email-service,1.2437,prod,growth,2026-07-21T21:00:00Z,azr-sub-growth-3b8d
Azure,VirtualMachines,email-service,1.2939,prod,growth,2026-07-21T22:00:00Z,azr-sub-growth-3b8d
Azure,VirtualMachines,email-service,1.3142,prod,growth,2026-07-21T23:00:00Z,azr-sub-growth-3b8d
Azure,VirtualMachines,email-service,1.4178,prod,growth,2026-07-22T00:00:00Z,azr-sub-growth-3b8d
Azure,VirtualMachines,email-service,1.3162,prod,growth,2026-07-22T01:00:00Z,azr-sub-growth-3b8d
Azure,VirtualMachines,email-service,1.3090,prod,growth,2026-07-22T02:00:00Z,azr-sub-growth-3b8d
Azure,VirtualMachines,email-service,1.4249,prod,growth,2026-07-22T03:00:00Z,azr-sub-growth-3b8d
Azure,VirtualMachines,email-service,1.4154,prod,growth,2026-07-22T04:00:00Z,azr-sub-growth-3b8d
Azure,VirtualMachines,email-service,1.3624,prod,growth,2026-07-22T05:00:00Z,azr-sub-growth-3b8d
Azure,VirtualMachines,email-service,1.3830,prod,growth,2026-07-22T06:00:00Z,azr-sub-growth-3b8d
Azure,VirtualMachines,email-service,1.3325,prod,growth,2026-07-22T07:00:00Z,azr-sub-growth-3b8d
Azure,VirtualMachines,email-service,1.2639,prod,growth,2026-07-22T08:00:00Z,azr-sub-growth-3b8d
Azure,VirtualMachines,email-service,1.4398,prod,growth,2026-07-22T09:00:00Z,azr-sub-growth-3b8d
Azure,VirtualMachines,email-service,1.3392,prod,growth,2026-07-22T10:00:00Z,azr-sub-growth-3b8d
Azure,VirtualMachines,email-service,1.3163,prod,growth,2026-07-22T11:00:00Z,azr-sub-growth-3b8d
Azure,VirtualMachines,email-service,1.3822,prod,growth,2026-07-22T12:00:00Z,azr-sub-growth-3b8d
Azure,VirtualMachines,email-service,1.2348,prod,growth,2026-07-22T13:00:00Z,azr-sub-growth-3b8d
Azure,VirtualMachines,email-service,1.3183,prod,growth,2026-07-22T14:00:00Z,azr-sub-growth-3b8d
Azure,VirtualMachines,email-service,1.4302,prod,growth,2026-07-22T15:00:00Z,azr-sub-growth-3b8d
Azure,VirtualMachines,email-service,1.3321,prod,growth,2026-07-22T16:00:00Z,azr-sub-growth-3b8d
Azure,VirtualMachines,email-service,1.3050,prod,growth,2026-07-22T17:00:00Z,azr-sub-growth-3b8d
Azure,VirtualMachines,email-service,1.4877,prod,growth,2026-07-22T18:00:00Z,azr-sub-growth-3b8d
Azure,VirtualMachines,email-service,1.4101,prod,growth,2026-07-22T19:00:00Z,azr-sub-growth-3b8d
Azure,VirtualMachines,email-service,1.3368,prod,growth,2026-07-22T20:00:00Z,azr-sub-growth-3b8d
Azure,VirtualMachines,email-service,1.4748,prod,growth,2026-07-22T21:00:00Z,azr-sub-growth-3b8d
Azure,VirtualMachines,email-service,1.4459,prod,growth,2026-07-22T22:00:00Z,azr-sub-growth-3b8d
Azure,VirtualMachines,email-service,1.4304,prod,growth,2026-07-22T23:00:00Z,azr-sub-growth-3b8d
Azure,VirtualMachines,email-service,1.4496,prod,growth,2026-07-23T00:00:00Z,azr-sub-growth-3b8d
Azure,VirtualMachines,email-service,1.4638,prod,growth,2026-07-23T01:00:00Z,azr-sub-growth-3b8d
Azure,VirtualMachines,email-service,1.2895,prod,growth,2026-07-23T02:00:00Z,azr-sub-growth-3b8d
Azure,VirtualMachines,email-service,1.2499,prod,growth,2026-07-23T03:00:00Z,azr-sub-growth-3b8d
Azure,VirtualMachines,email-service,1.3647,prod,growth,2026-07-23T04:00:00Z,azr-sub-growth-3b8d
Azure,VirtualMachines,email-service,1.3979,prod,growth,2026-07-23T05:00:00Z,azr-sub-growth-3b8d
Azure,VirtualMachines,email-service,1.3192,prod,growth,2026-07-23T06:00:00Z,azr-sub-growth-3b8d
Azure,VirtualMachines,email-service,1.5032,prod,growth,2026-07-23T07:00:00Z,azr-sub-growth-3b8d
Azure,VirtualMachines,email-service,1.3012,prod,growth,2026-07-23T08:00:00Z,azr-sub-growth-3b8d
Azure,VirtualMachines,email-service,1.3337,prod,growth,2026-07-23T09:00:00Z,azr-sub-growth-3b8d
Azure,VirtualMachines,email-service,1.2707,prod,growth,2026-07-23T10:00:00Z,azr-sub-growth-3b8d
Azure,VirtualMachines,email-service,1.4624,prod,growth,2026-07-23T11:00:00Z,azr-sub-growth-3b8d
Azure,VirtualMachines,email-service,1.4899,prod,growth,2026-07-23T12:00:00Z,azr-sub-growth-3b8d
Azure,VirtualMachines,email-service,1.5031,prod,growth,2026-07-23T13:00:00Z,azr-sub-growth-3b8d
Azure,VirtualMachines,email-service,1.3924,prod,growth,2026-07-23T14:00:00Z,azr-sub-growth-3b8d
Azure,VirtualMachines,email-service,1.2377,prod,growth,2026-07-23T15:00:00Z,azr-sub-growth-3b8d
Azure,VirtualMachines,email-service,1.4306,prod,growth,2026-07-23T16:00:00Z,azr-sub-growth-3b8d
Azure,VirtualMachines,email-service,1.3467,prod,growth,2026-07-23T17:00:00Z,azr-sub-growth-3b8d
Azure,VirtualMachines,email-service,1.3467,prod,growth,2026-07-23T18:00:00Z,azr-sub-growth-3b8d
Azure,VirtualMachines,email-service,1.3466,prod,growth,2026-07-23T19:00:00Z,azr-sub-growth-3b8d
Azure,VirtualMachines,email-service,1.4628,prod,growth,2026-07-23T20:00:00Z,azr-sub-growth-3b8d
Azure,VirtualMachines,email-service,1.3507,prod,growth,2026-07-23T21:00:00Z,azr-sub-growth-3b8d
Azure,VirtualMachines,email-service,1.3794,prod,growth,2026-07-23T22:00:00Z,azr-sub-growth-3b8d
Azure,VirtualMachines,email-service,1.3375,prod,growth,2026-07-23T23:00:00Z,azr-sub-growth-3b8d
Azure,VirtualMachines,email-service,1.3633,prod,growth,2026-07-24T00:00:00Z,azr-sub-growth-3b8d
Azure,VirtualMachines,email-service,1.4848,prod,growth,2026-07-24T01:00:00Z,azr-sub-growth-3b8d
Azure,VirtualMachines,email-service,1.5112,prod,growth,2026-07-24T02:00:00Z,azr-sub-growth-3b8d
Azure,VirtualMachines,email-service,1.3141,prod,growth,2026-07-24T03:00:00Z,azr-sub-growth-3b8d
Azure,VirtualMachines,email-service,1.3921,prod,growth,2026-07-24T04:00:00Z,azr-sub-growth-3b8d
Azure,VirtualMachines,email-service,1.3172,prod,growth,2026-07-24T05:00:00Z,azr-sub-growth-3b8d
Azure,VirtualMachines,email-service,1.4762,prod,growth,2026-07-24T06:00:00Z,azr-sub-growth-3b8d
Azure,VirtualMachines,email-service,1.2674,prod,growth,2026-07-24T07:00:00Z,azr-sub-growth-3b8d
Azure,VirtualMachines,email-service,1.3573,prod,growth,2026-07-24T08:00:00Z,azr-sub-growth-3b8d
Azure,VirtualMachines,email-service,1.3073,prod,growth,2026-07-24T09:00:00Z,azr-sub-growth-3b8d
Azure,VirtualMachines,email-service,1.4643,prod,growth,2026-07-24T10:00:00Z,azr-sub-growth-3b8d
Azure,VirtualMachines,email-service,1.4158,prod,growth,2026-07-24T11:00:00Z,azr-sub-growth-3b8d
Azure,VirtualMachines,email-service,1.3018,prod,growth,2026-07-24T12:00:00Z,azr-sub-growth-3b8d
Azure,VirtualMachines,email-service,1.3894,prod,growth,2026-07-24T13:00:00Z,azr-sub-growth-3b8d
Azure,VirtualMachines,email-service,1.4160,prod,growth,2026-07-24T14:00:00Z,azr-sub-growth-3b8d
Azure,VirtualMachines,email-service,1.3165,prod,growth,2026-07-24T15:00:00Z,azr-sub-growth-3b8d
Azure,VirtualMachines,email-service,1.5692,prod,growth,2026-07-24T16:00:00Z,azr-sub-growth-3b8d
Azure,VirtualMachines,email-service,1.5499,prod,growth,2026-07-24T17:00:00Z,azr-sub-growth-3b8d
Azure,VirtualMachines,email-service,1.3747,prod,growth,2026-07-24T18:00:00Z,azr-sub-growth-3b8d
Azure,VirtualMachines,email-service,1.4660,prod,growth,2026-07-24T19:00:00Z,azr-sub-growth-3b8d
Azure,VirtualMachines,email-service,1.4211,prod,growth,2026-07-24T20:00:00Z,azr-sub-growth-3b8d
Azure,VirtualMachines,email-service,1.3491,prod,growth,2026-07-24T21:00:00Z,azr-sub-growth-3b8d
Azure,VirtualMachines,email-service,1.4839,prod,growth,2026-07-24T22:00:00Z,azr-sub-growth-3b8d
Azure,VirtualMachines,email-service,1.3342,prod,growth,2026-07-24T23:00:00Z,azr-sub-growth-3b8d
Azure,VirtualMachines,email-service,1.3593,prod,growth,2026-07-25T00:00:00Z,azr-sub-growth-3b8d
Azure,VirtualMachines,email-service,1.2767,prod,growth,2026-07-25T01:00:00Z,azr-sub-growth-3b8d
Azure,VirtualMachines,email-service,1.3548,prod,growth,2026-07-25T02:00:00Z,azr-sub-growth-3b8d
Azure,VirtualMachines,email-service,1.4045,prod,growth,2026-07-25T03:00:00Z,azr-sub-growth-3b8d
Azure,VirtualMachines,email-service,1.2445,prod,growth,2026-07-25T04:00:00Z,azr-sub-growth-3b8d
Azure,VirtualMachines,email-service,1.3226,prod,growth,2026-07-25T05:00:00Z,azr-sub-growth-3b8d
Azure,VirtualMachines,email-service,1.3096,prod,growth,2026-07-25T06:00:00Z,azr-sub-growth-3b8d
Azure,VirtualMachines,email-service,1.3504,prod,growth,2026-07-25T07:00:00Z,azr-sub-growth-3b8d
Azure,VirtualMachines,email-service,1.4152,prod,growth,2026-07-25T08:00:00Z,azr-sub-growth-3b8d
Azure,VirtualMachines,email-service,1.4038,prod,growth,2026-07-25T09:00:00Z,azr-sub-growth-3b8d
Azure,VirtualMachines,email-service,1.3583,prod,growth,2026-07-25T10:00:00Z,azr-sub-growth-3b8d
Azure,VirtualMachines,email-service,1.2809,prod,growth,2026-07-25T11:00:00Z,azr-sub-growth-3b8d
Azure,VirtualMachines,email-service,1.3555,prod,growth,2026-07-25T12:00:00Z,azr-sub-growth-3b8d
Azure,VirtualMachines,email-service,1.2515,prod,growth,2026-07-25T13:00:00Z,azr-sub-growth-3b8d
Azure,VirtualMachines,email-service,1.3285,prod,growth,2026-07-25T14:00:00Z,azr-sub-growth-3b8d
Azure,VirtualMachines,email-service,1.2922,prod,growth,2026-07-25T15:00:00Z,azr-sub-growth-3b8d
Azure,VirtualMachines,email-service,1.4020,prod,growth,2026-07-25T16:00:00Z,azr-sub-growth-3b8d
Azure,VirtualMachines,email-service,1.5105,prod,growth,2026-07-25T17:00:00Z,azr-sub-growth-3b8d
Azure,VirtualMachines,email-service,1.4621,prod,growth,2026-07-25T18:00:00Z,azr-sub-growth-3b8d
Azure,VirtualMachines,email-service,1.3177,prod,growth,2026-07-25T19:00:00Z,azr-sub-growth-3b8d
Azure,VirtualMachines,email-service,1.4848,prod,growth,2026-07-25T20:00:00Z,azr-sub-growth-3b8d
Azure,VirtualMachines,email-service,1.3881,prod,growth,2026-07-25T21:00:00Z,azr-sub-growth-3b8d
Azure,VirtualMachines,email-service,1.5220,prod,growth,2026-07-25T22:00:00Z,azr-sub-growth-3b8d
Azure,VirtualMachines,email-service,1.3665,prod,growth,2026-07-25T23:00:00Z,azr-sub-growth-3b8d
Azure,VirtualMachines,email-service,1.4839,prod,growth,2026-07-26T00:00:00Z,azr-sub-growth-3b8d
Azure,VirtualMachines,email-service,1.3030,prod,growth,2026-07-26T01:00:00Z,azr-sub-growth-3b8d
Azure,VirtualMachines,email-service,1.3815,prod,growth,2026-07-26T02:00:00Z,azr-sub-growth-3b8d
Azure,VirtualMachines,email-service,1.3213,prod,growth,2026-07-26T03:00:00Z,azr-sub-growth-3b8d
Azure,VirtualMachines,email-service,1.3920,prod,growth,2026-07-26T04:00:00Z,azr-sub-growth-3b8d
Azure,VirtualMachines,email-service,1.3411,prod,growth,2026-07-26T05:00:00Z,azr-sub-growth-3b8d
Azure,VirtualMachines,email-service,1.3202,prod,growth,2026-07-26T06:00:00Z,azr-sub-growth-3b8d
Azure,VirtualMachines,email-service,1.2606,prod,growth,2026-07-26T07:00:00Z,azr-sub-growth-3b8d
Azure,VirtualMachines,email-service,1.2723,prod,growth,2026-07-26T08:00:00Z,azr-sub-growth-3b8d
Azure,VirtualMachines,email-service,1.3831,prod,growth,2026-07-26T09:00:00Z,azr-sub-growth-3b8d
Azure,VirtualMachines,email-service,1.4967,prod,growth,2026-07-26T10:00:00Z,azr-sub-growth-3b8d
Azure,VirtualMachines,email-service,1.4511,prod,growth,2026-07-26T11:00:00Z,azr-sub-growth-3b8d
Azure,VirtualMachines,email-service,1.3032,prod,growth,2026-07-26T12:00:00Z,azr-sub-growth-3b8d
Azure,VirtualMachines,email-service,1.3877,prod,growth,2026-07-26T13:00:00Z,azr-sub-growth-3b8d
Azure,VirtualMachines,email-service,1.5012,prod,growth,2026-07-26T14:00:00Z,azr-sub-growth-3b8d
Azure,VirtualMachines,email-service,1.4320,prod,growth,2026-07-26T15:00:00Z,azr-sub-growth-3b8d
Datadog,log_ingested,email-service,0.3250,prod,growth,2026-07-12T16:00:00Z,dd-org-main
Datadog,log_ingested,email-service,0.2622,prod,growth,2026-07-12T17:00:00Z,dd-org-main
Datadog,log_ingested,email-service,0.2782,prod,growth,2026-07-12T18:00:00Z,dd-org-main
Datadog,log_ingested,email-service,0.2442,prod,growth,2026-07-12T19:00:00Z,dd-org-main
Datadog,log_ingested,email-service,0.2274,prod,growth,2026-07-12T20:00:00Z,dd-org-main
Datadog,log_ingested,email-service,0.2261,prod,growth,2026-07-12T21:00:00Z,dd-org-main
Datadog,log_ingested,email-service,0.2148,prod,growth,2026-07-12T22:00:00Z,dd-org-main
Datadog,log_ingested,email-service,0.2325,prod,growth,2026-07-12T23:00:00Z,dd-org-main
Datadog,log_ingested,email-service,0.2983,prod,growth,2026-07-13T00:00:00Z,dd-org-main
Datadog,log_ingested,email-service,0.3031,prod,growth,2026-07-13T01:00:00Z,dd-org-main
Datadog,log_ingested,email-service,0.2951,prod,growth,2026-07-13T02:00:00Z,dd-org-main
Datadog,log_ingested,email-service,0.3414,prod,growth,2026-07-13T03:00:00Z,dd-org-main
Datadog,log_ingested,email-service,0.3059,prod,growth,2026-07-13T04:00:00Z,dd-org-main
Datadog,log_ingested,email-service,0.3235,prod,growth,2026-07-13T05:00:00Z,dd-org-main
Datadog,log_ingested,email-service,0.3039,prod,growth,2026-07-13T06:00:00Z,dd-org-main
Datadog,log_ingested,email-service,0.3252,prod,growth,2026-07-13T07:00:00Z,dd-org-main
Datadog,log_ingested,email-service,0.3549,prod,growth,2026-07-13T08:00:00Z,dd-org-main
Datadog,log_ingested,email-service,0.4322,prod,growth,2026-07-13T09:00:00Z,dd-org-main
Datadog,log_ingested,email-service,0.4509,prod,growth,2026-07-13T10:00:00Z,dd-org-main
Datadog,log_ingested,email-service,0.4530,prod,growth,2026-07-13T11:00:00Z,dd-org-main
Datadog,log_ingested,email-service,0.4810,prod,growth,2026-07-13T12:00:00Z,dd-org-main
Datadog,log_ingested,email-service,0.5490,prod,growth,2026-07-13T13:00:00Z,dd-org-main
Datadog,log_ingested,email-service,0.4520,prod,growth,2026-07-13T14:00:00Z,dd-org-main
Datadog,log_ingested,email-service,0.4787,prod,growth,2026-07-13T15:00:00Z,dd-org-main
Datadog,log_ingested,email-service,0.5020,prod,growth,2026-07-13T16:00:00Z,dd-org-main
Datadog,log_ingested,email-service,0.3944,prod,growth,2026-07-13T17:00:00Z,dd-org-main
Datadog,log_ingested,email-service,0.4098,prod,growth,2026-07-13T18:00:00Z,dd-org-main
Datadog,log_ingested,email-service,0.3353,prod,growth,2026-07-13T19:00:00Z,dd-org-main
Datadog,log_ingested,email-service,0.3131,prod,growth,2026-07-13T20:00:00Z,dd-org-main
Datadog,log_ingested,email-service,0.3260,prod,growth,2026-07-13T21:00:00Z,dd-org-main
Datadog,log_ingested,email-service,0.3533,prod,growth,2026-07-13T22:00:00Z,dd-org-main
Datadog,log_ingested,email-service,0.3384,prod,growth,2026-07-13T23:00:00Z,dd-org-main
Datadog,log_ingested,email-service,0.3268,prod,growth,2026-07-14T00:00:00Z,dd-org-main
Datadog,log_ingested,email-service,0.3543,prod,growth,2026-07-14T01:00:00Z,dd-org-main
Datadog,log_ingested,email-service,0.3562,prod,growth,2026-07-14T02:00:00Z,dd-org-main
Datadog,log_ingested,email-service,0.3499,prod,growth,2026-07-14T03:00:00Z,dd-org-main
Datadog,log_ingested,email-service,0.3518,prod,growth,2026-07-14T04:00:00Z,dd-org-main
Datadog,log_ingested,email-service,0.3184,prod,growth,2026-07-14T05:00:00Z,dd-org-main
Datadog,log_ingested,email-service,0.3377,prod,growth,2026-07-14T06:00:00Z,dd-org-main
Datadog,log_ingested,email-service,0.3027,prod,growth,2026-07-14T07:00:00Z,dd-org-main
Datadog,log_ingested,email-service,0.3644,prod,growth,2026-07-14T08:00:00Z,dd-org-main
Datadog,log_ingested,email-service,0.4257,prod,growth,2026-07-14T09:00:00Z,dd-org-main
Datadog,log_ingested,email-service,0.4227,prod,growth,2026-07-14T10:00:00Z,dd-org-main
Datadog,log_ingested,email-service,0.4691,prod,growth,2026-07-14T11:00:00Z,dd-org-main
Datadog,log_ingested,email-service,0.5472,prod,growth,2026-07-14T12:00:00Z,dd-org-main
Datadog,log_ingested,email-service,0.5269,prod,growth,2026-07-14T13:00:00Z,dd-org-main
Datadog,log_ingested,email-service,0.5414,prod,growth,2026-07-14T14:00:00Z,dd-org-main
Datadog,log_ingested,email-service,0.4993,prod,growth,2026-07-14T15:00:00Z,dd-org-main
Datadog,log_ingested,email-service,0.4485,prod,growth,2026-07-14T16:00:00Z,dd-org-main
Datadog,log_ingested,email-service,0.4596,prod,growth,2026-07-14T17:00:00Z,dd-org-main
Datadog,log_ingested,email-service,0.4089,prod,growth,2026-07-14T18:00:00Z,dd-org-main
Datadog,log_ingested,email-service,0.3240,prod,growth,2026-07-14T19:00:00Z,dd-org-main
Datadog,log_ingested,email-service,0.3356,prod,growth,2026-07-14T20:00:00Z,dd-org-main
Datadog,log_ingested,email-service,0.3459,prod,growth,2026-07-14T21:00:00Z,dd-org-main
Datadog,log_ingested,email-service,0.3399,prod,growth,2026-07-14T22:00:00Z,dd-org-main
Datadog,log_ingested,email-service,0.3199,prod,growth,2026-07-14T23:00:00Z,dd-org-main
Datadog,log_ingested,email-service,0.3063,prod,growth,2026-07-15T00:00:00Z,dd-org-main
Datadog,log_ingested,email-service,0.3666,prod,growth,2026-07-15T01:00:00Z,dd-org-main
Datadog,log_ingested,email-service,0.3488,prod,growth,2026-07-15T02:00:00Z,dd-org-main
Datadog,log_ingested,email-service,0.3269,prod,growth,2026-07-15T03:00:00Z,dd-org-main
Datadog,log_ingested,email-service,0.3687,prod,growth,2026-07-15T04:00:00Z,dd-org-main
Datadog,log_ingested,email-service,0.3393,prod,growth,2026-07-15T05:00:00Z,dd-org-main
Datadog,log_ingested,email-service,0.3128,prod,growth,2026-07-15T06:00:00Z,dd-org-main
Datadog,log_ingested,email-service,0.3038,prod,growth,2026-07-15T07:00:00Z,dd-org-main
Datadog,log_ingested,email-service,0.3522,prod,growth,2026-07-15T08:00:00Z,dd-org-main
Datadog,log_ingested,email-service,0.4090,prod,growth,2026-07-15T09:00:00Z,dd-org-main
Datadog,log_ingested,email-service,0.5048,prod,growth,2026-07-15T10:00:00Z,dd-org-main
Datadog,log_ingested,email-service,0.5264,prod,growth,2026-07-15T11:00:00Z,dd-org-main
Datadog,log_ingested,email-service,0.5595,prod,growth,2026-07-15T12:00:00Z,dd-org-main
Datadog,log_ingested,email-service,0.5105,prod,growth,2026-07-15T13:00:00Z,dd-org-main
Datadog,log_ingested,email-service,0.4737,prod,growth,2026-07-15T14:00:00Z,dd-org-main
Datadog,log_ingested,email-service,0.5410,prod,growth,2026-07-15T15:00:00Z,dd-org-main
Datadog,log_ingested,email-service,0.4360,prod,growth,2026-07-15T16:00:00Z,dd-org-main
Datadog,log_ingested,email-service,0.4074,prod,growth,2026-07-15T17:00:00Z,dd-org-main
Datadog,log_ingested,email-service,0.4190,prod,growth,2026-07-15T18:00:00Z,dd-org-main
Datadog,log_ingested,email-service,0.3637,prod,growth,2026-07-15T19:00:00Z,dd-org-main
Datadog,log_ingested,email-service,0.3188,prod,growth,2026-07-15T20:00:00Z,dd-org-main
Datadog,log_ingested,email-service,0.3373,prod,growth,2026-07-15T21:00:00Z,dd-org-main
Datadog,log_ingested,email-service,0.3348,prod,growth,2026-07-15T22:00:00Z,dd-org-main
Datadog,log_ingested,email-service,0.3138,prod,growth,2026-07-15T23:00:00Z,dd-org-main
Datadog,log_ingested,email-service,0.3439,prod,growth,2026-07-16T00:00:00Z,dd-org-main
Datadog,log_ingested,email-service,0.3154,prod,growth,2026-07-16T01:00:00Z,dd-org-main
Datadog,log_ingested,email-service,0.3657,prod,growth,2026-07-16T02:00:00Z,dd-org-main
Datadog,log_ingested,email-service,0.3777,prod,growth,2026-07-16T03:00:00Z,dd-org-main
Datadog,log_ingested,email-service,0.3241,prod,growth,2026-07-16T04:00:00Z,dd-org-main
Datadog,log_ingested,email-service,0.3134,prod,growth,2026-07-16T05:00:00Z,dd-org-main
Datadog,log_ingested,email-service,0.3632,prod,growth,2026-07-16T06:00:00Z,dd-org-main
Datadog,log_ingested,email-service,0.3588,prod,growth,2026-07-16T07:00:00Z,dd-org-main
Datadog,log_ingested,email-service,0.4075,prod,growth,2026-07-16T08:00:00Z,dd-org-main
Datadog,log_ingested,email-service,0.4049,prod,growth,2026-07-16T09:00:00Z,dd-org-main
Datadog,log_ingested,email-service,0.4940,prod,growth,2026-07-16T10:00:00Z,dd-org-main
Datadog,log_ingested,email-service,0.4964,prod,growth,2026-07-16T11:00:00Z,dd-org-main
Datadog,log_ingested,email-service,0.5000,prod,growth,2026-07-16T12:00:00Z,dd-org-main
Datadog,log_ingested,email-service,0.4978,prod,growth,2026-07-16T13:00:00Z,dd-org-main
Datadog,log_ingested,email-service,0.5257,prod,growth,2026-07-16T14:00:00Z,dd-org-main
Datadog,log_ingested,email-service,0.4698,prod,growth,2026-07-16T15:00:00Z,dd-org-main
Datadog,log_ingested,email-service,0.5167,prod,growth,2026-07-16T16:00:00Z,dd-org-main
Datadog,log_ingested,email-service,0.4780,prod,growth,2026-07-16T17:00:00Z,dd-org-main
Datadog,log_ingested,email-service,0.4272,prod,growth,2026-07-16T18:00:00Z,dd-org-main
Datadog,log_ingested,email-service,0.3171,prod,growth,2026-07-16T19:00:00Z,dd-org-main
Datadog,log_ingested,email-service,0.3546,prod,growth,2026-07-16T20:00:00Z,dd-org-main
Datadog,log_ingested,email-service,0.3231,prod,growth,2026-07-16T21:00:00Z,dd-org-main
Datadog,log_ingested,email-service,0.3821,prod,growth,2026-07-16T22:00:00Z,dd-org-main
Datadog,log_ingested,email-service,0.3267,prod,growth,2026-07-16T23:00:00Z,dd-org-main
Datadog,log_ingested,email-service,0.3802,prod,growth,2026-07-17T00:00:00Z,dd-org-main
Datadog,log_ingested,email-service,0.3255,prod,growth,2026-07-17T01:00:00Z,dd-org-main
Datadog,log_ingested,email-service,0.3480,prod,growth,2026-07-17T02:00:00Z,dd-org-main
Datadog,log_ingested,email-service,0.3561,prod,growth,2026-07-17T03:00:00Z,dd-org-main
Datadog,log_ingested,email-service,0.3446,prod,growth,2026-07-17T04:00:00Z,dd-org-main
Datadog,log_ingested,email-service,0.3235,prod,growth,2026-07-17T05:00:00Z,dd-org-main
Datadog,log_ingested,email-service,0.3682,prod,growth,2026-07-17T06:00:00Z,dd-org-main
Datadog,log_ingested,email-service,0.3667,prod,growth,2026-07-17T07:00:00Z,dd-org-main
Datadog,log_ingested,email-service,0.3799,prod,growth,2026-07-17T08:00:00Z,dd-org-main
Datadog,log_ingested,email-service,0.4393,prod,growth,2026-07-17T09:00:00Z,dd-org-main
Datadog,log_ingested,email-service,0.4784,prod,growth,2026-07-17T10:00:00Z,dd-org-main
Datadog,log_ingested,email-service,0.5718,prod,growth,2026-07-17T11:00:00Z,dd-org-main
Datadog,log_ingested,email-service,0.5270,prod,growth,2026-07-17T12:00:00Z,dd-org-main
Datadog,log_ingested,email-service,0.5566,prod,growth,2026-07-17T13:00:00Z,dd-org-main
Datadog,log_ingested,email-service,0.5345,prod,growth,2026-07-17T14:00:00Z,dd-org-main
Datadog,log_ingested,email-service,0.5333,prod,growth,2026-07-17T15:00:00Z,dd-org-main
Datadog,log_ingested,email-service,0.4551,prod,growth,2026-07-17T16:00:00Z,dd-org-main
Datadog,log_ingested,email-service,0.5007,prod,growth,2026-07-17T17:00:00Z,dd-org-main
Datadog,log_ingested,email-service,0.3803,prod,growth,2026-07-17T18:00:00Z,dd-org-main
Datadog,log_ingested,email-service,0.3856,prod,growth,2026-07-17T19:00:00Z,dd-org-main
Datadog,log_ingested,email-service,0.3736,prod,growth,2026-07-17T20:00:00Z,dd-org-main
Datadog,log_ingested,email-service,0.3830,prod,growth,2026-07-17T21:00:00Z,dd-org-main
Datadog,log_ingested,email-service,0.3917,prod,growth,2026-07-17T22:00:00Z,dd-org-main
Datadog,log_ingested,email-service,0.3876,prod,growth,2026-07-17T23:00:00Z,dd-org-main
Datadog,log_ingested,email-service,0.2769,prod,growth,2026-07-18T00:00:00Z,dd-org-main
Datadog,log_ingested,email-service,0.2656,prod,growth,2026-07-18T01:00:00Z,dd-org-main
Datadog,log_ingested,email-service,0.2284,prod,growth,2026-07-18T02:00:00Z,dd-org-main
Datadog,log_ingested,email-service,0.2755,prod,growth,2026-07-18T03:00:00Z,dd-org-main
Datadog,log_ingested,email-service,0.2500,prod,growth,2026-07-18T04:00:00Z,dd-org-main
Datadog,log_ingested,email-service,0.2546,prod,growth,2026-07-18T05:00:00Z,dd-org-main
Datadog,log_ingested,email-service,0.2519,prod,growth,2026-07-18T06:00:00Z,dd-org-main
Datadog,log_ingested,email-service,0.2394,prod,growth,2026-07-18T07:00:00Z,dd-org-main
Datadog,log_ingested,email-service,0.3040,prod,growth,2026-07-18T08:00:00Z,dd-org-main
Datadog,log_ingested,email-service,0.3338,prod,growth,2026-07-18T09:00:00Z,dd-org-main
Datadog,log_ingested,email-service,0.3706,prod,growth,2026-07-18T10:00:00Z,dd-org-main
Datadog,log_ingested,email-service,0.3401,prod,growth,2026-07-18T11:00:00Z,dd-org-main
Datadog,log_ingested,email-service,0.3986,prod,growth,2026-07-18T12:00:00Z,dd-org-main
Datadog,log_ingested,email-service,0.4242,prod,growth,2026-07-18T13:00:00Z,dd-org-main
Datadog,log_ingested,email-service,0.4190,prod,growth,2026-07-18T14:00:00Z,dd-org-main
Datadog,log_ingested,email-service,0.4078,prod,growth,2026-07-18T15:00:00Z,dd-org-main
Datadog,log_ingested,email-service,0.3344,prod,growth,2026-07-18T16:00:00Z,dd-org-main
Datadog,log_ingested,email-service,0.3117,prod,growth,2026-07-18T17:00:00Z,dd-org-main
Datadog,log_ingested,email-service,0.3064,prod,growth,2026-07-18T18:00:00Z,dd-org-main
Datadog,log_ingested,email-service,0.2399,prod,growth,2026-07-18T19:00:00Z,dd-org-main
Datadog,log_ingested,email-service,0.2387,prod,growth,2026-07-18T20:00:00Z,dd-org-main
Datadog,log_ingested,email-service,0.2639,prod,growth,2026-07-18T21:00:00Z,dd-org-main
Datadog,log_ingested,email-service,0.2465,prod,growth,2026-07-18T22:00:00Z,dd-org-main
Datadog,log_ingested,email-service,0.2614,prod,growth,2026-07-18T23:00:00Z,dd-org-main
Datadog,log_ingested,email-service,0.2371,prod,growth,2026-07-19T00:00:00Z,dd-org-main
Datadog,log_ingested,email-service,0.2357,prod,growth,2026-07-19T01:00:00Z,dd-org-main
Datadog,log_ingested,email-service,0.2540,prod,growth,2026-07-19T02:00:00Z,dd-org-main
Datadog,log_ingested,email-service,0.2496,prod,growth,2026-07-19T03:00:00Z,dd-org-main
Datadog,log_ingested,email-service,0.2788,prod,growth,2026-07-19T04:00:00Z,dd-org-main
Datadog,log_ingested,email-service,0.2499,prod,growth,2026-07-19T05:00:00Z,dd-org-main
Datadog,log_ingested,email-service,0.2714,prod,growth,2026-07-19T06:00:00Z,dd-org-main
Datadog,log_ingested,email-service,0.2602,prod,growth,2026-07-19T07:00:00Z,dd-org-main
Datadog,log_ingested,email-service,0.3178,prod,growth,2026-07-19T08:00:00Z,dd-org-main
Datadog,log_ingested,email-service,0.3286,prod,growth,2026-07-19T09:00:00Z,dd-org-main
Datadog,log_ingested,email-service,0.3404,prod,growth,2026-07-19T10:00:00Z,dd-org-main
Datadog,log_ingested,email-service,0.3927,prod,growth,2026-07-19T11:00:00Z,dd-org-main
Datadog,log_ingested,email-service,0.4247,prod,growth,2026-07-19T12:00:00Z,dd-org-main
Datadog,log_ingested,email-service,0.4088,prod,growth,2026-07-19T13:00:00Z,dd-org-main
Datadog,log_ingested,email-service,0.3706,prod,growth,2026-07-19T14:00:00Z,dd-org-main
Datadog,log_ingested,email-service,0.3650,prod,growth,2026-07-19T15:00:00Z,dd-org-main
Datadog,log_ingested,email-service,0.3810,prod,growth,2026-07-19T16:00:00Z,dd-org-main
Datadog,log_ingested,email-service,0.3477,prod,growth,2026-07-19T17:00:00Z,dd-org-main
Datadog,log_ingested,email-service,0.3098,prod,growth,2026-07-19T18:00:00Z,dd-org-main
Datadog,log_ingested,email-service,0.2429,prod,growth,2026-07-19T19:00:00Z,dd-org-main
Datadog,log_ingested,email-service,0.2640,prod,growth,2026-07-19T20:00:00Z,dd-org-main
Datadog,log_ingested,email-service,0.2454,prod,growth,2026-07-19T21:00:00Z,dd-org-main
Datadog,log_ingested,email-service,0.2507,prod,growth,2026-07-19T22:00:00Z,dd-org-main
Datadog,log_ingested,email-service,0.2602,prod,growth,2026-07-19T23:00:00Z,dd-org-main
Datadog,log_ingested,email-service,0.4037,prod,growth,2026-07-20T00:00:00Z,dd-org-main
Datadog,log_ingested,email-service,0.3942,prod,growth,2026-07-20T01:00:00Z,dd-org-main
Datadog,log_ingested,email-service,0.3462,prod,growth,2026-07-20T02:00:00Z,dd-org-main
Datadog,log_ingested,email-service,0.3743,prod,growth,2026-07-20T03:00:00Z,dd-org-main
Datadog,log_ingested,email-service,0.3774,prod,growth,2026-07-20T04:00:00Z,dd-org-main
Datadog,log_ingested,email-service,0.3981,prod,growth,2026-07-20T05:00:00Z,dd-org-main
Datadog,log_ingested,email-service,0.3939,prod,growth,2026-07-20T06:00:00Z,dd-org-main
Datadog,log_ingested,email-service,0.3872,prod,growth,2026-07-20T07:00:00Z,dd-org-main
Datadog,log_ingested,email-service,0.4639,prod,growth,2026-07-20T08:00:00Z,dd-org-main
Datadog,log_ingested,email-service,0.4727,prod,growth,2026-07-20T09:00:00Z,dd-org-main
Datadog,log_ingested,email-service,0.5118,prod,growth,2026-07-20T10:00:00Z,dd-org-main
Datadog,log_ingested,email-service,0.5414,prod,growth,2026-07-20T11:00:00Z,dd-org-main
Datadog,log_ingested,email-service,0.5383,prod,growth,2026-07-20T12:00:00Z,dd-org-main
Datadog,log_ingested,email-service,0.6311,prod,growth,2026-07-20T13:00:00Z,dd-org-main
Datadog,log_ingested,email-service,0.5927,prod,growth,2026-07-20T14:00:00Z,dd-org-main
Datadog,log_ingested,email-service,0.5471,prod,growth,2026-07-20T15:00:00Z,dd-org-main
Datadog,log_ingested,email-service,0.5795,prod,growth,2026-07-20T16:00:00Z,dd-org-main
Datadog,log_ingested,email-service,0.4450,prod,growth,2026-07-20T17:00:00Z,dd-org-main
Datadog,log_ingested,email-service,0.4478,prod,growth,2026-07-20T18:00:00Z,dd-org-main
Datadog,log_ingested,email-service,0.3844,prod,growth,2026-07-20T19:00:00Z,dd-org-main
Datadog,log_ingested,email-service,0.3691,prod,growth,2026-07-20T20:00:00Z,dd-org-main
Datadog,log_ingested,email-service,0.3619,prod,growth,2026-07-20T21:00:00Z,dd-org-main
Datadog,log_ingested,email-service,0.4185,prod,growth,2026-07-20T22:00:00Z,dd-org-main
Datadog,log_ingested,email-service,0.3779,prod,growth,2026-07-20T23:00:00Z,dd-org-main
Datadog,log_ingested,email-service,0.3523,prod,growth,2026-07-21T00:00:00Z,dd-org-main
Datadog,log_ingested,email-service,0.4119,prod,growth,2026-07-21T01:00:00Z,dd-org-main
Datadog,log_ingested,email-service,0.3520,prod,growth,2026-07-21T02:00:00Z,dd-org-main
Datadog,log_ingested,email-service,0.4156,prod,growth,2026-07-21T03:00:00Z,dd-org-main
Datadog,log_ingested,email-service,0.3564,prod,growth,2026-07-21T04:00:00Z,dd-org-main
Datadog,log_ingested,email-service,0.4135,prod,growth,2026-07-21T05:00:00Z,dd-org-main
Datadog,log_ingested,email-service,0.3776,prod,growth,2026-07-21T06:00:00Z,dd-org-main
Datadog,log_ingested,email-service,0.3708,prod,growth,2026-07-21T07:00:00Z,dd-org-main
Datadog,log_ingested,email-service,0.4689,prod,growth,2026-07-21T08:00:00Z,dd-org-main
Datadog,log_ingested,email-service,0.4538,prod,growth,2026-07-21T09:00:00Z,dd-org-main
Datadog,log_ingested,email-service,0.5701,prod,growth,2026-07-21T10:00:00Z,dd-org-main
Datadog,log_ingested,email-service,0.5184,prod,growth,2026-07-21T11:00:00Z,dd-org-main
Datadog,log_ingested,email-service,0.6456,prod,growth,2026-07-21T12:00:00Z,dd-org-main
Datadog,log_ingested,email-service,0.5494,prod,growth,2026-07-21T13:00:00Z,dd-org-main
Datadog,log_ingested,email-service,0.5395,prod,growth,2026-07-21T14:00:00Z,dd-org-main
Datadog,log_ingested,email-service,0.5141,prod,growth,2026-07-21T15:00:00Z,dd-org-main
Datadog,log_ingested,email-service,0.5993,prod,growth,2026-07-21T16:00:00Z,dd-org-main
Datadog,log_ingested,email-service,0.5459,prod,growth,2026-07-21T17:00:00Z,dd-org-main
Datadog,log_ingested,email-service,0.4707,prod,growth,2026-07-21T18:00:00Z,dd-org-main
Datadog,log_ingested,email-service,0.4105,prod,growth,2026-07-21T19:00:00Z,dd-org-main
Datadog,log_ingested,email-service,0.3864,prod,growth,2026-07-21T20:00:00Z,dd-org-main
Datadog,log_ingested,email-service,0.3709,prod,growth,2026-07-21T21:00:00Z,dd-org-main
Datadog,log_ingested,email-service,0.3993,prod,growth,2026-07-21T22:00:00Z,dd-org-main
Datadog,log_ingested,email-service,0.4311,prod,growth,2026-07-21T23:00:00Z,dd-org-main
Datadog,log_ingested,email-service,0.4047,prod,growth,2026-07-22T00:00:00Z,dd-org-main
Datadog,log_ingested,email-service,0.3574,prod,growth,2026-07-22T01:00:00Z,dd-org-main
Datadog,log_ingested,email-service,0.3711,prod,growth,2026-07-22T02:00:00Z,dd-org-main
Datadog,log_ingested,email-service,0.4029,prod,growth,2026-07-22T03:00:00Z,dd-org-main
Datadog,log_ingested,email-service,0.4030,prod,growth,2026-07-22T04:00:00Z,dd-org-main
Datadog,log_ingested,email-service,0.4252,prod,growth,2026-07-22T05:00:00Z,dd-org-main
Datadog,log_ingested,email-service,0.3681,prod,growth,2026-07-22T06:00:00Z,dd-org-main
Datadog,log_ingested,email-service,0.4230,prod,growth,2026-07-22T07:00:00Z,dd-org-main
Datadog,log_ingested,email-service,0.4478,prod,growth,2026-07-22T08:00:00Z,dd-org-main
Datadog,log_ingested,email-service,0.5509,prod,growth,2026-07-22T09:00:00Z,dd-org-main
Datadog,log_ingested,email-service,0.5162,prod,growth,2026-07-22T10:00:00Z,dd-org-main
Datadog,log_ingested,email-service,0.6101,prod,growth,2026-07-22T11:00:00Z,dd-org-main
Datadog,log_ingested,email-service,0.6104,prod,growth,2026-07-22T12:00:00Z,dd-org-main
Datadog,log_ingested,email-service,0.6498,prod,growth,2026-07-22T13:00:00Z,dd-org-main
Datadog,log_ingested,email-service,0.5591,prod,growth,2026-07-22T14:00:00Z,dd-org-main
Datadog,log_ingested,email-service,0.6396,prod,growth,2026-07-22T15:00:00Z,dd-org-main
Datadog,log_ingested,email-service,0.5212,prod,growth,2026-07-22T16:00:00Z,dd-org-main
Datadog,log_ingested,email-service,0.4887,prod,growth,2026-07-22T17:00:00Z,dd-org-main
Datadog,log_ingested,email-service,0.4883,prod,growth,2026-07-22T18:00:00Z,dd-org-main
Datadog,log_ingested,email-service,0.4205,prod,growth,2026-07-22T19:00:00Z,dd-org-main
Datadog,log_ingested,email-service,0.3927,prod,growth,2026-07-22T20:00:00Z,dd-org-main
Datadog,log_ingested,email-service,0.3851,prod,growth,2026-07-22T21:00:00Z,dd-org-main
Datadog,log_ingested,email-service,0.3873,prod,growth,2026-07-22T22:00:00Z,dd-org-main
Datadog,log_ingested,email-service,0.3836,prod,growth,2026-07-22T23:00:00Z,dd-org-main
Datadog,log_ingested,email-service,0.3769,prod,growth,2026-07-23T00:00:00Z,dd-org-main
Datadog,log_ingested,email-service,0.3816,prod,growth,2026-07-23T01:00:00Z,dd-org-main
Datadog,log_ingested,email-service,0.4295,prod,growth,2026-07-23T02:00:00Z,dd-org-main
Datadog,log_ingested,email-service,0.4346,prod,growth,2026-07-23T03:00:00Z,dd-org-main
Datadog,log_ingested,email-service,0.3876,prod,growth,2026-07-23T04:00:00Z,dd-org-main
Datadog,log_ingested,email-service,0.4232,prod,growth,2026-07-23T05:00:00Z,dd-org-main
Datadog,log_ingested,email-service,0.3954,prod,growth,2026-07-23T06:00:00Z,dd-org-main
Datadog,log_ingested,email-service,0.4394,prod,growth,2026-07-23T07:00:00Z,dd-org-main
Datadog,log_ingested,email-service,0.4245,prod,growth,2026-07-23T08:00:00Z,dd-org-main
Datadog,log_ingested,email-service,0.5338,prod,growth,2026-07-23T09:00:00Z,dd-org-main
Datadog,log_ingested,email-service,0.5882,prod,growth,2026-07-23T10:00:00Z,dd-org-main
Datadog,log_ingested,email-service,0.6083,prod,growth,2026-07-23T11:00:00Z,dd-org-main
Datadog,log_ingested,email-service,0.6188,prod,growth,2026-07-23T12:00:00Z,dd-org-main
Datadog,log_ingested,email-service,0.6857,prod,growth,2026-07-23T13:00:00Z,dd-org-main
Datadog,log_ingested,email-service,0.5683,prod,growth,2026-07-23T14:00:00Z,dd-org-main
Datadog,log_ingested,email-service,0.5948,prod,growth,2026-07-23T15:00:00Z,dd-org-main
Datadog,log_ingested,email-service,0.6164,prod,growth,2026-07-23T16:00:00Z,dd-org-main
Datadog,log_ingested,email-service,0.5208,prod,growth,2026-07-23T17:00:00Z,dd-org-main
Datadog,log_ingested,email-service,0.5059,prod,growth,2026-07-23T18:00:00Z,dd-org-main
Datadog,log_ingested,email-service,0.4358,prod,growth,2026-07-23T19:00:00Z,dd-org-main
Datadog,log_ingested,email-service,0.4380,prod,growth,2026-07-23T20:00:00Z,dd-org-main
Datadog,log_ingested,email-service,0.3988,prod,growth,2026-07-23T21:00:00Z,dd-org-main
Datadog,log_ingested,email-service,0.4446,prod,growth,2026-07-23T22:00:00Z,dd-org-main
Datadog,log_ingested,email-service,0.4475,prod,growth,2026-07-23T23:00:00Z,dd-org-main
Datadog,log_ingested,email-service,0.3917,prod,growth,2026-07-24T00:00:00Z,dd-org-main
Datadog,log_ingested,email-service,0.3718,prod,growth,2026-07-24T01:00:00Z,dd-org-main
Datadog,log_ingested,email-service,0.4081,prod,growth,2026-07-24T02:00:00Z,dd-org-main
Datadog,log_ingested,email-service,0.4479,prod,growth,2026-07-24T03:00:00Z,dd-org-main
Datadog,log_ingested,email-service,0.4277,prod,growth,2026-07-24T04:00:00Z,dd-org-main
Datadog,log_ingested,email-service,0.4270,prod,growth,2026-07-24T05:00:00Z,dd-org-main
Datadog,log_ingested,email-service,0.3927,prod,growth,2026-07-24T06:00:00Z,dd-org-main
Datadog,log_ingested,email-service,0.3977,prod,growth,2026-07-24T07:00:00Z,dd-org-main
Datadog,log_ingested,email-service,0.4376,prod,growth,2026-07-24T08:00:00Z,dd-org-main
Datadog,log_ingested,email-service,0.4929,prod,growth,2026-07-24T09:00:00Z,dd-org-main
Datadog,log_ingested,email-service,0.5180,prod,growth,2026-07-24T10:00:00Z,dd-org-main
Datadog,log_ingested,email-service,0.6001,prod,growth,2026-07-24T11:00:00Z,dd-org-main
Datadog,log_ingested,email-service,0.5847,prod,growth,2026-07-24T12:00:00Z,dd-org-main
Datadog,log_ingested,email-service,0.6411,prod,growth,2026-07-24T13:00:00Z,dd-org-main
Datadog,log_ingested,email-service,0.6422,prod,growth,2026-07-24T14:00:00Z,dd-org-main
Datadog,log_ingested,email-service,0.6161,prod,growth,2026-07-24T15:00:00Z,dd-org-main
Datadog,log_ingested,email-service,0.6161,prod,growth,2026-07-24T16:00:00Z,dd-org-main
Datadog,log_ingested,email-service,0.5403,prod,growth,2026-07-24T17:00:00Z,dd-org-main
Datadog,log_ingested,email-service,0.4310,prod,growth,2026-07-24T18:00:00Z,dd-org-main
Datadog,log_ingested,email-service,0.3981,prod,growth,2026-07-24T19:00:00Z,dd-org-main
Datadog,log_ingested,email-service,0.4440,prod,growth,2026-07-24T20:00:00Z,dd-org-main
Datadog,log_ingested,email-service,0.4533,prod,growth,2026-07-24T21:00:00Z,dd-org-main
Datadog,log_ingested,email-service,0.3749,prod,growth,2026-07-24T22:00:00Z,dd-org-main
Datadog,log_ingested,email-service,0.3786,prod,growth,2026-07-24T23:00:00Z,dd-org-main
Datadog,log_ingested,email-service,0.2622,prod,growth,2026-07-25T00:00:00Z,dd-org-main
Datadog,log_ingested,email-service,0.3177,prod,growth,2026-07-25T01:00:00Z,dd-org-main
Datadog,log_ingested,email-service,0.2794,prod,growth,2026-07-25T02:00:00Z,dd-org-main
Datadog,log_ingested,email-service,0.3093,prod,growth,2026-07-25T03:00:00Z,dd-org-main
Datadog,log_ingested,email-service,0.2795,prod,growth,2026-07-25T04:00:00Z,dd-org-main
Datadog,log_ingested,email-service,0.3173,prod,growth,2026-07-25T05:00:00Z,dd-org-main
Datadog,log_ingested,email-service,0.2793,prod,growth,2026-07-25T06:00:00Z,dd-org-main
Datadog,log_ingested,email-service,0.2904,prod,growth,2026-07-25T07:00:00Z,dd-org-main
Datadog,log_ingested,email-service,0.3422,prod,growth,2026-07-25T08:00:00Z,dd-org-main
Datadog,log_ingested,email-service,0.3754,prod,growth,2026-07-25T09:00:00Z,dd-org-main
Datadog,log_ingested,email-service,0.4173,prod,growth,2026-07-25T10:00:00Z,dd-org-main
Datadog,log_ingested,email-service,0.4512,prod,growth,2026-07-25T11:00:00Z,dd-org-main
Datadog,log_ingested,email-service,0.4800,prod,growth,2026-07-25T12:00:00Z,dd-org-main
Datadog,log_ingested,email-service,0.5004,prod,growth,2026-07-25T13:00:00Z,dd-org-main
Datadog,log_ingested,email-service,0.4548,prod,growth,2026-07-25T14:00:00Z,dd-org-main
Datadog,log_ingested,email-service,0.3904,prod,growth,2026-07-25T15:00:00Z,dd-org-main
Datadog,log_ingested,email-service,0.3737,prod,growth,2026-07-25T16:00:00Z,dd-org-main
Datadog,log_ingested,email-service,0.3539,prod,growth,2026-07-25T17:00:00Z,dd-org-main
Datadog,log_ingested,email-service,0.3317,prod,growth,2026-07-25T18:00:00Z,dd-org-main
Datadog,log_ingested,email-service,0.3138,prod,growth,2026-07-25T19:00:00Z,dd-org-main
Datadog,log_ingested,email-service,0.2805,prod,growth,2026-07-25T20:00:00Z,dd-org-main
Datadog,log_ingested,email-service,0.3127,prod,growth,2026-07-25T21:00:00Z,dd-org-main
Datadog,log_ingested,email-service,0.3183,prod,growth,2026-07-25T22:00:00Z,dd-org-main
Datadog,log_ingested,email-service,0.3065,prod,growth,2026-07-25T23:00:00Z,dd-org-main
Datadog,log_ingested,email-service,0.3159,prod,growth,2026-07-26T00:00:00Z,dd-org-main
Datadog,log_ingested,email-service,0.3027,prod,growth,2026-07-26T01:00:00Z,dd-org-main
Datadog,log_ingested,email-service,0.3086,prod,growth,2026-07-26T02:00:00Z,dd-org-main
Datadog,log_ingested,email-service,0.2917,prod,growth,2026-07-26T03:00:00Z,dd-org-main
Datadog,log_ingested,email-service,0.2768,prod,growth,2026-07-26T04:00:00Z,dd-org-main
Datadog,log_ingested,email-service,0.2999,prod,growth,2026-07-26T05:00:00Z,dd-org-main
Datadog,log_ingested,email-service,0.3106,prod,growth,2026-07-26T06:00:00Z,dd-org-main
Datadog,log_ingested,email-service,0.3228,prod,growth,2026-07-26T07:00:00Z,dd-org-main
Datadog,log_ingested,email-service,0.3183,prod,growth,2026-07-26T08:00:00Z,dd-org-main
Datadog,log_ingested,email-service,0.3639,prod,growth,2026-07-26T09:00:00Z,dd-org-main
Datadog,log_ingested,email-service,0.4256,prod,growth,2026-07-26T10:00:00Z,dd-org-main
Datadog,log_ingested,email-service,0.4630,prod,growth,2026-07-26T11:00:00Z,dd-org-main
Datadog,log_ingested,email-service,0.4446,prod,growth,2026-07-26T12:00:00Z,dd-org-main
Datadog,log_ingested,email-service,0.4420,prod,growth,2026-07-26T13:00:00Z,dd-org-main
Datadog,log_ingested,email-service,0.4144,prod,growth,2026-07-26T14:00:00Z,dd-org-main
Datadog,log_ingested,email-service,0.4337,prod,growth,2026-07-26T15:00:00Z,dd-org-main
